review,rating,date,bank,source,sentiment_label,sentiment_score,themes
"""Why don’t your ATMs support account-to-account transfers like other countries( Kenya, Nigeria , South africa)""",4,2025-06-06,CBE,Google Play Store,NEGATIVE,0.9964652061462402,"login_issues, transactions, customer_support"
what is this app problem???,1,2025-06-05,CBE,Google Play Store,NEGATIVE,0.9996225833892822,other
the app is proactive and a good connections.,5,2025-06-05,CBE,Google Play Store,POSITIVE,0.9998679161071777,other
I cannot send to cbebirr app. through this app.,3,2025-06-05,CBE,Google Play Store,NEGATIVE,0.9953354001045227,other
good,4,2025-06-05,CBE,Google Play Store,POSITIVE,0.9998161196708679,other
not functional,1,2025-06-05,CBE,Google Play Store,NEGATIVE,0.999778687953949,other
"everytime you uninstall the app you have to reach them out physically. very oldy! if that's one of security layer, they'd check for fraud attempt via app source directly(source:- app store, play store ... etc) implicitly ! we are in 2025, physical presence for every app install is traditional(traditionally very rare).",1,2025-06-04,CBE,Google Play Store,NEGATIVE,0.9905161261558533,other
አካውንት የምናስገባበት ቦታ ስም ጽፈን ነው ከዚህ በፊት የላክንባቸውን አካዉንቶች የምንፈልገዉ ነገር ግን አዲስ አካውንቶች mr ብለዉ የሚጀምሩ በዝተዋል ግን አፕልኬሽኑ space ስንጽፍ አይቀበልም ቢስተካከል,4,2025-06-04,CBE,Google Play Store,NEGATIVE,0.9616847634315491,other
best,5,2025-06-04,CBE,Google Play Store,POSITIVE,0.9997941851615906,other
bezabih,5,2025-06-04,CBE,Google Play Store,POSITIVE,0.9654073715209961,other
Best Mobile Banking app ever,5,2025-06-04,CBE,Google Play Store,POSITIVE,0.9997294545173645,other
it was good app but it have some issues like it doesnt give me the right amount that I have in the bank and have some issues in transferring,2,2025-06-04,CBE,Google Play Store,NEGATIVE,0.9981192946434021,transactions
Good,5,2025-06-04,CBE,Google Play Store,POSITIVE,0.9998161196708679,other
👌👍,5,2025-06-04,CBE,Google Play Store,NEGATIVE,0.6970561742782593,other
very niec,5,2025-06-04,CBE,Google Play Store,POSITIVE,0.5192607641220093,other
best app of finance,5,2025-06-04,CBE,Google Play Store,POSITIVE,0.9996503591537476,other
yetemeta,1,2025-06-03,CBE,Google Play Store,POSITIVE,0.655366837978363,other
Engida Kebede Fetera,5,2025-06-03,CBE,Google Play Store,NEGATIVE,0.8396733403205872,other
it is not safety,1,2025-06-03,CBE,Google Play Store,NEGATIVE,0.9997867941856384,other
NICE bank,5,2025-06-03,CBE,Google Play Store,POSITIVE,0.9998055100440979,other
it is like a childish app make it better the worst I have ever seen,1,2025-06-02,CBE,Google Play Store,NEGATIVE,0.9997958540916443,other
"It's a problem solver application, go ahead CBE, I love so much.",5,2025-06-02,CBE,Google Play Store,POSITIVE,0.9997678399085999,other
It's good but try to make it facilitate for your client,4,2025-06-02,CBE,Google Play Store,POSITIVE,0.9491762518882751,other
best app,5,2025-06-01,CBE,Google Play Store,POSITIVE,0.999686598777771,other
Awesome bank,5,2025-06-01,CBE,Google Play Store,POSITIVE,0.9998461008071899,other
this app has developed in a very good ways but there are some comments I need to make 1- preventing the screenshot likely not good for someone like me coz I need to make screenshot for quicker evidence. 2-it would be good if you make us to access recent transaction histories for 30 days coz we don't have to go to the Bank's in person to see old transactions or add colander category so user can easily access old transactions through colanders.,5,2025-05-31,CBE,Google Play Store,NEGATIVE,0.9983141422271729,"login_issues, transactions"
Masha alla,5,2025-05-31,CBE,Google Play Store,NEGATIVE,0.9514630436897278,other
"Recently there is big problem when sending to safaricom, telebir, and even to cbebirr wallet could anybody who is responsible fix it, it's very frustrating it's been 5 days and my money hasn't been returned it takes it out of my account but doesn't send it to my mpesa update- they have just corrected it and sent me back the money but still I'm afraid now to send again",2,2025-05-31,CBE,Google Play Store,NEGATIVE,0.9991102814674377,"login_issues, transactions"
better service,5,2025-05-31,CBE,Google Play Store,POSITIVE,0.9982219338417053,customer_support
"it,s good app and time manager 👍",5,2025-05-30,CBE,Google Play Store,POSITIVE,0.9998370409011841,other
malkaamuu Jiidhaa Namoo,5,2025-05-30,CBE,Google Play Store,NEGATIVE,0.9887813329696655,other
lower system everything,3,2025-05-30,CBE,Google Play Store,NEGATIVE,0.9993475079536438,other
Nice!,5,2025-05-30,CBE,Google Play Store,POSITIVE,0.999863862991333,other
Keep it up My CBE,5,2025-05-29,CBE,Google Play Store,POSITIVE,0.9996104836463928,other
yes good,5,2025-05-28,CBE,Google Play Store,POSITIVE,0.9998410940170288,other
"I was using this app for the last two years with no problems. It stopped working about 3 months ago. when I tried to transfer funds it gives me error ""can't do this transaction. inactive account.""",4,2025-05-27,CBE,Google Play Store,NEGATIVE,0.9996353387832642,"login_issues, transactions, bugs"
i like everything of this app,5,2025-05-27,CBE,Google Play Store,POSITIVE,0.9996908903121948,other
🤬🤬🤬🤬 network 🛜,1,2025-05-26,CBE,Google Play Store,NEGATIVE,0.6856120228767395,other
Best,5,2025-05-26,CBE,Google Play Store,POSITIVE,0.9997941851615906,other
CBE is the best financial application and and very dimple to use. I would like to say thank you so much for the developer of application. I really appreciate this app.,5,2025-05-26,CBE,Google Play Store,POSITIVE,0.9982792139053345,other
nice,5,2025-05-26,CBE,Google Play Store,POSITIVE,0.9998552799224854,other
good job,5,2025-05-26,CBE,Google Play Store,POSITIVE,0.999835729598999,other
it's awesome!!,5,2025-05-25,CBE,Google Play Store,POSITIVE,0.999871015548706,other
thankyou every one,5,2025-05-25,CBE,Google Play Store,POSITIVE,0.9998461008071899,other
Ronaldo 🇵🇹 🥇,5,2025-05-25,CBE,Google Play Store,POSITIVE,0.9948287606239319,other
"this app is absolutely fantastic I love it and I enjoying to it ,let us support this foundation together .",5,2025-05-25,CBE,Google Play Store,POSITIVE,0.9998852014541626,customer_support
"The CBE app has been highly unreliable in recent weeks. It frequently fails to work properly on both Ethio Telecom and Safaricom networks, whether using Wi-Fi or mobile data. This week, the system was down entirely for extended periods, making it very difficult to access banking services. The app only functions intermittently, and the lack of consistency is frustrating. I hope the issues are addressed soon, and that any non-technical influences are removed from such essential services.",2,2025-05-25,CBE,Google Play Store,NEGATIVE,0.9997394680976868,"login_issues, customer_support"
mortuary app,5,2025-05-25,CBE,Google Play Store,NEGATIVE,0.7924906611442566,other
it is smart app but it has stoped after some period of time on my device with out any reason .,5,2025-05-25,CBE,Google Play Store,NEGATIVE,0.9961044788360596,other
amazing app I am used this app for one year,4,2025-05-24,CBE,Google Play Store,POSITIVE,0.9991408586502075,other
👍,5,2025-05-24,CBE,Google Play Store,NEGATIVE,0.6970561742782593,other
good app,5,2025-05-24,CBE,Google Play Store,POSITIVE,0.9998493194580078,other
i love it 😍😘,5,2025-05-24,CBE,Google Play Store,POSITIVE,0.9998791217803955,other
It makes life easy!👌,5,2025-05-24,CBE,Google Play Store,POSITIVE,0.9993600249290466,other
its not fast,1,2025-05-24,CBE,Google Play Store,NEGATIVE,0.9949808716773987,performance
wow,4,2025-05-24,CBE,Google Play Store,POSITIVE,0.999592125415802,other
it is sooo good,5,2025-05-24,CBE,Google Play Store,POSITIVE,0.9998735189437866,other
excellent,5,2025-05-24,CBE,Google Play Store,POSITIVE,0.9998434782028198,other
ok,1,2025-05-24,CBE,Google Play Store,POSITIVE,0.9997851252555847,other
Fantastic,5,2025-05-23,CBE,Google Play Store,POSITIVE,0.9998743534088135,other
accessible to using,5,2025-05-23,CBE,Google Play Store,POSITIVE,0.999116837978363,login_issues
I like it,4,2025-05-23,CBE,Google Play Store,POSITIVE,0.9998593330383301,other
why you change default network?,5,2025-05-23,CBE,Google Play Store,NEGATIVE,0.9962357878684998,other
very nice 👍,5,2025-05-23,CBE,Google Play Store,POSITIVE,0.9998577833175659,other
nice fast app,5,2025-05-23,CBE,Google Play Store,POSITIVE,0.999833345413208,performance
how to I get my money,5,2025-05-23,CBE,Google Play Store,NEGATIVE,0.9934091567993164,other
"Very bad, can't even load they need to improve their services.",1,2025-05-22,CBE,Google Play Store,NEGATIVE,0.9998165965080261,customer_support
"Very good app, but please make it reliable . it crashes sometimes .",4,2025-05-22,CBE,Google Play Store,POSITIVE,0.9649855494499207,bugs
very busy I don't know why... I prefer 889,3,2025-05-22,CBE,Google Play Store,NEGATIVE,0.9991938471794128,other
"Sometimes it has a nasty lag for several hour fix that , the rest is 👌",4,2025-05-22,CBE,Google Play Store,NEGATIVE,0.9966771602630615,performance
the most boring Mobil banking application in ethiopia.Please use alternative private banks mobile banking apps,1,2025-05-22,CBE,Google Play Store,NEGATIVE,0.9986202716827393,other
hojii bonsaadha,5,2025-05-22,CBE,Google Play Store,POSITIVE,0.9568662047386169,other
user-friendly apps.because this app is easy.,5,2025-05-22,CBE,Google Play Store,POSITIVE,0.955450713634491,ui_ux
Awosome!!!,5,2025-05-22,CBE,Google Play Store,POSITIVE,0.6944929361343384,other
"Very good app,",5,2025-05-22,CBE,Google Play Store,POSITIVE,0.9998691082000732,other
sync problem may 22 2025 but the date stack on may 8 2025 help pls,5,2025-05-22,CBE,Google Play Store,NEGATIVE,0.992516815662384,customer_support
ይህ መተግበሪያ በጣም ጥሩ ነው. this app is very nice,5,2025-05-22,CBE,Google Play Store,POSITIVE,0.9997020363807678,other
I hate this app 😒,1,2025-05-22,CBE,Google Play Store,NEGATIVE,0.9996378421783447,other
trustful,5,2025-05-22,CBE,Google Play Store,POSITIVE,0.9998213648796082,other
I like,5,2025-05-22,CBE,Google Play Store,POSITIVE,0.9998149275779724,other
update issue,4,2025-05-22,CBE,Google Play Store,POSITIVE,0.5473291873931885,other
its not working over safari network,1,2025-05-22,CBE,Google Play Store,NEGATIVE,0.9991377592086792,other
oldie,1,2025-05-22,CBE,Google Play Store,NEGATIVE,0.6663169860839844,other
it doesn't work,1,2025-05-21,CBE,Google Play Store,NEGATIVE,0.9997813105583191,other
"This app is good, and we are using it well",1,2025-05-21,CBE,Google Play Store,POSITIVE,0.999855637550354,other
very nice 👌 app for android phone,5,2025-05-21,CBE,Google Play Store,POSITIVE,0.9994401335716248,other
Yes Yes,5,2025-05-21,CBE,Google Play Store,POSITIVE,0.9997482895851135,other
በጣም ከርፋፋ,1,2025-05-21,CBE,Google Play Store,NEGATIVE,0.7850580215454102,other
easy to use helpful in my life,5,2025-05-21,CBE,Google Play Store,POSITIVE,0.9981144666671753,customer_support
good 👍,4,2025-05-21,CBE,Google Play Store,POSITIVE,0.9998576641082764,other
the best mobile banking app,5,2025-05-21,CBE,Google Play Store,POSITIVE,0.9998278617858887,other
"this app is very useful app,it saves time,and it is secure",4,2025-05-21,CBE,Google Play Store,POSITIVE,0.9992597699165344,other
it's a good application 👍,5,2025-05-21,CBE,Google Play Store,POSITIVE,0.9998123049736023,other
the screenshot and the reffresh options are so annoying that makes transaction so delaying activity !,2,2025-05-21,CBE,Google Play Store,NEGATIVE,0.9997513890266418,transactions
poor service,1,2025-05-21,CBE,Google Play Store,NEGATIVE,0.9996534585952759,customer_support
amazing,5,2025-05-20,CBE,Google Play Store,POSITIVE,0.999875545501709,other
it is reliable and easy to use.,5,2025-05-20,CBE,Google Play Store,POSITIVE,0.9998389482498169,other
the most annoying mobile banking app I've ever seen,1,2025-05-20,CBE,Google Play Store,NEGATIVE,0.9994208812713623,other
Cbe mobile banking,5,2025-05-20,CBE,Google Play Store,POSITIVE,0.8304276466369629,other
"i can't make Screenshout in this app, please made modification",5,2025-05-20,CBE,Google Play Store,NEGATIVE,0.9966920614242554,other
Best app I loved it,5,2025-05-19,CBE,Google Play Store,POSITIVE,0.999849796295166,other
nice app,5,2025-05-19,CBE,Google Play Store,POSITIVE,0.9998061060905457,other
Amazing applicatiom sometimes doesnt work!,5,2025-05-18,CBE,Google Play Store,NEGATIVE,0.6448798179626465,bugs
well satisfied with this beautiful app,5,2025-05-18,CBE,Google Play Store,POSITIVE,0.9998588562011719,other
very good,4,2025-05-17,CBE,Google Play Store,POSITIVE,0.9998520612716675,other
best app.,5,2025-05-17,CBE,Google Play Store,POSITIVE,0.999774158000946,other
"not working,why???",5,2025-05-17,CBE,Google Play Store,NEGATIVE,0.9995881915092468,other
Great impact but why Developer option turnoff if you fix 🙏 🙏 🙏,5,2025-05-17,CBE,Google Play Store,NEGATIVE,0.9841781258583069,other
always disappointing ! especially the iOS one !! some similar local applications are extremely superior to this application!! Really disappointing!,1,2025-05-17,CBE,Google Play Store,NEGATIVE,0.9996201992034912,other
woxe harimo ribiso,5,2025-05-17,CBE,Google Play Store,NEGATIVE,0.9374372959136963,other
"Good ,easy to use",5,2025-05-16,CBE,Google Play Store,POSITIVE,0.9998592138290405,other
Good app,5,2025-05-15,CBE,Google Play Store,POSITIVE,0.9998493194580078,other
Good job👍,5,2025-05-14,CBE,Google Play Store,POSITIVE,0.9998576641082764,other
"Please kindly ask to update the app and allow us to screenshot, it's convenient and efficient as long as you add security to the access there is no reason to block us from screenshooting our screen.",2,2025-05-14,CBE,Google Play Store,POSITIVE,0.9939067959785461,login_issues
I have using the CBE mobile banking app. and overall i appreciate its Feuteres However i.ve Notticed that when i turn on the Developer options on my divice the App.Stop Functioning prorerly It.Would Be Great If You could look into This issue as l often need to access Developer setting for Otter Application ThankYou For Your attention to This Matter,4,2025-05-13,CBE,Google Play Store,NEGATIVE,0.9474111795425415,login_issues
customer service is bad nothing is good about this bank,1,2025-05-13,CBE,Google Play Store,NEGATIVE,0.9996613264083862,customer_support
It is Amazing Mobile Banking App....But why the screenshot of the receipt doesnt work,5,2025-05-13,CBE,Google Play Store,NEGATIVE,0.992915153503418,bugs
fast and simple easy to use 👌,5,2025-05-12,CBE,Google Play Store,POSITIVE,0.9984942674636841,performance
The fastest transferring app I ever had its so reliable,5,2025-05-11,CBE,Google Play Store,POSITIVE,0.9844427704811096,"performance, transactions"
"Funds transferred from the same bank do not reflect in the account, even though a confirmation text message was received.",3,2025-05-11,CBE,Google Play Store,NEGATIVE,0.9986681938171387,"login_issues, transactions"
it's easy and fast,5,2025-05-10,CBE,Google Play Store,POSITIVE,0.9995684027671814,performance
This app don't have self activation only you have to look near cbe branch that's disgusting,1,2025-05-10,CBE,Google Play Store,NEGATIVE,0.9960438013076782,other
hello dearest CBE office personnel make some benefits for those using interest free accounts thanks for your help,5,2025-05-09,CBE,Google Play Store,POSITIVE,0.999572217464447,"login_issues, customer_support"
wow best application ever,5,2025-05-09,CBE,Google Play Store,POSITIVE,0.9997984766960144,other
"Am sorry but what does developer mode do to the application ? hack it ? are you sure you are developer or are you stupid, doesnt makes sense,",1,2025-05-08,CBE,Google Play Store,NEGATIVE,0.9997019171714783,other
the pride of Ethiopian bank 🏦,5,2025-05-08,CBE,Google Play Store,POSITIVE,0.999118983745575,other
why the app telling me to turn of developer options please fix it.,1,2025-05-07,CBE,Google Play Store,NEGATIVE,0.9990994930267334,other
i am very happy . i have small prob. after i transfer i cant put the transfer cashe bil to my dic.,5,2025-05-07,CBE,Google Play Store,POSITIVE,0.9976927042007446,transactions
amazing apps,5,2025-05-06,CBE,Google Play Store,POSITIVE,0.9998716115951538,other
All service of Mobile Banking,5,2025-05-06,CBE,Google Play Store,POSITIVE,0.8924257159233093,customer_support
needs improvement,1,2025-05-06,CBE,Google Play Store,NEGATIVE,0.9966731071472168,other
i miss the old one i couldn't send my mony to other bank..,1,2025-05-06,CBE,Google Play Store,NEGATIVE,0.995843231678009,other
the app is recently crushing each time you open and try to make transfers...it used to be good. take lessons from the Dashen Super app or ethiotelecom. it is not befitting of your experience and glory. inv3st in making it more friendly and convenient. I am considering leaving CBE for good.,2,2025-05-06,CBE,Google Play Store,NEGATIVE,0.9984410405158997,transactions
good but these week not oky,4,2025-05-06,CBE,Google Play Store,NEGATIVE,0.9554157853126526,other
well designed! Fixing bugs & two step verification with biometric... simply it's great!,5,2025-05-06,CBE,Google Play Store,POSITIVE,0.9998049139976501,"ui_ux, bugs"
If any developer is reading this please fix the screenshot functionality or at least the download button should work flawlessly without me touching it twenty times.,1,2025-05-05,CBE,Google Play Store,NEGATIVE,0.9975224137306213,other
"it's a great job.but one more thing, it hasn't been placed for transfer to other banks on face like mobile charge card place",5,2025-05-05,CBE,Google Play Store,POSITIVE,0.8991121053695679,transactions
CBE mobilr bankg,5,2025-05-05,CBE,Google Play Store,POSITIVE,0.8703050017356873,other
verygood,3,2025-05-05,CBE,Google Play Store,POSITIVE,0.9988996982574463,other
ممتاز جدا,5,2025-05-04,CBE,Google Play Store,NEGATIVE,0.8031755685806274,other
it's very low quality application,1,2025-05-04,CBE,Google Play Store,NEGATIVE,0.9996594190597534,other
Very Amazing Apps,5,2025-05-04,CBE,Google Play Store,POSITIVE,0.9998774528503418,other
አዛ,1,2025-05-04,CBE,Google Play Store,NEGATIVE,0.6970561742782593,other
wow simple life,5,2025-05-04,CBE,Google Play Store,POSITIVE,0.9997076392173767,other
it's nice,5,2025-05-03,CBE,Google Play Store,POSITIVE,0.9998672008514404,other
Why stacked sometimes,5,2025-05-03,CBE,Google Play Store,NEGATIVE,0.9941051006317139,other
okay 👍 but sometimes busy,1,2025-05-03,CBE,Google Play Store,NEGATIVE,0.8515545725822449,other
the worst commercial company that fails to do even the most normal things again and and again.,1,2025-05-03,CBE,Google Play Store,NEGATIVE,0.9997990727424622,other
Very good app. but disappointed by general cessation of system.,5,2025-05-02,CBE,Google Play Store,NEGATIVE,0.9981188178062439,other
Good and fast,5,2025-05-02,CBE,Google Play Store,POSITIVE,0.9998561143875122,performance
Unreliable!,1,2025-05-02,CBE,Google Play Store,NEGATIVE,0.9997379183769226,other
Best the best fast,5,2025-05-02,CBE,Google Play Store,POSITIVE,0.9998427629470825,performance
happy,5,2025-05-02,CBE,Google Play Store,POSITIVE,0.9998753070831299,other
fast and reliable,5,2025-05-02,CBE,Google Play Store,POSITIVE,0.9998595714569092,performance
network errorrrrrr,2,2025-05-02,CBE,Google Play Store,NEGATIVE,0.9978076815605164,bugs
Best app but there is some problem I can't send money to telebirr or mpesa so if you can add that it could be use full,4,2025-05-02,CBE,Google Play Store,NEGATIVE,0.9982808828353882,transactions
its good and simple to use,5,2025-05-02,CBE,Google Play Store,POSITIVE,0.9998610019683838,other
worest app like that bank for security and network access,1,2025-05-02,CBE,Google Play Store,NEGATIVE,0.9927296042442322,login_issues
it's the best app i,5,2025-05-02,CBE,Google Play Store,POSITIVE,0.999834418296814,other
not bad not good,1,2025-05-02,CBE,Google Play Store,NEGATIVE,0.9715348482131958,other
its very nice,5,2025-05-02,CBE,Google Play Store,POSITIVE,0.9998526573181152,other
do not work this week,3,2025-04-30,CBE,Google Play Store,NEGATIVE,0.9977602958679199,other
It crashes frequently,4,2025-04-30,CBE,Google Play Store,NEGATIVE,0.9993256330490112,bugs
the best,5,2025-04-28,CBE,Google Play Store,POSITIVE,0.9998332262039185,other
"I can simply describe this app as ""Making all your work easier"".",5,2025-04-28,CBE,Google Play Store,POSITIVE,0.8382573127746582,other
goid,5,2025-04-28,CBE,Google Play Store,NEGATIVE,0.7087003588676453,other
best appearance,5,2025-04-27,CBE,Google Play Store,POSITIVE,0.9996986389160156,other
it's very good 👍 app,5,2025-04-27,CBE,Google Play Store,POSITIVE,0.999859094619751,other
I need support you,5,2025-04-27,CBE,Google Play Store,NEGATIVE,0.9881442785263062,customer_support
the worst Mobile banking i have ever seen in my life,1,2025-04-26,CBE,Google Play Store,NEGATIVE,0.9997807145118713,other
super,5,2025-04-26,CBE,Google Play Store,POSITIVE,0.998783528804779,other
ጠጀጨገጀ።ጀገ,5,2025-04-26,CBE,Google Play Store,NEGATIVE,0.8337246179580688,other
i like the app,5,2025-04-26,CBE,Google Play Store,POSITIVE,0.9994398951530457,other
the Best,1,2025-04-26,CBE,Google Play Store,POSITIVE,0.9998332262039185,other
to other bank is bad,1,2025-04-25,CBE,Google Play Store,NEGATIVE,0.9997149109840393,other
tank's,5,2025-04-25,CBE,Google Play Store,NEGATIVE,0.9855976700782776,other
its good but add more features such like. bank statement showing,5,2025-04-24,CBE,Google Play Store,POSITIVE,0.9881664514541626,other
it is so nice,5,2025-04-24,CBE,Google Play Store,POSITIVE,0.9998714923858643,other
Very Good👍,5,2025-04-21,CBE,Google Play Store,POSITIVE,0.8243645429611206,other
"my first frequent experience of cbe app is critical-time failure such as suspending payment on air for 2-5 days with zero explanation, deducting from sender account without depositing to the receiver act. Another fatal error by the banking company as a whole (not the app itself though) is forced-banking with corporations without consent of employers-users of the corresponding corporations",2,2025-04-21,CBE,Google Play Store,NEGATIVE,0.9995972514152527,"login_issues, transactions, bugs"
"wow, amazing app",5,2025-04-21,CBE,Google Play Store,POSITIVE,0.9998503923416138,other
use ful,5,2025-04-21,CBE,Google Play Store,NEGATIVE,0.9949980974197388,other
Great app,5,2025-04-21,CBE,Google Play Store,POSITIVE,0.999821126461029,other
well app,5,2025-04-20,CBE,Google Play Store,POSITIVE,0.9993765950202942,other
Actually it is inactive,4,2025-04-19,CBE,Google Play Store,NEGATIVE,0.9996483325958252,other
"slow, only one account is used",2,2025-04-19,CBE,Google Play Store,NEGATIVE,0.9997527003288269,"login_issues, performance"
always CBE is the leading Commercial Bank💪💪💪,5,2025-04-18,CBE,Google Play Store,POSITIVE,0.9975135326385498,other
i like it,5,2025-04-18,CBE,Google Play Store,POSITIVE,0.9998593330383301,other
why removing screenshot feature why?,1,2025-04-18,CBE,Google Play Store,NEGATIVE,0.9981147050857544,other
nice apps where network is good in connection,5,2025-04-18,CBE,Google Play Store,POSITIVE,0.9994925260543823,other
Thank you!!!,5,2025-04-18,CBE,Google Play Store,POSITIVE,0.9998666048049927,other
i can't take screenshot,1,2025-04-18,CBE,Google Play Store,NEGATIVE,0.9897894263267517,other
"every update was made the system better and better until the March 19th, 2025 update, not allowing us to screenshot. you guys didn't understand how much it's a really quick and significant thing. You add extra steps to us, which makes the process draw back",3,2025-04-18,CBE,Google Play Store,NEGATIVE,0.9861213564872742,other
perfectly special,5,2025-04-18,CBE,Google Play Store,POSITIVE,0.999879002571106,other
Fast and Reliable,5,2025-04-18,CBE,Google Play Store,POSITIVE,0.9998595714569092,performance
The best application I have ever seen in Ethiopia banking industry.,5,2025-04-17,CBE,Google Play Store,POSITIVE,0.9997448325157166,other
great app!!!,5,2025-04-17,CBE,Google Play Store,POSITIVE,0.9998501539230347,other
because sometimes it doesn't working it load too much,3,2025-04-17,CBE,Google Play Store,NEGATIVE,0.9911931157112122,other
"Absolutely the best app! It works flawlessly, anytime and anywhere.",5,2025-04-17,CBE,Google Play Store,POSITIVE,0.9998784065246582,other
very nice app ever!!!,5,2025-04-16,CBE,Google Play Store,POSITIVE,0.999826967716217,other
the best app,5,2025-04-16,CBE,Google Play Store,POSITIVE,0.9998469352722168,other
Biometric security for mobile banking is not available,5,2025-04-16,CBE,Google Play Store,NEGATIVE,0.9996340274810791,other
great,5,2025-04-15,CBE,Google Play Store,POSITIVE,0.9998630285263062,other
Nice service,5,2025-04-15,CBE,Google Play Store,POSITIVE,0.9998397827148438,customer_support
great app,5,2025-04-15,CBE,Google Play Store,POSITIVE,0.999821126461029,other
it's special apps,5,2025-04-15,CBE,Google Play Store,POSITIVE,0.9995416402816772,other
"In the updated version of the app, it takes more time to download the receipt.",3,2025-04-15,CBE,Google Play Store,NEGATIVE,0.9985652565956116,other
ለምንድነው ትራንዛክሽን ትንሽ ብቻ የሚያሳየው ?,3,2025-04-14,CBE,Google Play Store,NEGATIVE,0.9647620320320129,other
Good 🔥,5,2025-04-14,CBE,Google Play Store,POSITIVE,0.9998576641082764,other
very interesting app i am using every day fantastic,5,2025-04-14,CBE,Google Play Store,POSITIVE,0.9998443126678467,other
lebaa bank,5,2025-04-14,CBE,Google Play Store,NEGATIVE,0.9437295198440552,other
Can't scan/recognize other banks' Interoperable QR Codes,1,2025-04-13,CBE,Google Play Store,NEGATIVE,0.9983273148536682,other
OK,5,2025-04-13,CBE,Google Play Store,POSITIVE,0.9997851252555847,other
grateful app,5,2025-04-13,CBE,Google Play Store,POSITIVE,0.9998038411140442,other
100% ❤️❤️❤️🙏🙏🙏🙏🙏🙏🙏🙏🙏🙏🙏🙏🙏🙏🙏🙏,5,2025-04-13,CBE,Google Play Store,POSITIVE,0.9974650144577026,other
everthing wellbeok,3,2025-04-13,CBE,Google Play Store,NEGATIVE,0.7055739760398865,other
"""This mobile banking app is fast and user-friendly, but the only issue I encountered is that I can't access my bank statement within the app. I kindly request that this feature be added, similar to what is offered by other private bank mobile banking apps.",4,2025-04-13,CBE,Google Play Store,NEGATIVE,0.9963226318359375,"login_issues, performance, ui_ux"
nice app 👌,5,2025-04-12,CBE,Google Play Store,POSITIVE,0.9996724128723145,other
why did this app is not screenshot,5,2025-04-12,CBE,Google Play Store,NEGATIVE,0.9989493489265442,other
it so good app,5,2025-04-12,CBE,Google Play Store,POSITIVE,0.999868631362915,other
جميل,5,2025-04-11,CBE,Google Play Store,POSITIVE,0.9271727204322815,other
"less network, specially to make fee for utility purpose",1,2025-04-11,CBE,Google Play Store,NEGATIVE,0.994688868522644,other
simply for used,4,2025-04-11,CBE,Google Play Store,NEGATIVE,0.9918003678321838,other
wow keep up,5,2025-04-10,CBE,Google Play Store,POSITIVE,0.9998539686203003,other
its great app but when updating we can't take screen shot please try to fix it,3,2025-04-10,CBE,Google Play Store,NEGATIVE,0.9934490323066711,other
good one,5,2025-04-10,CBE,Google Play Store,POSITIVE,0.9998288154602051,other
everything is easy thank you cebe,5,2025-04-10,CBE,Google Play Store,POSITIVE,0.9998396635055542,other
ፈጣን ቀልጣፋ,5,2025-04-10,CBE,Google Play Store,NEGATIVE,0.7850580215454102,other
ጎበዝ,5,2025-04-09,CBE,Google Play Store,NEGATIVE,0.6970561742782593,other
but this app says can't sync,5,2025-04-09,CBE,Google Play Store,NEGATIVE,0.9988365769386292,other
waw,5,2025-04-09,CBE,Google Play Store,NEGATIVE,0.7346190214157104,other
to slow,3,2025-04-09,CBE,Google Play Store,NEGATIVE,0.9994872808456421,performance
work on screen shot system,4,2025-04-08,CBE,Google Play Store,NEGATIVE,0.5902628898620605,other
very very nice aplication,1,2025-04-08,CBE,Google Play Store,POSITIVE,0.9998292922973633,other
wonder full and it is easy to use,5,2025-04-08,CBE,Google Play Store,POSITIVE,0.9996142387390137,other
easy and reliable,2,2025-04-08,CBE,Google Play Store,POSITIVE,0.9998584985733032,other
it is Very Useful app 👍,5,2025-04-07,CBE,Google Play Store,POSITIVE,0.994536280632019,other
perfect app,5,2025-04-07,CBE,Google Play Store,POSITIVE,0.9998340606689453,other
I like it.,5,2025-04-07,CBE,Google Play Store,POSITIVE,0.9998694658279419,other
bugs,3,2025-04-07,CBE,Google Play Store,NEGATIVE,0.9988303780555725,bugs
commerial Bank,5,2025-04-06,CBE,Google Play Store,NEGATIVE,0.6810252666473389,other
Genat biru,2,2025-04-06,CBE,Google Play Store,NEGATIVE,0.966159999370575,other
🙏,5,2025-04-06,CBE,Google Play Store,NEGATIVE,0.6970561742782593,other
it is good but it doesn't allow screen shot,4,2025-04-06,CBE,Google Play Store,POSITIVE,0.6723121404647827,other
the best one,5,2025-04-06,CBE,Google Play Store,POSITIVE,0.9998371601104736,other
You need to copy many things from other bank apps like Amole(Dashen),2,2025-04-06,CBE,Google Play Store,NEGATIVE,0.9967620372772217,other
bring back the screenshot feature.,1,2025-04-05,CBE,Google Play Store,POSITIVE,0.9942916631698608,other
Good!👍,3,2025-04-05,CBE,Google Play Store,POSITIVE,0.9998579025268555,other
best app to experience him that to smooth transaction among the customers,1,2025-04-05,CBE,Google Play Store,POSITIVE,0.9985142350196838,transactions
nice app suitable to use it. the only weak side is it need data connections and hoping will be fixed to offline i gave 4 rate,4,2025-04-05,CBE,Google Play Store,NEGATIVE,0.9551447033882141,other
easy to use,5,2025-04-05,CBE,Google Play Store,POSITIVE,0.9988542795181274,other
"Good job to the CBE team on this mobile app! It's designed in a way that's simple and intuitive to navigate, which is great for everyone. It effectively handles the essential banking tasks I need to perform regularly. It's a practical and reliable tool that makes everyday banking much more convenient. Thank you for this useful application.",5,2025-04-04,CBE,Google Play Store,POSITIVE,0.9998189806938171,ui_ux
ለኔ በጣም ምርጥ ነው ግን screenshot ማረግ ቢቻል ምርጥ ነበር,5,2025-04-04,CBE,Google Play Store,NEGATIVE,0.8819227814674377,other
before it was smooth and good. this time after the new update in 2025 i can not make screenshot of my recite. even the downlod button is very delayed in putting my recite in my gallery for simple proof. please fix this i am unable to show proof of payment to my clients. thankyou.,3,2025-04-04,CBE,Google Play Store,NEGATIVE,0.9973511695861816,transactions
cool ❤,4,2025-04-04,CBE,Google Play Store,POSITIVE,0.9997991919517517,other
Best app,5,2025-04-04,CBE,Google Play Store,POSITIVE,0.999686598777771,other
best banking App,4,2025-04-03,CBE,Google Play Store,POSITIVE,0.999736487865448,other
satisfied,5,2025-04-03,CBE,Google Play Store,POSITIVE,0.9997212290763855,other
this app is very necessary app many people found it,5,2025-04-03,CBE,Google Play Store,POSITIVE,0.9980692267417908,other
cbe very active Bank I'm using CBE app very very satisfaction,5,2025-04-03,CBE,Google Play Store,POSITIVE,0.989459753036499,other
It made life alot easier. I cant even imagine having to make all those transactions in person. So this app was crucial for me. Very good app. well done.,5,2025-04-03,CBE,Google Play Store,POSITIVE,0.9997400641441345,transactions
perfect,5,2025-04-03,CBE,Google Play Store,POSITIVE,0.9998517036437988,other
thankyou,5,2025-04-02,CBE,Google Play Store,POSITIVE,0.9998428821563721,other
I Like it,5,2025-04-02,CBE,Google Play Store,POSITIVE,0.9998593330383301,other
"I don't understand the reason, why I need to disable developer options to access the app, it has no security risks nor does it hinder the app's functionalities. This goes out to the dev, I hope your life is filled with inconveniences.",1,2025-04-02,CBE,Google Play Store,NEGATIVE,0.9986600875854492,login_issues
smart app,5,2025-04-02,CBE,Google Play Store,POSITIVE,0.999789297580719,other
isin ga'a,2,2025-04-02,CBE,Google Play Store,POSITIVE,0.7607280015945435,other
it's great,5,2025-04-02,CBE,Google Play Store,POSITIVE,0.9998691082000732,other
very good app and stars faction with work,5,2025-04-02,CBE,Google Play Store,POSITIVE,0.9998588562011719,other
It is excelent,5,2025-04-01,CBE,Google Play Store,POSITIVE,0.9998881816864014,other
Smart,5,2025-04-01,CBE,Google Play Store,POSITIVE,0.9998456239700317,other
በየወሩ አፕደት እየጠየቀኝ ነው ለነገሩ ብር ስሌለኝ ይሆናል እና ምን ለማለት ፈልገ መሰላቹ ወላህ ቼግሮኛል 🥺🥺🥺,3,2025-04-01,CBE,Google Play Store,NEGATIVE,0.9570206999778748,other
very interesting app,5,2025-04-01,CBE,Google Play Store,POSITIVE,0.9997968077659607,other
wow.......cbe.....keep it up.....!!!!!!,5,2025-04-01,CBE,Google Play Store,POSITIVE,0.9985969662666321,other
ጊዜን ቆጣቢ እና ህይወትን ቀለል ከሚያደርጉ ኢትዬጲያ ካሉ ፋይናንስ አፕልኬሽኖች ሁሉ ይሄ ይለያል,5,2025-04-01,CBE,Google Play Store,NEGATIVE,0.9510265588760376,other
Excellent🙏app,5,2025-04-01,CBE,Google Play Store,NEGATIVE,0.6970561742782593,other
the most useful,5,2025-04-01,CBE,Google Play Store,POSITIVE,0.9997223019599915,other
I am more satisfied in this app . More sure you have to secure.,4,2025-04-01,CBE,Google Play Store,POSITIVE,0.9787845015525818,other
Easy to use,5,2025-04-01,CBE,Google Play Store,POSITIVE,0.9988542795181274,other
"very good, but sometimes NUR CBE comes without my consent. even if I choose locked, it appears",4,2025-04-01,CBE,Google Play Store,NEGATIVE,0.9585953950881958,other
Excellent !!!,5,2025-04-01,CBE,Google Play Store,POSITIVE,0.9998651742935181,other
always we relay on,5,2025-04-01,CBE,Google Play Store,POSITIVE,0.9971832633018494,other
I'm lucky to have this🙏 thank you CBE.,5,2025-04-01,CBE,Google Play Store,POSITIVE,0.9997507929801941,other
it's need more improvement like Tellbirr.,4,2025-04-01,CBE,Google Play Store,NEGATIVE,0.999363124370575,other
goode app,5,2025-04-01,CBE,Google Play Store,POSITIVE,0.9997406601905823,other
a very nice app.👍👍👍,5,2025-04-01,CBE,Google Play Store,POSITIVE,0.9998323917388916,other
safe easy & fast,5,2025-04-01,CBE,Google Play Store,POSITIVE,0.9997115731239319,performance
it's good app,5,2025-04-01,CBE,Google Play Store,POSITIVE,0.9998689889907837,other
It is veary useful app but screen shout was impossible .solve this problem,5,2025-04-01,CBE,Google Play Store,NEGATIVE,0.9958590865135193,other
ጥሩ ነው,5,2025-04-01,CBE,Google Play Store,NEGATIVE,0.7850580215454102,other
እጅግ በጣም ጥሩ አፕ,5,2025-04-01,CBE,Google Play Store,NEGATIVE,0.8616323471069336,other
በጣም ሃሪፍ ነው ግን ብር በሚተላለፍበት ወቅት ተቀንሷል ይላል እላፊ መልክቱ ይደርሳል ግን አይቀንስም,5,2025-04-01,CBE,Google Play Store,NEGATIVE,0.9528432488441467,other
suitable app,4,2025-04-01,CBE,Google Play Store,POSITIVE,0.9997665286064148,other
Dear cbe this app is not comparable with 21century and pls try to solve it.💀💀💀,1,2025-04-01,CBE,Google Play Store,NEGATIVE,0.9995038509368896,other
best transaction method of financial,5,2025-04-01,CBE,Google Play Store,POSITIVE,0.9995972514152527,transactions
#CBE is Now going to on the right Pathway/track/!! Thank you CBE one step ahead on payment platform app!!,5,2025-04-01,CBE,Google Play Store,POSITIVE,0.9995881915092468,transactions
It literarily don't work at all,4,2025-04-01,CBE,Google Play Store,NEGATIVE,0.9995075464248657,other
good give us plus,5,2025-04-01,CBE,Google Play Store,POSITIVE,0.9998716115951538,other
"Very good application. However, I have one functionality recommendation. What if you let the app transfer money to any telebirr account as for MPESA? By the way, I am not the only one to ask this. Thank you!",4,2025-04-01,CBE,Google Play Store,POSITIVE,0.9895473718643188,"login_issues, transactions"
before update it was able to screenshot while after update I can't able to screenshot the transfere details,4,2025-04-01,CBE,Google Play Store,NEGATIVE,0.9852171540260315,transactions
Tnc Cbe,5,2025-04-01,CBE,Google Play Store,POSITIVE,0.9070307612419128,other
it is good app. But you have integrate cbe with cbe birr. to allow cardless withdrawal directly from our accout!,4,2025-03-31,CBE,Google Play Store,NEGATIVE,0.9151976108551025,other
great apps,5,2025-03-31,CBE,Google Play Store,POSITIVE,0.9998534917831421,other
Excellent,5,2025-03-31,CBE,Google Play Store,POSITIVE,0.9998434782028198,other
Great app!,4,2025-03-31,CBE,Google Play Store,POSITIVE,0.9998462200164795,other
CBE,5,2025-03-31,CBE,Google Play Store,POSITIVE,0.9966009855270386,other
very good 👍 👏,5,2025-03-31,CBE,Google Play Store,POSITIVE,0.9998593330383301,other
great when it works,5,2025-03-31,CBE,Google Play Store,POSITIVE,0.9998693466186523,other
"the app is very good, but why screenshots is impossible?",5,2025-03-31,CBE,Google Play Store,NEGATIVE,0.981265127658844,other
excellent match application,5,2025-03-31,CBE,Google Play Store,POSITIVE,0.9998453855514526,other
The Best app😍😍😍,5,2025-03-31,CBE,Google Play Store,POSITIVE,0.9998503923416138,other
excellent app,5,2025-03-31,CBE,Google Play Store,POSITIVE,0.9998356103897095,other
easy to use and user friendly,5,2025-03-31,CBE,Google Play Store,POSITIVE,0.9979179501533508,ui_ux
very nice,5,2025-03-31,CBE,Google Play Store,POSITIVE,0.9998563528060913,other
አሪፍ ነው በተለይ የአሻራ ደህነቱ መረጋገጡ ተመችቶኛል,3,2025-03-31,CBE,Google Play Store,NEGATIVE,0.9200406074523926,other
well software,5,2025-03-31,CBE,Google Play Store,POSITIVE,0.999262273311615,other
ጥሩ ነው አንዳንዴ ስታክ ቢያደርግም,4,2025-03-31,CBE,Google Play Store,NEGATIVE,0.8832126259803772,other
CBE very good apps,5,2025-03-31,CBE,Google Play Store,POSITIVE,0.9998394250869751,other
"This application fast, secure and more convenient. Thanks CBE",5,2025-03-31,CBE,Google Play Store,POSITIVE,0.9992094039916992,performance
excellent service,5,2025-03-31,CBE,Google Play Store,POSITIVE,0.9998576641082764,customer_support
it's best,5,2025-03-31,CBE,Google Play Store,POSITIVE,0.999842643737793,other
Why didn't you display cash transactions and bank statement in the mobile banking app?,4,2025-03-31,CBE,Google Play Store,NEGATIVE,0.9976195693016052,transactions
Amazing app,5,2025-03-31,CBE,Google Play Store,POSITIVE,0.9998670816421509,other
our legitimate bank,4,2025-03-31,CBE,Google Play Store,POSITIVE,0.9954161643981934,other
Ever and never seen this kind of app I proud my CBE,5,2025-03-31,CBE,Google Play Store,POSITIVE,0.9952196478843689,other
very good and safe for me!,5,2025-03-31,CBE,Google Play Store,POSITIVE,0.9998769760131836,other
it is best bank,5,2025-03-31,CBE,Google Play Store,POSITIVE,0.9997767806053162,other
"very good, but sometimes....",4,2025-03-31,CBE,Google Play Store,POSITIVE,0.9997310042381287,other
ከአንድ መስሪያ ቤት ወይም ድርጅት ወይም ግለሰብ በርከት ላለ ሰው ሲላክ የላኪውን መስሪያ ቤት ወይም ድርጅት ወይም ግለሰብ እንዲያሳይ አታደርጉም ? ግለሰብ ለግለሰብ ወይም ለድርጅት ሲከፍል ያሳያል ።,5,2025-03-31,CBE,Google Play Store,NEGATIVE,0.9727272391319275,other
Why not allowed to pay for fuel?,4,2025-03-31,CBE,Google Play Store,NEGATIVE,0.9974955916404724,other
Really! this app is more simple to use at any time in every where also it's transaction quality between the users within the transaction receipt as abank that means this app is our bank on hand in mobile frankly I proud on this bank digital. I have no word to wrote ...... but it's have weakness on poor connection.,5,2025-03-31,CBE,Google Play Store,NEGATIVE,0.9962796568870544,transactions
ቆንጆ ነው,5,2025-03-31,CBE,Google Play Store,NEGATIVE,0.7850580215454102,other
Great version,5,2025-03-31,CBE,Google Play Store,POSITIVE,0.9998726844787598,other
Good and easy to use,5,2025-03-31,CBE,Google Play Store,POSITIVE,0.9998656511306763,other
nice app and fast money transfer,5,2025-03-31,CBE,Google Play Store,POSITIVE,0.9994321465492249,"performance, transactions"
Really automated...,5,2025-03-31,CBE,Google Play Store,POSITIVE,0.8894501328468323,other
good App,5,2025-03-31,CBE,Google Play Store,POSITIVE,0.9998493194580078,other
bek betam kelal,5,2025-03-31,CBE,Google Play Store,POSITIVE,0.9325481057167053,other
ምርጥ አፕ ነው ተመችቶኛል❤❤,3,2025-03-31,CBE,Google Play Store,NEGATIVE,0.8616323471069336,other
Recently app keeps closing and the notification after says this app has a bug. Can you make an update please,4,2025-03-31,CBE,Google Play Store,NEGATIVE,0.9968405961990356,bugs
"very good, keep it up",5,2025-03-31,CBE,Google Play Store,POSITIVE,0.9998643398284912,other
there is some issue the process it delay,3,2025-03-31,CBE,Google Play Store,NEGATIVE,0.9957571625709534,other
what an amazing application in Ethiopian Banking industry which is very interested one!,5,2025-03-31,CBE,Google Play Store,POSITIVE,0.9997572302818298,other
interesting,3,2025-03-30,CBE,Google Play Store,POSITIVE,0.9998446702957153,other
simple&fast!!!,5,2025-03-30,CBE,Google Play Store,POSITIVE,0.9997504353523254,other
it is very good app,5,2025-03-30,CBE,Google Play Store,POSITIVE,0.9998699426651001,other
It is very excellent anddynamic plus user friend all in one bank apps of the era. I loved it.,5,2025-03-30,CBE,Google Play Store,POSITIVE,0.999854326248169,other
Very God thanks,5,2025-03-30,CBE,Google Play Store,POSITIVE,0.9993305206298828,other
The sum is good.,3,2025-03-30,CBE,Google Play Store,POSITIVE,0.9998589754104614,other
best of bests,5,2025-03-30,CBE,Google Play Store,POSITIVE,0.99969482421875,other
am happy thank you CBE🫡,5,2025-03-30,CBE,Google Play Store,POSITIVE,0.9998605251312256,other
it's very nice 👍.,5,2025-03-30,CBE,Google Play Store,POSITIVE,0.9998632669448853,other
"The history sometimes misses transactions, tranfer to cbe birr debited but not really transferred, We need to really cop up with the world for real. The hacks and security problems, invest on and solve them.",3,2025-03-30,CBE,Google Play Store,NEGATIVE,0.9945583343505859,transactions
Very good,5,2025-03-30,CBE,Google Play Store,POSITIVE,0.9998520612716675,other
halan garidhaa cbe,5,2025-03-30,CBE,Google Play Store,POSITIVE,0.9760900735855103,other
best apps for useing,5,2025-03-30,CBE,Google Play Store,POSITIVE,0.9989523887634277,other
like it,5,2025-03-29,CBE,Google Play Store,POSITIVE,0.9997184872627258,other
Good apps ...But fix the screenshot its not easy like before ......,5,2025-03-29,CBE,Google Play Store,NEGATIVE,0.9470345973968506,other
l love it,5,2025-03-29,CBE,Google Play Store,POSITIVE,0.9998722076416016,other
"I am not exaggerating when I say that this application is one of the biggest players in the banking industry. It has simplified a lot of things for the user, even if the bank is in his pocket. But my opinion is (1), when we transfer money, there is a word limit on the (Note) at the end. Why can't we write our reason briefly? I don't understand why it is limited. On the other hand, there is no limit on the bank. Could you explain this? (2), when we pay for water, why is the code not mentioned",5,2025-03-29,CBE,Google Play Store,NEGATIVE,0.9912715554237366,transactions
in this update why screenshoot is disabled now it's not working,1,2025-03-28,CBE,Google Play Store,NEGATIVE,0.9996315240859985,other
"realy I donot seen like this application ! fast ,safe ande confortable",5,2025-03-28,CBE,Google Play Store,POSITIVE,0.9892323017120361,performance
Excellent but needed upgrading!,5,2025-03-28,CBE,Google Play Store,POSITIVE,0.9263747930526733,other
goods app!! pleace update this apps??,4,2025-03-28,CBE,Google Play Store,NEGATIVE,0.9845630526542664,other
"The latest update prevents taking screenshots, which is really annoying! please allow us to take screenshots! we need it for evidence (particularly, in case of transfer failure!).",1,2025-03-27,CBE,Google Play Store,NEGATIVE,0.9977697134017944,transactions
Fantastic app! I appreciate it very much,5,2025-03-27,CBE,Google Play Store,POSITIVE,0.9998745918273926,other
Convenient app,5,2025-03-27,CBE,Google Play Store,POSITIVE,0.9977468848228455,other
Doesn't work properly. It crashes some many times. commercial bank of Ethiopia not only the application but also sending money to own CBE birr doesn't get your money in your bank account. forcefully you must wait 3-5 days to get your money back to your account. walk up CBE the world is going to decentralized finance.,1,2025-03-26,CBE,Google Play Store,NEGATIVE,0.9995678067207336,"login_issues, transactions, bugs"
It crashes multiple times everytime you launch it. Fix it. Edit: crash fixed but screenshots has been disabled. I don't know who thought this was a good idea.,1,2025-03-26,CBE,Google Play Store,NEGATIVE,0.9995493292808533,bugs
why why u remove screen shoot😡😡,2,2025-03-26,CBE,Google Play Store,NEGATIVE,0.9993287324905396,other
"I fails mid transaction, No screenshot, download don't work, link shared not working bring back the old app this is usless",1,2025-03-26,CBE,Google Play Store,NEGATIVE,0.9996533393859863,transactions
very nice one,5,2025-03-26,CBE,Google Play Store,POSITIVE,0.9998561143875122,other
good application,5,2025-03-25,CBE,Google Play Store,POSITIVE,0.999854564666748,other
problem solver and the best fast app,5,2025-03-25,CBE,Google Play Store,POSITIVE,0.9997761845588684,performance
ምርጥ አፕሊከሽን ነው ገንዘብ ለመላክም ሆነ ለማንኛውም ነገር ተመችቶኛል በዚው ቀጥሉበት,5,2025-03-25,CBE,Google Play Store,NEGATIVE,0.9445853233337402,other
Please bring back the screenshot option. The screenshot download option takes like 15 second appear in gallery and most people don't know about it.,3,2025-03-25,CBE,Google Play Store,NEGATIVE,0.995722770690918,other
you must added dark mode options ❗,3,2025-03-25,CBE,Google Play Store,NEGATIVE,0.9864996671676636,other
Thank you,5,2025-03-25,CBE,Google Play Store,POSITIVE,0.9998352527618408,other
cbe,5,2025-03-25,CBE,Google Play Store,POSITIVE,0.9966009855270386,other
ممتاز جدا جدا,5,2025-03-24,CBE,Google Play Store,NEGATIVE,0.8608061671257019,other
very nice and convenient app,5,2025-03-24,CBE,Google Play Store,POSITIVE,0.9998267292976379,other
there are to many bugs app keeps crashi ng and the update file seems to keep getting worse,2,2025-03-24,CBE,Google Play Store,NEGATIVE,0.9997902512550354,bugs
👍👍👍,5,2025-03-24,CBE,Google Play Store,NEGATIVE,0.6970561742782593,other
Great experience so far but why this app ain't working while developer mode is on?,4,2025-03-24,CBE,Google Play Store,NEGATIVE,0.9967141151428223,other
why did the screen shot stopped ?????,3,2025-03-24,CBE,Google Play Store,NEGATIVE,0.9990077614784241,other
it's genuine app..,5,2025-03-24,CBE,Google Play Store,POSITIVE,0.9998555183410645,other
okay 👌👍,5,2025-03-24,CBE,Google Play Store,POSITIVE,0.998088538646698,other
it's a very good application but sometimes it takes a long time to synchronize,4,2025-03-23,CBE,Google Play Store,NEGATIVE,0.9900751709938049,other
commercial dank...,5,2025-03-23,CBE,Google Play Store,NEGATIVE,0.9671621322631836,other
it's very good,5,2025-03-23,CBE,Google Play Store,POSITIVE,0.9998470544815063,other
to getting money,5,2025-03-23,CBE,Google Play Store,POSITIVE,0.8595289587974548,other
some times it is difficult to get reciepts for the payment made,1,2025-03-23,CBE,Google Play Store,NEGATIVE,0.9993370175361633,transactions
this app is best,1,2025-03-23,CBE,Google Play Store,POSITIVE,0.9989839196205139,other
it's very useful,5,2025-03-23,CBE,Google Play Store,POSITIVE,0.9997983574867249,other
best app and update more features *****,5,2025-03-23,CBE,Google Play Store,POSITIVE,0.9995169639587402,other
best app for this vast digital finanical word,5,2025-03-23,CBE,Google Play Store,POSITIVE,0.9931873083114624,other
this app is my favorite application,5,2025-03-23,CBE,Google Play Store,POSITIVE,0.9985677003860474,other
Hooo I love this application,5,2025-03-22,CBE,Google Play Store,POSITIVE,0.9998517036437988,other
The app protects me from screenshot after update. Please make revision on the app.,4,2025-03-22,CBE,Google Play Store,POSITIVE,0.9525513052940369,other
Screenshot or slip not working,2,2025-03-22,CBE,Google Play Store,NEGATIVE,0.9997146725654602,other
thank you for help,5,2025-03-22,CBE,Google Play Store,POSITIVE,0.9998223185539246,customer_support
I'm sad guys what are you doing? Why did you add the screenshot restriction to the app? You just made it worse it was a great value to us. You need to rethink it. i will change the 1 star rating when you resolve the issue.,1,2025-03-22,CBE,Google Play Store,NEGATIVE,0.9993658661842346,other
Thise is helpfull and have good and easy for mobile money usage in ethiopia,5,2025-03-22,CBE,Google Play Store,POSITIVE,0.996585488319397,customer_support
thank you,5,2025-03-22,CBE,Google Play Store,POSITIVE,0.9998352527618408,other
good app.,5,2025-03-22,CBE,Google Play Store,POSITIVE,0.9998503923416138,other
"Old version was very friendly to use. Now we can't see the #Reason The #transaction history (very limited) and now it crash every time it's opened. More over, the last update prevents us from taking #screenshots. Thanks for the developers as they are getting more stupid than ever.",1,2025-03-21,CBE,Google Play Store,NEGATIVE,0.9987834095954895,"transactions, bugs"
Since last week this app has started not working. It simply log in without network but can't sync. Please fix it.,5,2025-03-21,CBE,Google Play Store,NEGATIVE,0.9993410706520081,other
amazing👌🫶🙏,5,2025-03-21,CBE,Google Play Store,NEGATIVE,0.6970561742782593,other
What an absolutely terrible update. No screenshots and you still have this stupid restriction on developer options. WHAT ABOUT THOSE OF US WHO ARE ACTUALLY DEVELOPERS!!!!!! At this point telebirr just wins the game 100%. CBE. Do. Better!,1,2025-03-21,CBE,Google Play Store,POSITIVE,0.9841669201850891,other
Wow its my in,5,2025-03-21,CBE,Google Play Store,POSITIVE,0.9993413090705872,other
In the lasted update you removed the capability to screenshot transactions.,3,2025-03-21,CBE,Google Play Store,NEGATIVE,0.998357355594635,transactions
how do you disable screenshots on a banking app you are very unserious people,1,2025-03-21,CBE,Google Play Store,NEGATIVE,0.9976205229759216,other
no screenshot and biometrics on this version wtfk?,3,2025-03-21,CBE,Google Play Store,NEGATIVE,0.9994788765907288,other
"Not Good, too lame to use",1,2025-03-21,CBE,Google Play Store,NEGATIVE,0.9997883439064026,other
ረዘም ላለ ግዜ እየተጠቀምኩት ነው ይህን መተግበሪያ ጥሩ ነው ነገር ግን አንዳንድ ችግሮች አሉበት 1ኛ የከፈልኩበትን ደረሰኝ በግዜው ከልወሰድኩ ከሰላሳ ትራንዛክሽን በኅላ መልሼ ከዚህ በፊት የተገበያየውበትን ማግኘት አልችልም ልክ እንደ ሌሎች ባንኮች ምሳሌ (አቢሲኒያ አዋሽ..) ሌላው ብር ለመላክ አስቤ እልካለው ግን አካውንቴ ላይ ለተወሰነ ደቂቃ ከአካውንት ሰይቀንስ ይቆይና ያልገባ መስሎኝ ድጋሜ እልካለው ሁለት ግዜ ሰው ጋ ይገባና ሌላ ችግር ውስጥ መግባት ይህኛው በጣም ትኩረት ሊሰጠው የሚገባ ጉዳይ ነው ሌሎችንም ስህተቶችን ማንሳት ይቻላል ዋናውን ላንሳ ብዬ ነው እንጂ developerሮች በርቱ በየ ግዜው የሚሰጣችሁን feedback ተቀበሉ አሻሽሉት,3,2025-03-20,CBE,Google Play Store,NEGATIVE,0.9662055373191833,other
CBE app is great,5,2025-03-20,CBE,Google Play Store,POSITIVE,0.9997064471244812,other
zaku,5,2025-03-20,CBE,Google Play Store,POSITIVE,0.9918259382247925,other
its good and saving time,5,2025-03-20,CBE,Google Play Store,POSITIVE,0.9998652935028076,other
"this new update(Mar 19,2025) is great in fixing bugs, stability and smooth experience I'll give u that but it came with a big shortcoming which is not allowing to take screenshot. I can't screenshot neither my balance nor the transaction or anything within the app, i understand it's for security reasons but please bring that back, allow us to take screenshot we need that. Thanks.",4,2025-03-20,CBE,Google Play Store,NEGATIVE,0.9968382120132446,"transactions, bugs"
"what went wrong, I couldn't take a screenshot.",3,2025-03-20,CBE,Google Play Store,NEGATIVE,0.9995883107185364,other
full,5,2025-03-20,CBE,Google Play Store,POSITIVE,0.9994632601737976,other
App is crushing recently. Please update.,4,2025-03-20,CBE,Google Play Store,NEGATIVE,0.9964633584022522,other
It is good but why screenshot is forbidden,4,2025-03-20,CBE,Google Play Store,NEGATIVE,0.9100751876831055,other
Taking away the screenshot of the receipt is just silly. Worse is tbe download button putting a copy of the screenshot - which you prevented to be taken - in tbe downloads folder where we cant attach directly from Whatsapp. Millions of people use the screenshot as proof of payment / transfer yet you make that harder for everyone? I have every user contacts the developer or manager who made this awful decision.,1,2025-03-20,CBE,Google Play Store,NEGATIVE,0.9997187256813049,transactions
very good app,5,2025-03-20,CBE,Google Play Store,POSITIVE,0.9998675584793091,other
New update version 5.0.9 keeps crashing it needs maintenance,3,2025-03-19,CBE,Google Play Store,NEGATIVE,0.9985888600349426,bugs
the update is unneeded,1,2025-03-19,CBE,Google Play Store,NEGATIVE,0.9976237416267395,other
Reliable bank,5,2025-03-19,CBE,Google Play Store,POSITIVE,0.9994505047798157,other
as if the update of march 19 i can't take a screenshot in the app. i can just save it as file and that is so annoying. i used to save all screenshot in my gallery in one folder now with the extra steps added i have to save the file go to file and then screenshot it. the solution is to allow the screenshot to be save in to gallery automatically. i wish you give this review attention and resolve the issue shortly.,2,2025-03-19,CBE,Google Play Store,NEGATIVE,0.9995331764221191,other
it is good app but when I make inter bank transaction It can't display The receiver account number and name of receiver and also receiver bank,4,2025-03-19,CBE,Google Play Store,NEGATIVE,0.8934977650642395,"login_issues, transactions"
ጥሩነዉ።,5,2025-03-19,CBE,Google Play Store,NEGATIVE,0.7850580215454102,other
It was nice but now it dose not opened the transactions,5,2025-03-18,CBE,Google Play Store,NEGATIVE,0.9970568418502808,transactions
ኧረ ውረድ,5,2025-03-18,CBE,Google Play Store,NEGATIVE,0.7850580215454102,other
simple to use,5,2025-03-17,CBE,Google Play Store,POSITIVE,0.9970622658729553,other
The apps is good to use,5,2025-03-17,CBE,Google Play Store,POSITIVE,0.9998107552528381,other
It's best app but Please add(included) payment of water bill,4,2025-03-17,CBE,Google Play Store,POSITIVE,0.9458630681037903,transactions
the app has a bug and it keeps crashing 😑 please provide an update and fix the issue thank you....,3,2025-03-17,CBE,Google Play Store,NEGATIVE,0.9920021295547485,bugs
This is my favorite App,5,2025-03-17,CBE,Google Play Store,POSITIVE,0.9985333681106567,other
CBE i like,5,2025-03-16,CBE,Google Play Store,POSITIVE,0.9995959401130676,other
1.we can't get mobile Token on CBE App or any other online. This is need to improve 2.internet banking is always say authenticate error after some weeks this is need to improve.,4,2025-03-16,CBE,Google Play Store,NEGATIVE,0.998772919178009,"login_issues, bugs"
excellent app for account transaction specially for bussiness customers and a good method to pay bills and different personal payment.,5,2025-03-15,CBE,Google Play Store,POSITIVE,0.9994691014289856,"login_issues, transactions"
የሚገርም አፕ ተመችቶኛል 🙏❤,5,2025-03-14,CBE,Google Play Store,NEGATIVE,0.8616323471069336,other
Wow,5,2025-03-14,CBE,Google Play Store,POSITIVE,0.999592125415802,other
"The app has brought a new problem. When i open the app, it closes itself then i have to open it again. Please fix this issue if it's your problem",3,2025-03-14,CBE,Google Play Store,NEGATIVE,0.9992368221282959,other
በጣም ጥሩ አፕልኬሽን ነው,2,2025-03-14,CBE,Google Play Store,NEGATIVE,0.8616323471069336,other
"In my view, I can't give any conclusion because it's the starting of an online banking in my country. However, the commercial bank of ethiopia must rebuild this app and also need to make more access to changing the system. Keep continuing ethiopia 🇪🇹 🇪🇹🇪🇹🇪🇹",5,2025-03-14,CBE,Google Play Store,NEGATIVE,0.9975922703742981,login_issues
Very attractive and user-friendly,5,2025-03-13,CBE,Google Play Store,POSITIVE,0.9998558759689331,ui_ux
Good apps,5,2025-03-13,CBE,Google Play Store,POSITIVE,0.9998608827590942,other
My special app and my proud bank of Ethiopia.,5,2025-03-13,CBE,Google Play Store,POSITIVE,0.999779999256134,other
The app need update it always crash,1,2025-03-13,CBE,Google Play Store,NEGATIVE,0.9979516863822937,bugs
It is very comfortable and simple to use!!! But whay standing order is not work?,5,2025-03-13,CBE,Google Play Store,NEGATIVE,0.6184142827987671,other
"One of the best apps I have used ,",5,2025-03-13,CBE,Google Play Store,POSITIVE,0.999804675579071,other
Asela,1,2025-03-13,CBE,Google Play Store,POSITIVE,0.9828375577926636,other
I am appreciate this app,5,2025-03-13,CBE,Google Play Store,POSITIVE,0.9998001456260681,other
Excellent app,5,2025-03-12,CBE,Google Play Store,POSITIVE,0.9998356103897095,other
I'm very happy using this app. Thanks to developers.,5,2025-03-12,CBE,Google Play Store,POSITIVE,0.9998389482498169,other
CBE birr app is my best choice.,5,2025-03-12,CBE,Google Play Store,POSITIVE,0.9923669695854187,other
Exceptional/incredible,5,2025-03-12,CBE,Google Play Store,POSITIVE,0.9998782873153687,other
Joyful app,5,2025-03-11,CBE,Google Play Store,POSITIVE,0.9998759031295776,other
Unstatisfied with the new update keeps crashing every now and then and even though i haven't reached the max txn per day still refuses to transfer...probably going to change my bank if it's not fixed asap,1,2025-03-10,CBE,Google Play Store,NEGATIVE,0.9992684721946716,"transactions, bugs"
It is one of the disappointed Bank you don't suppose to include Ethiopian on your name you don't deserve it.,1,2025-03-10,CBE,Google Play Store,NEGATIVE,0.9991734623908997,other
Simple and easy to use,5,2025-03-10,CBE,Google Play Store,POSITIVE,0.9997318387031555,other
it's not good app,5,2025-03-10,CBE,Google Play Store,NEGATIVE,0.9998034834861755,other
"I have been using CBE App for long, but recently it has started crashing repeatedly and even my phone is reporting that the app has bugs and tells me to wait the developer to fix these bugs.",1,2025-03-09,CBE,Google Play Store,NEGATIVE,0.9997072815895081,bugs
The great app CBE,5,2025-03-09,CBE,Google Play Store,POSITIVE,0.9937465190887451,other
Why it asks me Update repeatedly as soon as I download it !!,1,2025-03-09,CBE,Google Play Store,NEGATIVE,0.9959967136383057,other
Commercial Bnk Rate this,5,2025-03-08,CBE,Google Play Store,NEGATIVE,0.9637928605079651,other
ዋው,5,2025-03-08,CBE,Google Play Store,NEGATIVE,0.6970561742782593,other
It is good for many aspect. If I can get transactions report with time duration(periodically),3,2025-03-07,CBE,Google Play Store,POSITIVE,0.9993143081665039,transactions
its so excellent app,5,2025-03-07,CBE,Google Play Store,POSITIVE,0.9998623132705688,other
Due to connection problem,1,2025-03-07,CBE,Google Play Store,NEGATIVE,0.9959508180618286,other
Best performing app,5,2025-03-07,CBE,Google Play Store,POSITIVE,0.9995966553688049,other
I love it,5,2025-03-06,CBE,Google Play Store,POSITIVE,0.9998799562454224,other
Best banck in Ethiopia,5,2025-03-06,CBE,Google Play Store,POSITIVE,0.9990218877792358,other
Two step verification update is fake (meaningless). Why because the app gives you an option of to use pin while requesting two step verification step. 🔐 This updated app is not differ than the previous one in case of security & safegaurding users.👹👹💀💀 The other features of the app are best and easy to use it.⭐️⭐️⭐️⭐️⭐️,1,2025-03-06,CBE,Google Play Store,NEGATIVE,0.8035391569137573,other
Its good,5,2025-03-05,CBE,Google Play Store,POSITIVE,0.9998385906219482,other
Tashoo damisee,4,2025-03-05,CBE,Google Play Store,NEGATIVE,0.9614085555076599,other
Why don't install,5,2025-03-05,CBE,Google Play Store,NEGATIVE,0.9989054203033447,other
Ok,5,2025-03-05,CBE,Google Play Store,POSITIVE,0.9997851252555847,other
I'm glad to use it.,5,2025-03-05,CBE,Google Play Store,POSITIVE,0.9996554851531982,other
Very good thank you,5,2025-03-04,CBE,Google Play Store,POSITIVE,0.9998544454574585,other
it's not working good,5,2025-03-04,CBE,Google Play Store,NEGATIVE,0.9997789263725281,other
Best service,5,2025-03-04,CBE,Google Play Store,POSITIVE,0.999809205532074,customer_support
Best best,5,2025-03-04,CBE,Google Play Store,POSITIVE,0.9998223185539246,other
I have been a customer of the Commercial Bank of Ethiopia for many years,5,2025-03-03,CBE,Google Play Store,POSITIVE,0.8422412276268005,other
"We need this app to work properly, and it looks like an outdated",2,2025-03-03,CBE,Google Play Store,NEGATIVE,0.9998142123222351,other
NICE APP,5,2025-03-03,CBE,Google Play Store,POSITIVE,0.9998061060905457,other
አሊሳራኝ ም,5,2025-03-03,CBE,Google Play Store,NEGATIVE,0.7850580215454102,other
The app crashes too many times. It's a buggy app,1,2025-03-03,CBE,Google Play Store,NEGATIVE,0.9997268319129944,bugs
Best App,5,2025-03-03,CBE,Google Play Store,POSITIVE,0.999686598777771,other
Thankz,5,2025-03-02,CBE,Google Play Store,POSITIVE,0.9998202919960022,other
Verry good it is easy to use anything,5,2025-03-01,CBE,Google Play Store,POSITIVE,0.9995847344398499,other
Nice,5,2025-03-01,CBE,Google Play Store,POSITIVE,0.9998552799224854,other
Its gopd,5,2025-03-01,CBE,Google Play Store,POSITIVE,0.7383987307548523,other
system problem,4,2025-03-01,CBE,Google Play Store,NEGATIVE,0.9995689988136292,other
So slow with Internet,1,2025-03-01,CBE,Google Play Store,NEGATIVE,0.9990552067756653,performance
I phone app is not working,2,2025-03-01,CBE,Google Play Store,NEGATIVE,0.9997590184211731,other
Sometimes it dosent work,4,2025-03-01,CBE,Google Play Store,NEGATIVE,0.7836248278617859,other
It's very useful Apps,5,2025-03-01,CBE,Google Play Store,POSITIVE,0.999657392501831,other
It is better app,5,2025-03-01,CBE,Google Play Store,POSITIVE,0.9772394895553589,other
Good work very important,5,2025-03-01,CBE,Google Play Store,POSITIVE,0.9998600482940674,other
It is exlent app it is helful,5,2025-02-28,CBE,Google Play Store,POSITIVE,0.7698634266853333,other
Best app I like,5,2025-02-28,CBE,Google Play Store,POSITIVE,0.9996886253356934,other
No work,5,2025-02-28,CBE,Google Play Store,NEGATIVE,0.999386191368103,other
It don't work,1,2025-02-28,CBE,Google Play Store,NEGATIVE,0.9997726082801819,other
Bad security 🔓,2,2025-02-28,CBE,Google Play Store,NEGATIVE,0.9994636178016663,other
"It's a shame,it can't performe well,you guys can't even fix a bug, It's getting unusable, shame shame shame 😡",1,2025-02-28,CBE,Google Play Store,NEGATIVE,0.9996347427368164,bugs
Easy to Use and Effecent System.,5,2025-02-28,CBE,Google Play Store,NEGATIVE,0.9448723793029785,other
Great,5,2025-02-28,CBE,Google Play Store,POSITIVE,0.9998630285263062,other
የሞባይል ባንኪንጋችሁ ግብይትን ቀለል ያደርጋል,5,2025-02-28,CBE,Google Play Store,NEGATIVE,0.8832126259803772,other
It is good but i can not install the app why? And the other one is it is better to show the earliest transactions for instanse before 30 days ago,3,2025-02-27,CBE,Google Play Store,NEGATIVE,0.9948434829711914,transactions
Sometimes it does not.work,3,2025-02-27,CBE,Google Play Store,NEGATIVE,0.9903799295425415,other
"I have been using the App since it is first released and it has been nice, but the latest Update are very worse the app crashes frequently and drains battery highly.",3,2025-02-27,CBE,Google Play Store,NEGATIVE,0.9996823072433472,bugs
Commercial bank and it's mobile banking is very good,5,2025-02-27,CBE,Google Play Store,POSITIVE,0.9998273253440857,other
Good very good,5,2025-02-27,CBE,Google Play Store,POSITIVE,0.9998477697372437,other
Friendly mobile banking application,5,2025-02-27,CBE,Google Play Store,POSITIVE,0.9987659454345703,other
Vary good,5,2025-02-27,CBE,Google Play Store,POSITIVE,0.9998520612716675,other
1 star because I have to visit my bank for new installation of the app and reactivation takes about 45 to 60 minutes with there long queue and system failures. Learn from telebire app and give options to customers to apt out of this ridiculous security feature. Second why is there no customization in the settings for displaying which account I want displayed in the first section rather that slide to my main account every time. You are making us pay a monthly subscription. Bare minimum is not it,1,2025-02-26,CBE,Google Play Store,NEGATIVE,0.9993307590484619,login_issues
Recently it is not working please check it,2,2025-02-26,CBE,Google Play Store,NEGATIVE,0.9990835189819336,other
Amazing,4,2025-02-26,CBE,Google Play Store,POSITIVE,0.999875545501709,other
This app😎,5,2025-02-26,CBE,Google Play Store,POSITIVE,0.8105993270874023,other
It is a user friendly excellent app.,5,2025-02-26,CBE,Google Play Store,POSITIVE,0.9998384714126587,ui_ux
Simple and efficient,5,2025-02-26,CBE,Google Play Store,POSITIVE,0.9998663663864136,other
Goooood,5,2025-02-25,CBE,Google Play Store,NEGATIVE,0.5865471363067627,other
It is Better to use and Save time. I truly appreciate the Bank System.,5,2025-02-25,CBE,Google Play Store,POSITIVE,0.999414324760437,other
Good Work,5,2025-02-25,CBE,Google Play Store,POSITIVE,0.9998413324356079,other
Simple and secure app,5,2025-02-25,CBE,Google Play Store,POSITIVE,0.9991549253463745,other
Crashing frequently every time I try to log in.. it's so annoying,1,2025-02-25,CBE,Google Play Store,NEGATIVE,0.9994563460350037,bugs
FIX THE BUG! so frustrating,3,2025-02-25,CBE,Google Play Store,NEGATIVE,0.9993608593940735,bugs
"The app is full of bugs here and there, perhaps it's from the backend side idk. For instance the transaction history you see on top is one made a couple of months ago and you have to refresh until you reach the top. it's just so bizarre. And you can't even search for a transaction you made. Someone with a lot of transactions will find it annoying. Even simple things like localising dates to Amharic dates are now correctly implemented.",2,2025-02-25,CBE,Google Play Store,NEGATIVE,0.9962574243545532,"transactions, bugs"
Good experience,5,2025-02-24,CBE,Google Play Store,POSITIVE,0.9998599290847778,other
My device install up updated all data access all function but can't support transaction i. e first login password works but can't conformation last transaction password,5,2025-02-24,CBE,Google Play Store,NEGATIVE,0.997616171836853,"login_issues, transactions, customer_support"
Constantly crashing after new update,1,2025-02-24,CBE,Google Play Store,NEGATIVE,0.9982088804244995,bugs
Ani Addunyaa Eebbisaa Tolasaa ti. Magaalaa Mandii keessaa dukkaana qorichaa dhuunfaan qaba. Appilikeeshiniin kun hojii koo kana naaf saffisiisuu keessatti qooda ol’aanaa qaba. Akka ‘mobile banking’ ‘busy’ waan hin ta’u. Namoonni hundumtuu Appii kana akka fayyadaman cimseen gorsa. Galatoomaa!💪🙏❤️,5,2025-02-24,CBE,Google Play Store,NEGATIVE,0.9952143430709839,other
"Great UX, simple to use yet has all necessary features.",4,2025-02-24,CBE,Google Play Store,POSITIVE,0.9980582594871521,other
Nice 👍 this is app,5,2025-02-23,CBE,Google Play Store,POSITIVE,0.9995307922363281,other
"Why can't we use this app with Developer Mode turned on, when other big international banks apps allow it?",1,2025-02-22,CBE,Google Play Store,NEGATIVE,0.9983769655227661,other
It is Good application,4,2025-02-22,CBE,Google Play Store,POSITIVE,0.9998681545257568,other
Guys after the last update it's crushing a lot like alot look in to it,3,2025-02-22,CBE,Google Play Store,POSITIVE,0.9512677192687988,other
The best app,5,2025-02-22,CBE,Google Play Store,POSITIVE,0.9998469352722168,other
This is agood app,5,2025-02-22,CBE,Google Play Store,NEGATIVE,0.9740092754364014,other
It have a bug it keeps shut down when I open the app. Without any notification. Please fix the bug.,3,2025-02-22,CBE,Google Play Store,NEGATIVE,0.9995484948158264,bugs
Very best and fast money transferring app,5,2025-02-22,CBE,Google Play Store,POSITIVE,0.9991329312324524,"performance, transactions"
Why is it so hard to use this app why don't you make it simple like other apps sometimes it doesn't function right,1,2025-02-22,CBE,Google Play Store,NEGATIVE,0.9993847608566284,other
Sweet,5,2025-02-22,CBE,Google Play Store,POSITIVE,0.9998382329940796,other
Very best app,5,2025-02-22,CBE,Google Play Store,POSITIVE,0.9998177886009216,other
couldnt update the app,1,2025-02-22,CBE,Google Play Store,NEGATIVE,0.9958498477935791,other
ምርጥ አፕ ነው ሌላ ማለት አይቻልም ፡ግ,5,2025-02-22,CBE,Google Play Store,NEGATIVE,0.9239574670791626,other
"Too much commission and service charges, not fair at all this is stealing",1,2025-02-21,CBE,Google Play Store,NEGATIVE,0.9996604919433594,customer_support
Very god,4,2025-02-21,CBE,Google Play Store,POSITIVE,0.9914793968200684,other
Not work some tumes,5,2025-02-21,CBE,Google Play Store,NEGATIVE,0.9993159770965576,other
It is easy and user friendly,5,2025-02-21,CBE,Google Play Store,POSITIVE,0.9986781477928162,ui_ux
When I open the app it turns off keep says (app has a bug ) the app needs update,2,2025-02-21,CBE,Google Play Store,NEGATIVE,0.9987732768058777,bugs
Solve unwanted time and the time to losses cbe office,5,2025-02-21,CBE,Google Play Store,NEGATIVE,0.9968206882476807,other
I faced a big problem with this due to Developer mode problem How can you help me pls?,5,2025-02-21,CBE,Google Play Store,NEGATIVE,0.9996224641799927,customer_support
utilizes too much power & Crashes often,3,2025-02-20,CBE,Google Play Store,NEGATIVE,0.9769357442855835,bugs
Most effective so far.,5,2025-02-20,CBE,Google Play Store,POSITIVE,0.9996976852416992,other
Not working normally,1,2025-02-20,CBE,Google Play Store,NEGATIVE,0.9995996356010437,other
this is the simplest bookeeping system or method. I like it .,5,2025-02-19,CBE,Google Play Store,POSITIVE,0.9957931041717529,other
These days the App is Crashing immediately after Login please check,5,2025-02-19,CBE,Google Play Store,NEGATIVE,0.993334174156189,"login_issues, bugs"
I gave it 5🌟 BC this app deserves. Thank you for your services. Appreciated.,5,2025-02-19,CBE,Google Play Store,POSITIVE,0.9996128678321838,customer_support
fantastic and best,5,2025-02-18,CBE,Google Play Store,POSITIVE,0.9998780488967896,other
"It lags before showing the transaction and you have to use the one in the sms message , why doesn't it work on the app it just says loading",1,2025-02-18,CBE,Google Play Store,NEGATIVE,0.9993646740913391,"performance, transactions"
♡,5,2025-02-18,CBE,Google Play Store,NEGATIVE,0.6970561742782593,other
Very amazing application,5,2025-02-18,CBE,Google Play Store,POSITIVE,0.9998730421066284,other
Easy and fantastic to use,5,2025-02-18,CBE,Google Play Store,POSITIVE,0.9998811483383179,other
ዋውነው,3,2025-02-17,CBE,Google Play Store,NEGATIVE,0.6970561742782593,other
The way its menu arranged to use is easy to use.,5,2025-02-17,CBE,Google Play Store,POSITIVE,0.9718009233474731,other
Nice app,3,2025-02-17,CBE,Google Play Store,POSITIVE,0.9998061060905457,other
Beya,5,2025-02-17,CBE,Google Play Store,POSITIVE,0.5640404224395752,other
"Its not bad, but there are plenty of errors .",2,2025-02-17,CBE,Google Play Store,NEGATIVE,0.9978809952735901,bugs
Waw fantastic Aplication,5,2025-02-16,CBE,Google Play Store,POSITIVE,0.9994812607765198,other
I am satisfied by this Ap Thank you,5,2025-02-16,CBE,Google Play Store,POSITIVE,0.9998270869255066,other
Best of the best application for ever,5,2025-02-16,CBE,Google Play Store,POSITIVE,0.9998230338096619,other
This app is better,5,2025-02-15,CBE,Google Play Store,POSITIVE,0.9131502509117126,other
"It's very good in reminding the account numbers you have been used, but Need to show recipient history whenever you want to present it.or it has to have a search on options for a spesfic time you want to look for receipts with out going for account details at bank. if you lost your receipt without downloading it and need to look sometime a while you can't get in simple search on the app.",1,2025-02-15,CBE,Google Play Store,NEGATIVE,0.9966446161270142,login_issues
CBE NOOR,5,2025-02-15,CBE,Google Play Store,POSITIVE,0.9799768924713135,other
It is good app,5,2025-02-15,CBE,Google Play Store,POSITIVE,0.9998652935028076,other
Amazing App,5,2025-02-15,CBE,Google Play Store,POSITIVE,0.9998670816421509,other
ያስቸግራል,4,2025-02-15,CBE,Google Play Store,NEGATIVE,0.6970561742782593,other
"It crashes a lot; it doesn't work at all sometimes. By far, it is the worst mobile banking app I have ever used.",1,2025-02-15,CBE,Google Play Store,NEGATIVE,0.9997912049293518,bugs
Very buggy!,2,2025-02-14,CBE,Google Play Store,NEGATIVE,0.9886261820793152,bugs
WOW good,5,2025-02-14,CBE,Google Play Store,POSITIVE,0.9998598098754883,other
Very good 😊,3,2025-02-14,CBE,Google Play Store,POSITIVE,0.999870777130127,other
Very sad.,5,2025-02-14,CBE,Google Play Store,NEGATIVE,0.9996789693832397,other
Excellent arrangements,5,2025-02-14,CBE,Google Play Store,POSITIVE,0.9998513460159302,other
So good,5,2025-02-14,CBE,Google Play Store,POSITIVE,0.999841570854187,other
a good apps to save my money &withdraw my money to service,5,2025-02-13,CBE,Google Play Store,POSITIVE,0.9948311448097229,customer_support
It's easy and good,5,2025-02-13,CBE,Google Play Store,POSITIVE,0.9998728036880493,other
It is best app,5,2025-02-13,CBE,Google Play Store,POSITIVE,0.9997313618659973,other
አለሚቱ ምስጋነዉ,1,2025-02-13,CBE,Google Play Store,NEGATIVE,0.7850580215454102,other
It is not functioning most of the time,3,2025-02-13,CBE,Google Play Store,NEGATIVE,0.9997466206550598,other
Best!,5,2025-02-13,CBE,Google Play Store,POSITIVE,0.9998348951339722,other
It sends unwanted welcome notification every time you login. There is no way that you can disable this.,3,2025-02-13,CBE,Google Play Store,NEGATIVE,0.9949736595153809,login_issues
This app now not open what's problem? Please solve it,1,2025-02-13,CBE,Google Play Store,NEGATIVE,0.9984076619148254,other
nice thanks,5,2025-02-13,CBE,Google Play Store,POSITIVE,0.999849796295166,other
በቅርቡ ችግር ተፈጥሯል ፣ Developer Option ካልተዘጋ አይሰራም፣ Developer Option ከተዘጋ ደግሞ ስልካችን ፍጥነት ለመታዘዝ ይዘገያል ፣ ከዚህ አማራጭ ሌላ ብትጠቀሙ ባይ ነኝ :: Android ላይ,1,2025-02-12,CBE,Google Play Store,NEGATIVE,0.9661839604377747,other
Very nice i'm happy,5,2025-02-11,CBE,Google Play Store,POSITIVE,0.9998593330383301,other
It used to be better in the previous. But after the recent update it keeps crashing as soon as it logs in.. it needs to be fixed.,1,2025-02-11,CBE,Google Play Store,NEGATIVE,0.9991856217384338,bugs
❤️,5,2025-02-11,CBE,Google Play Store,NEGATIVE,0.6970561742782593,other
Can't even load our transaction history!!,1,2025-02-11,CBE,Google Play Store,NEGATIVE,0.9994427561759949,transactions
I am happy of this app,5,2025-02-11,CBE,Google Play Store,POSITIVE,0.9998650550842285,other
"Great app, but try to include an access to water bill payment for places other than Adis Ababa & try top the app not to be inactive while developer option setting in Samsung phones is activated",4,2025-02-11,CBE,Google Play Store,POSITIVE,0.6683235764503479,"login_issues, transactions"
Very good app,5,2025-02-10,CBE,Google Play Store,POSITIVE,0.9998675584793091,other
👍 good,5,2025-02-10,CBE,Google Play Store,POSITIVE,0.9998576641082764,other
this app is very useful but sometimes when you want to see specific transactions it didn't work so that way i gave you 3,3,2025-02-10,CBE,Google Play Store,NEGATIVE,0.9931367635726929,transactions
It is stop working !,1,2025-02-10,CBE,Google Play Store,NEGATIVE,0.9996010661125183,other
It's not bad 👍,2,2025-02-10,CBE,Google Play Store,POSITIVE,0.9996799230575562,other
It shut down without warning,1,2025-02-10,CBE,Google Play Store,NEGATIVE,0.9854583740234375,other
"Best app of the bank.But,when it needs apdate,customer must be notified in my point of view.Otherwise,customers saying ""Mobile banking is not working today"" is bad moto.",5,2025-02-10,CBE,Google Play Store,NEGATIVE,0.997967541217804,other
I use this app all the time on my business but sometimes it is difficult to use in rural areas. because there is not enough network. so what if you prepared it for the public to use offline?,3,2025-02-09,CBE,Google Play Store,NEGATIVE,0.999372661113739,other
So good 👍 👏,5,2025-02-09,CBE,Google Play Store,POSITIVE,0.9998732805252075,other
This app is very interesting and simple to use.,5,2025-02-09,CBE,Google Play Store,POSITIVE,0.9996544122695923,other
"Add customer service please other than calling 951. Why would you have a mobile app but not an online text-based customer service? Why? Disappointing And I will never use the top-up feature again, I have been trying to recharge my safaricom balance but your app would say time out and then credit my account but never recharge my balance, why? Where is my money? Do you expect me to call 951 at midnight?",2,2025-02-08,CBE,Google Play Store,NEGATIVE,0.9992187023162842,"login_issues, customer_support"
"Smart and easy to use, i like this app",5,2025-02-08,CBE,Google Play Store,POSITIVE,0.9998407363891602,other
በፊት ጥሩነበር አሁን ምኑን ነካችሁት ተበላሽቷል አይሰራም,1,2025-02-08,CBE,Google Play Store,NEGATIVE,0.9200406074523926,other
The best app I love it,5,2025-02-08,CBE,Google Play Store,POSITIVE,0.9998717308044434,other
Is not useful,3,2025-02-08,CBE,Google Play Store,NEGATIVE,0.9997987151145935,other
It's ok,5,2025-02-08,CBE,Google Play Store,POSITIVE,0.9998351335525513,other
Like,3,2025-02-08,CBE,Google Play Store,POSITIVE,0.9910564422607422,other
It's good,5,2025-02-08,CBE,Google Play Store,POSITIVE,0.9998360872268677,other
Its good service,4,2025-02-07,CBE,Google Play Store,POSITIVE,0.999849796295166,customer_support
Recent transactions doesn't load properly sometimes . And also when transferring to someone sometimes it says failed and but already transferred which might cause to double transfer,1,2025-02-07,CBE,Google Play Store,NEGATIVE,0.99915611743927,transactions
"It used to work properly, but not anymore. I used to use the app from abroad; but these days, it kept saying ""unable to connect"" when I tried to check my balance and do transactions.",1,2025-02-07,CBE,Google Play Store,NEGATIVE,0.9991911053657532,transactions
Awash birr pro,1,2025-02-07,CBE,Google Play Store,NEGATIVE,0.9963382482528687,other
It is a very important application.,5,2025-02-07,CBE,Google Play Store,POSITIVE,0.999725878238678,other
አፕሊኬሽኑ ብዙ ግዜ ወደኋላ ይመልሳል,3,2025-02-07,CBE,Google Play Store,NEGATIVE,0.8832126259803772,other
To save my time best app to me i like this app tnx cbe !!!,5,2025-02-07,CBE,Google Play Store,NEGATIVE,0.9875180125236511,other
Very nice,5,2025-02-06,CBE,Google Play Store,POSITIVE,0.9998563528060913,other
"It is a shame not to appreciate the recent system improvements that the Commercial Bank of Ethiopia has been making, and I have no doubt that it will be different from this, InshaAllah. Another thing I would like to comment on is that the current method for transferring money to Telebir can own be sent to the person. So, it is possible to send money directly from the Commercial Bank to other banks. If you make it possible to transfer money directly to anyone, I would be very grateful.thank you",5,2025-02-06,CBE,Google Play Store,POSITIVE,0.9879405498504639,transactions
Comfortable,5,2025-02-06,CBE,Google Play Store,POSITIVE,0.9998550415039062,other
Help,5,2025-02-05,CBE,Google Play Store,POSITIVE,0.9892712831497192,customer_support
App keeps on crashing after the latest update. Failures are frequent.,3,2025-02-05,CBE,Google Play Store,NEGATIVE,0.9993783235549927,bugs
I don't need to update this app,5,2025-02-05,CBE,Google Play Store,POSITIVE,0.8771603107452393,other
Good work !! Thank you !,5,2025-02-05,CBE,Google Play Store,POSITIVE,0.9998635053634644,other
Application Baay'ee Gaariidha . Hojii Keenya Salphisuu fi Yeroo Nuuf Qusachuu Keeysatti .... Waan Jajjabeeyfamuu Qabuudha !!!,5,2025-02-05,CBE,Google Play Store,NEGATIVE,0.9899823069572449,other
"After the new update I'm struggling to use this app,it suddenly crush or close automatically pls fix this problem",1,2025-02-05,CBE,Google Play Store,NEGATIVE,0.9996976852416992,other
Very fast and easy to use,5,2025-02-05,CBE,Google Play Store,POSITIVE,0.9995383024215698,performance
It is best application,5,2025-02-04,CBE,Google Play Store,POSITIVE,0.999606192111969,other
This apps amazing,5,2025-02-04,CBE,Google Play Store,POSITIVE,0.9998751878738403,other
100%👍,5,2025-02-04,CBE,Google Play Store,POSITIVE,0.9974650144577026,other
This App. Is just a Meaningful Application for our country..,5,2025-02-04,CBE,Google Play Store,POSITIVE,0.9990418553352356,other
"This App Is Best and Fantastic Because easy to use, It has Best security Specially Two Specific Authentication so this security is not path unauthorized person to Our account History. Thankyou CBE For We give this service",5,2025-02-04,CBE,Google Play Store,POSITIVE,0.9993579983711243,"login_issues, customer_support"
The app is crashing several times it's really annoying and sometimes it's says failed during different operations ?????? Please fix it!?,1,2025-02-04,CBE,Google Play Store,NEGATIVE,0.9997221827507019,bugs
Efficient,5,2025-02-04,CBE,Google Play Store,POSITIVE,0.9998533725738525,other
ሰሞኑን እያሰቸገረ ነው እንጂ ቀላል እና ፈጣን,3,2025-02-04,CBE,Google Play Store,NEGATIVE,0.9200406074523926,other
So nice,5,2025-02-03,CBE,Google Play Store,POSITIVE,0.9998610019683838,other
New update new version not working,1,2025-02-03,CBE,Google Play Store,NEGATIVE,0.999659538269043,other
that is good,5,2025-02-03,CBE,Google Play Store,POSITIVE,0.9998364448547363,other
"I have seen lots of great updates right here, especially the 2FA using the biometric security technique, I suggest you work on minimising app crashing due to the accumulation of cache, very little cache crash it.",4,2025-02-03,CBE,Google Play Store,POSITIVE,0.8294125199317932,bugs
The Best mobile banking app in Ethiopia. Thanks CBE,5,2025-02-03,CBE,Google Play Store,POSITIVE,0.9998087286949158,other
Cbe,5,2025-02-03,CBE,Google Play Store,POSITIVE,0.9966009855270386,other
Too poor comparing to other countries.,1,2025-02-03,CBE,Google Play Store,NEGATIVE,0.9996059536933899,other
Tank,5,2025-02-03,CBE,Google Play Store,NEGATIVE,0.9976772665977478,other
Senà shelu,5,2025-02-02,CBE,Google Play Store,POSITIVE,0.7489135265350342,other
it is not working,5,2025-02-02,CBE,Google Play Store,NEGATIVE,0.9997721314430237,other
Waww,1,2025-02-02,CBE,Google Play Store,NEGATIVE,0.9088253378868103,other
It is good,5,2025-02-02,CBE,Google Play Store,POSITIVE,0.9998494386672974,other
"I updated to the new version a while ago and it keeps crashing, maybe you can fix it.",3,2025-02-02,CBE,Google Play Store,NEGATIVE,0.9964019060134888,bugs
Simple good app,4,2025-02-02,CBE,Google Play Store,POSITIVE,0.9998643398284912,other
"After the last two update, I am facing the worst experience with this app.",1,2025-02-02,CBE,Google Play Store,NEGATIVE,0.999794065952301,other
Now it's crashing like crazy. It doesn't even open after a recent update.,1,2025-02-01,CBE,Google Play Store,NEGATIVE,0.9995834231376648,bugs
This app is so incredible,5,2025-02-01,CBE,Google Play Store,POSITIVE,0.9998726844787598,other
Mobail banking is the letest tecnologi,5,2025-02-01,CBE,Google Play Store,NEGATIVE,0.9940383434295654,other
without any reason it shows white screen and can't make transfers. Then when I went to branch then they reply go to the branch where you open your account.,1,2025-02-01,CBE,Google Play Store,NEGATIVE,0.9968906044960022,"login_issues, transactions"
It used to be the best bank app in Ethiopia. But now using it is a terrible experience. For every transaction it shows an error message. Making a simple payment requires 5 to 6 trials to complete.,1,2025-01-31,CBE,Google Play Store,NEGATIVE,0.9970723390579224,"transactions, bugs"
it does not connect,1,2025-01-31,CBE,Google Play Store,NEGATIVE,0.9997904896736145,other
Good application,5,2025-01-31,CBE,Google Play Store,POSITIVE,0.999854564666748,other
The worst I had to flight back to fix my app it need you to go back every 4 month not reliable for foreigners,1,2025-01-31,CBE,Google Play Store,NEGATIVE,0.9997552037239075,other
This should run for worst app of the year,1,2025-01-31,CBE,Google Play Store,NEGATIVE,0.9997993111610413,other
Very bad,1,2025-01-31,CBE,Google Play Store,NEGATIVE,0.9997884631156921,other
Bad,1,2025-01-31,CBE,Google Play Store,NEGATIVE,0.999782383441925,other
It is nice app!,4,2025-01-31,CBE,Google Play Store,POSITIVE,0.9998447895050049,other
Very nice app,5,2025-01-31,CBE,Google Play Store,POSITIVE,0.9998562335968018,other
"It's easy to use, but there is some problems sometimes when update the app in the network areas...",4,2025-01-31,CBE,Google Play Store,NEGATIVE,0.9943804144859314,other
No manage beneficiary for my app,1,2025-01-30,CBE,Google Play Store,NEGATIVE,0.999631404876709,other
Its good but we need an option of choosing a specific period to get a historique of transactions. For example when i want to check my previous transactions i only get few transactions. Thank you.,2,2025-01-30,CBE,Google Play Store,POSITIVE,0.8520452380180359,transactions
Very good mobile app,5,2025-01-30,CBE,Google Play Store,POSITIVE,0.9998629093170166,other
Very Good,5,2025-01-30,CBE,Google Play Store,POSITIVE,0.9998520612716675,other
"Something is wrong with the new update,it keep closing itself and i couldn't made an important transaction.",3,2025-01-30,CBE,Google Play Store,NEGATIVE,0.9995330572128296,transactions
The latest updates crushes repeatedly on my Redmi Note 12 pro plus. If you could correct the issue.,1,2025-01-30,CBE,Google Play Store,NEGATIVE,0.9994816184043884,other
Not worek recipient !!,1,2025-01-29,CBE,Google Play Store,NEGATIVE,0.6950622200965881,other
Best application,5,2025-01-29,CBE,Google Play Store,POSITIVE,0.9998098015785217,other
"I’ve been using the CBE mobile banking app, and overall, I appreciate its features. However, I’ve noticed that when I turn on the developer options on my device, the app stops functioning properly. It would be great if you could look into this issue, as I often need to access developer settings for other applications. Thank you for your attention to this matter!",1,2025-01-29,CBE,Google Play Store,NEGATIVE,0.9523293375968933,login_issues
I like the app,5,2025-01-29,CBE,Google Play Store,POSITIVE,0.9994398951530457,other
"If you are living outside of Ethiopia you better not deposit large money into your mobile account. It can kick you off any time for some small reasons and the only way you can recover is either to go to the bank in person or you need to have access to your phone which is impossible if you are living outside Ethiopia. The only option you will be left with is, you can't use your money. At least it would be better if you can recover your account using email or other verification ...",1,2025-01-29,CBE,Google Play Store,NEGATIVE,0.9994357228279114,login_issues
Number one,5,2025-01-29,CBE,Google Play Store,POSITIVE,0.999716579914093,other
Updating the app is must everytime they release it even to reload the transaction.,2,2025-01-29,CBE,Google Play Store,NEGATIVE,0.9953692555427551,transactions
These app is beast But the new update is great,5,2025-01-29,CBE,Google Play Store,POSITIVE,0.9992660880088806,other
Bahilu ketema,2,2025-01-29,CBE,Google Play Store,NEGATIVE,0.9338395595550537,other
It's easy and user friendly!,5,2025-01-29,CBE,Google Play Store,POSITIVE,0.9988501071929932,ui_ux
It is helpful to save time and energy,5,2025-01-28,CBE,Google Play Store,POSITIVE,0.9988180994987488,customer_support
DIGITAL LEADER BANK IN ETHIOPIA CBE,5,2025-01-28,CBE,Google Play Store,POSITIVE,0.9734249114990234,other
Turning off the developers' options :( This is getting out of hand. We don't need to go through that...,1,2025-01-28,CBE,Google Play Store,NEGATIVE,0.9956077933311462,other
🤙best,5,2025-01-28,CBE,Google Play Store,NEGATIVE,0.6970561742782593,other
😔,2,2025-01-28,CBE,Google Play Store,NEGATIVE,0.6970561742782593,other
I don't have an idea why our country soft wares needs some beroucracy?? How many peoples knew that about developer options N why is the new app forceing to disable that?? in my side i didn't get the apps as of b4.,1,2025-01-28,CBE,Google Play Store,NEGATIVE,0.9992456436157227,other
"BEST APP EVER,BUT WHEN CBE BE INTEGRATED WITH INTERNATIONAL TRANSFER",5,2025-01-28,CBE,Google Play Store,POSITIVE,0.9357486963272095,transactions
Where ever you go no one is like cbe mobile banking.it's absolutely perfect,5,2025-01-28,CBE,Google Play Store,POSITIVE,0.9998345375061035,other
"Does""nt give you a list of beneficieries.",2,2025-01-27,CBE,Google Play Store,POSITIVE,0.9234081506729126,other
Ti,1,2025-01-27,CBE,Google Play Store,POSITIVE,0.9913841485977173,other
"trasaction history needs to be more,",2,2025-01-27,CBE,Google Play Store,NEGATIVE,0.9970212578773499,other
This app is more helpful and best,5,2025-01-27,CBE,Google Play Store,POSITIVE,0.9988846182823181,customer_support
I like it more the app cbe thank you !,5,2025-01-27,CBE,Google Play Store,POSITIVE,0.9997392296791077,other
Alert The device developer Mode is turned on. Please turn off Developer Mode from device settings and try again to use this app OK What is this ?,1,2025-01-27,CBE,Google Play Store,NEGATIVE,0.99681156873703,other
Correct your order of incoming and outgoing birr,3,2025-01-27,CBE,Google Play Store,NEGATIVE,0.8908073306083679,other
Nice App,5,2025-01-27,CBE,Google Play Store,POSITIVE,0.9998061060905457,other
The apk doesn't work when the phones developer option is turned on. It always asks me to turn off the developer options to open the apk. Please fix it as it is unnecessary.,4,2025-01-26,CBE,Google Play Store,NEGATIVE,0.9993588328361511,other
Wow amazing app,4,2025-01-26,CBE,Google Play Store,POSITIVE,0.9998513460159302,other
Woow app,2,2025-01-25,CBE,Google Play Store,NEGATIVE,0.9864674210548401,other
Wow 👌 👏,5,2025-01-25,CBE,Google Play Store,POSITIVE,0.998944103717804,other
Best App👌🏿,5,2025-01-25,CBE,Google Play Store,POSITIVE,0.9997019171714783,other
"Why on earth is CBE telling me to turn off developer mode? As the name clearly states, it's for developers, not for CBE to dictate. There are countless financial apps out there that work just fine without demanding such an unnecessary restriction. If your app can’t handle developer mode, that’s a you problem. Fix your code instead of disabling features that have absolutely nothing to do with you.",2,2025-01-25,CBE,Google Play Store,NEGATIVE,0.5818856358528137,other
It keeps asking for an update recursively since the last update. What is going on??,2,2025-01-25,CBE,Google Play Store,NEGATIVE,0.998496413230896,other
I donot want to update.,5,2025-01-25,CBE,Google Play Store,POSITIVE,0.6200534701347351,other
The qr code scans must be backed to see the transfer is done and to use it easily,2,2025-01-25,CBE,Google Play Store,NEGATIVE,0.9893651008605957,transactions
"አፕልኬሽኑ የተላከልኝን ብር ቶሎ አያሳይም ። ከ 24 ሰዓት በላይ ይቆያል። ይህ ለቢዝነስ በጣም አስቸጋሪ ሆኖብኛል። መፍትሔ አላችሁ ? This application is too slow & inactive to notify & record transactions, & hence I faced difficulty using it for businesses. would you fix it?",1,2025-01-25,CBE,Google Play Store,NEGATIVE,0.9996609687805176,"performance, transactions"
Nice app thanks cbe,5,2025-01-25,CBE,Google Play Store,POSITIVE,0.9998252987861633,other
NICE,5,2025-01-25,CBE,Google Play Store,POSITIVE,0.9998552799224854,other
It is very nice to use,5,2025-01-25,CBE,Google Play Store,POSITIVE,0.9998107552528381,other
"the ""developer mode"" need to be fixed, it sucks",2,2025-01-25,CBE,Google Play Store,NEGATIVE,0.9996726512908936,other
"The app is simply trash, the only thing that's keeping them afloat is that the woods for the other Ethiopian banks is even trashier",1,2025-01-25,CBE,Google Play Store,NEGATIVE,0.999788224697113,other
It very important app,5,2025-01-25,CBE,Google Play Store,POSITIVE,0.9997138381004333,other
Data problems,1,2025-01-24,CBE,Google Play Store,NEGATIVE,0.9996092915534973,other
nice one,5,2025-01-24,CBE,Google Play Store,POSITIVE,0.9998481273651123,other
This app after update they ask verification .why they restricted for update?,5,2025-01-24,CBE,Google Play Store,NEGATIVE,0.9927914142608643,other
Best and ease to use,5,2025-01-24,CBE,Google Play Store,POSITIVE,0.9997965693473816,other
thank you very much and we are very very happy with your service🥰,5,2025-01-24,CBE,Google Play Store,POSITIVE,0.9998617172241211,customer_support
Cbe is the leader bank in Ethiopia by digital payment system,5,2025-01-24,CBE,Google Play Store,POSITIVE,0.9959623217582703,transactions
Like it,5,2025-01-24,CBE,Google Play Store,POSITIVE,0.9997184872627258,other
it's not working properly,1,2025-01-24,CBE,Google Play Store,NEGATIVE,0.9997792840003967,other
Make an option to send statement by email,1,2025-01-24,CBE,Google Play Store,NEGATIVE,0.9493922591209412,other
It is simple and very accurate system,1,2025-01-24,CBE,Google Play Store,POSITIVE,0.999847412109375,other
"I am happy for using CBE. How ever, i am happy we can not send money to other tele birr by this app. why???",5,2025-01-24,CBE,Google Play Store,POSITIVE,0.9919835925102234,transactions
Why developer option is off ? Please remove this feature.,4,2025-01-24,CBE,Google Play Store,NEGATIVE,0.9992109537124634,other
Reminding me to update and pay every month,5,2025-01-23,CBE,Google Play Store,POSITIVE,0.9341621398925781,other
its excellent app,5,2025-01-23,CBE,Google Play Store,POSITIVE,0.9998421669006348,other
"After a recent update, this app stopped working with a message "" the developer turned off advanced ... etc.",3,2025-01-23,CBE,Google Play Store,NEGATIVE,0.9997231364250183,other
እብድ ባነክ፣ ይሄ ዝምብሎ Update ብቻ የሚለውን እና Update የማያደርገውን ሲስተማችሁን አስተካክሉት። አናዳጆች!,1,2025-01-23,CBE,Google Play Store,NEGATIVE,0.8708980083465576,other
I am students of accounting and finance when i graduate i wish to do in CBE thanks,5,2025-01-23,CBE,Google Play Store,POSITIVE,0.998768150806427,login_issues
wow . what i can say thank you.,5,2025-01-23,CBE,Google Play Store,POSITIVE,0.9998680353164673,other
Good App,5,2025-01-23,CBE,Google Play Store,POSITIVE,0.9998493194580078,other
very inconvenience to use. unreliable and needs upgrades!!!,1,2025-01-23,CBE,Google Play Store,NEGATIVE,0.9996125102043152,other
Good I like it .,5,2025-01-22,CBE,Google Play Store,POSITIVE,0.9998548030853271,other
Wow❤🙏..,5,2025-01-22,CBE,Google Play Store,POSITIVE,0.624570906162262,other
The worst bank in Ethiopia!,1,2025-01-22,CBE,Google Play Store,NEGATIVE,0.9997764229774475,other
Annoying app Very poor,1,2025-01-22,CBE,Google Play Store,NEGATIVE,0.9997809529304504,other
"I have been accessing my CBE from abroad very easily without problems .Good job, guy.",2,2025-01-22,CBE,Google Play Store,POSITIVE,0.999575674533844,login_issues
I love ❤️ 😍 💖 ❣️ 💕,5,2025-01-21,CBE,Google Play Store,POSITIVE,0.999438464641571,other
Waw,5,2025-01-21,CBE,Google Play Store,NEGATIVE,0.7346190214157104,other
"Why force-disable Developer Options in the latest update? I get that it's a security precaution, but it's overkill. Plenty of other financial apps do not require it and it's sometimes necessary for debugging/experimental reasons",1,2025-01-21,CBE,Google Play Store,NEGATIVE,0.9979910850524902,bugs
በጣም ምርጥ እና ላጠቃቀም ቀላል አፕ ነው ደስ ብሎኛል,4,2025-01-20,CBE,Google Play Store,NEGATIVE,0.9322325587272644,other
"The app resets without customer interaction or confirmation, which is concerning. Please improve the user experience to ensure better control and transparency for customers.",5,2025-01-20,CBE,Google Play Store,NEGATIVE,0.971216082572937,other
"It was very convenient and cool to use, but for some reason it hasn't been working for me lately.",1,2025-01-20,CBE,Google Play Store,NEGATIVE,0.8924990892410278,other
cBENooR,5,2025-01-19,CBE,Google Play Store,POSITIVE,0.9303086400032043,other
Breaks after a week,1,2025-01-19,CBE,Google Play Store,NEGATIVE,0.953212559223175,other
Good work keep it uo.,5,2025-01-19,CBE,Google Play Store,POSITIVE,0.9998258948326111,other
ምርጥ ባንክ,5,2025-01-19,CBE,Google Play Store,NEGATIVE,0.7850580215454102,other
teliga,5,2025-01-19,CBE,Google Play Store,NEGATIVE,0.9704235196113586,other
Jest i like this app esy and fast,4,2025-01-19,CBE,Google Play Store,POSITIVE,0.9978528022766113,performance
First,5,2025-01-18,CBE,Google Play Store,POSITIVE,0.9977535605430603,other
abdulkarem,5,2025-01-18,CBE,Google Play Store,POSITIVE,0.9752504825592041,other
Reliable & Simplified Service🎉💜🙏🙏,5,2025-01-18,CBE,Google Play Store,POSITIVE,0.9995490908622742,customer_support
Muhajer Naser,5,2025-01-18,CBE,Google Play Store,POSITIVE,0.8194685578346252,other
This application is an unreliable application. Please do not use it. Hackers will enter through the application and take the certificate from CBE.,1,2025-01-18,CBE,Google Play Store,NEGATIVE,0.9993547797203064,other
Goood app,5,2025-01-18,CBE,Google Play Store,NEGATIVE,0.9925320744514465,other
Please make it active it is delaying in low connection thanks.,5,2025-01-18,CBE,Google Play Store,POSITIVE,0.8377202153205872,other
Best app for adroid user,5,2025-01-18,CBE,Google Play Store,POSITIVE,0.9955930113792419,other
Excellent condition security code used,5,2025-01-18,CBE,Google Play Store,POSITIVE,0.9990721940994263,other
Saadahmuu,1,2025-01-18,CBE,Google Play Store,NEGATIVE,0.9790336489677429,other
Yeah its very important in our daily life,5,2025-01-17,CBE,Google Play Store,POSITIVE,0.9996480941772461,other
The new update is seems force enable developer options on setting. And please fix the problem on iphones it only works for few days every time it get maintained at branches,1,2025-01-17,CBE,Google Play Store,POSITIVE,0.7807732224464417,other
Kedir nuri jemal,5,2025-01-16,CBE,Google Play Store,POSITIVE,0.9445419907569885,other
The great app and banking system 🤩,5,2025-01-16,CBE,Google Play Store,POSITIVE,0.9985370635986328,other
"Money transfer options is not giving correct input, and there is no way of knowing whether the money was successfully transferred.",2,2025-01-16,CBE,Google Play Store,NEGATIVE,0.9997788071632385,transactions
Over,5,2025-01-15,CBE,Google Play Store,NEGATIVE,0.9339751601219177,other
GOOD app,5,2025-01-15,CBE,Google Play Store,POSITIVE,0.9998493194580078,other
i enabled two step verification..when i press Authenticate it says Authentication failed.,5,2025-01-15,CBE,Google Play Store,NEGATIVE,0.9996612071990967,login_issues
Very much helpful,5,2025-01-15,CBE,Google Play Store,POSITIVE,0.9998149275779724,customer_support
Please add mini statement,2,2025-01-15,CBE,Google Play Store,POSITIVE,0.9677760004997253,other
It simplify every step.,5,2025-01-15,CBE,Google Play Store,POSITIVE,0.9977728724479675,other
It's good app,5,2025-01-15,CBE,Google Play Store,POSITIVE,0.9998689889907837,other
Taliyemuxumid mahamuud,2,2025-01-15,CBE,Google Play Store,NEGATIVE,0.7884646654129028,other
Keep up guys you're always trustful service giver. I appereciated so much.,5,2025-01-14,CBE,Google Play Store,POSITIVE,0.9996887445449829,customer_support
Abuu irbo,5,2025-01-14,CBE,Google Play Store,POSITIVE,0.5953798294067383,other
Go,5,2025-01-14,CBE,Google Play Store,POSITIVE,0.9994152784347534,other
Too good,5,2025-01-14,CBE,Google Play Store,POSITIVE,0.9997445940971375,other
ከድር ሁሴን አብደላ,5,2025-01-13,CBE,Google Play Store,NEGATIVE,0.8337246179580688,other
Suuuuu,5,2025-01-13,CBE,Google Play Store,NEGATIVE,0.9772841930389404,other
This app is the worst the current release doesn't work when developers mode is on and the transaction errors make you transfer money twice with errors,1,2025-01-13,CBE,Google Play Store,NEGATIVE,0.9996973276138306,"transactions, bugs"
Baayyee gaariidha Garuu App keessan altokko tokko isa ati tokko ergitu irra deebi'ee ergaa isa nu sirreessaa,4,2025-01-12,CBE,Google Play Store,NEGATIVE,0.9913952946662903,other
Developer mode?????,1,2025-01-12,CBE,Google Play Store,NEGATIVE,0.995884120464325,other
"It is Nice, but some times details of credited amount not shown from whom sent.",4,2025-01-12,CBE,Google Play Store,NEGATIVE,0.6728792786598206,other
ዳኒል ትዛዙ,1,2025-01-11,CBE,Google Play Store,NEGATIVE,0.7850580215454102,other
"I am facing difficulties related to network issues, while I have a good internet connection.",1,2025-01-11,CBE,Google Play Store,NEGATIVE,0.8891932368278503,other
Hulum yalfal,5,2025-01-11,CBE,Google Play Store,NEGATIVE,0.9677176475524902,other
How to make developer mode off,5,2025-01-11,CBE,Google Play Store,NEGATIVE,0.9988376498222351,other
"Alert The device developer Mode is turned on. You can't use this app, Please turn off Developer Mode and try again. OK Why reason?",1,2025-01-11,CBE,Google Play Store,NEGATIVE,0.9970587491989136,other
Galaxy j7,5,2025-01-11,CBE,Google Play Store,POSITIVE,0.9231308102607727,other
በጣም አሪፍ,5,2025-01-10,CBE,Google Play Store,NEGATIVE,0.7850580215454102,other
Tariku kasahun,5,2025-01-10,CBE,Google Play Store,POSITIVE,0.9682701826095581,other
I am leul,5,2025-01-10,CBE,Google Play Store,NEGATIVE,0.7330947518348694,other
Exelent App,5,2025-01-10,CBE,Google Play Store,POSITIVE,0.9968787431716919,other
Smart app❤️,5,2025-01-10,CBE,Google Play Store,POSITIVE,0.9998408555984497,other
አሪፍና ምቹ ተመችቶኛል ለኔ,5,2025-01-10,CBE,Google Play Store,NEGATIVE,0.8616323471069336,other
የራሱ የሆነ ኪቦርድ ቢኖረው _ እና ትራንዛክሽን ሂስትሪው ቢስተካከል እና ገቢ እና ወጪ ላይ ቀኑን አስከነ ሰአቱ በስነ ስርአቱ ቢያስቀምጥ አሪፍ ይመስለኛል,3,2025-01-10,CBE,Google Play Store,NEGATIVE,0.9668053984642029,other
aqf WWE the ga,2,2025-01-09,CBE,Google Play Store,NEGATIVE,0.7552667260169983,other
"Good cbe app but it frequently need update , after you update you will go to the Bank officer for verification . But my question is why not verify own self .",2,2025-01-09,CBE,Google Play Store,NEGATIVE,0.9766365885734558,other
Best and easy to use,5,2025-01-09,CBE,Google Play Store,POSITIVE,0.9997791647911072,other
EMAMU WUBETUDERESE,3,2025-01-09,CBE,Google Play Store,POSITIVE,0.5088629722595215,other
Merjerbehel.,5,2025-01-09,CBE,Google Play Store,POSITIVE,0.8828282952308655,other
"First this app was pretty good and well connection while transferring money, but now there's no such a worst mob app ever while transferring money it corrupts due to the network and took the amount of money you were transferring from your account then after seconds interruptions it's shows that the money is transferred (this case happens especially to telebirrr wallet) then after you report the issue to the CBE customer service they refund your money to your CBE account after 3-5 days.",2,2025-01-09,CBE,Google Play Store,NEGATIVE,0.9965466856956482,"login_issues, transactions, customer_support"
Satisfied,5,2025-01-08,CBE,Google Play Store,POSITIVE,0.9997212290763855,other
It nice but some connection limitation,3,2025-01-08,CBE,Google Play Store,NEGATIVE,0.8407271504402161,other
Ok. C,5,2025-01-08,CBE,Google Play Store,POSITIVE,0.9995594620704651,other
It's bestv forever!!,4,2025-01-08,CBE,Google Play Store,POSITIVE,0.9998586177825928,other
It is good app but not have statment 1 week 1 month only 2 days and it is not order by time,5,2025-01-08,CBE,Google Play Store,NEGATIVE,0.9727411866188049,other
8 expriance,1,2025-01-08,CBE,Google Play Store,NEGATIVE,0.742669939994812,other
this app is very good,5,2025-01-08,CBE,Google Play Store,POSITIVE,0.9998623132705688,other
It fast and satisfied,5,2025-01-08,CBE,Google Play Store,POSITIVE,0.9997804760932922,performance
Best app for the bank,5,2025-01-08,CBE,Google Play Store,POSITIVE,0.9994045495986938,other
best bank,5,2025-01-08,CBE,Google Play Store,POSITIVE,0.9997438788414001,other
Good challenge good.,5,2025-01-08,CBE,Google Play Store,POSITIVE,0.9998480081558228,other
👍👍👍👍 👍👍👍👍,3,2025-01-08,CBE,Google Play Store,NEGATIVE,0.7850580215454102,other
Best app I was but the message updated and it refused to work for me,5,2025-01-07,CBE,Google Play Store,NEGATIVE,0.9994940757751465,other
More,5,2025-01-07,CBE,Google Play Store,POSITIVE,0.9968525767326355,other
Why do i have to close the developer option to use it. After the update it's not even working unless I close the developer option,1,2025-01-07,CBE,Google Play Store,NEGATIVE,0.9997721314430237,other
❤❤😂😂,5,2025-01-07,CBE,Google Play Store,NEGATIVE,0.6970561742782593,other
Atractive and easy to use,5,2025-01-07,CBE,Google Play Store,POSITIVE,0.9762108325958252,other
"You can not track your transaction history with correct date, time and order",1,2025-01-07,CBE,Google Play Store,NEGATIVE,0.9983684420585632,transactions
Important,5,2025-01-07,CBE,Google Play Store,POSITIVE,0.999708354473114,other
"Keep saying ""unable to connect"" after a normal phone update. Please update the app to match latest phone ""updates""",1,2025-01-07,CBE,Google Play Store,NEGATIVE,0.9996213912963867,other
Sufiyan ahmade umara,5,2025-01-07,CBE,Google Play Store,NEGATIVE,0.7965824007987976,other
It's simple and easy to use,1,2025-01-06,CBE,Google Play Store,POSITIVE,0.9997555613517761,other
I like this app,5,2025-01-06,CBE,Google Play Store,POSITIVE,0.9996516704559326,other
good app I like it,4,2025-01-06,CBE,Google Play Store,POSITIVE,0.9998677968978882,other
WOW,5,2025-01-06,CBE,Google Play Store,POSITIVE,0.999592125415802,other
"i,ts not working, not good",1,2025-01-06,CBE,Google Play Store,NEGATIVE,0.9998045563697815,other
Thank you free 2 years,4,2025-01-06,CBE,Google Play Store,POSITIVE,0.9996683597564697,other
Please Add A dark theme😭😭,1,2025-01-06,CBE,Google Play Store,POSITIVE,0.9205669164657593,other
Open,2,2025-01-06,CBE,Google Play Store,POSITIVE,0.9997945427894592,other
Good service,5,2025-01-06,CBE,Google Play Store,POSITIVE,0.9998499155044556,customer_support
Abara,5,2025-01-06,CBE,Google Play Store,POSITIVE,0.9515088796615601,other
ABC 1234d,5,2025-01-06,CBE,Google Play Store,POSITIVE,0.5686543583869934,other
I don't understand the reason why this app asks me to turn off my developer options whenever I try to log into the app 🙄 This issue immediately needs to be fixed. Why would I sacrifice my phone's performance to use only this app? It's ridiculous 😒,2,2025-01-06,CBE,Google Play Store,NEGATIVE,0.9996905326843262,performance
Teaching 12 years,5,2025-01-06,CBE,Google Play Store,POSITIVE,0.9878355860710144,other
I have been using it for a years and it is beautiful in i the time have been using it,1,2025-01-06,CBE,Google Play Store,POSITIVE,0.9997625946998596,other
Flexible & easy service,4,2025-01-05,CBE,Google Play Store,POSITIVE,0.9997938275337219,customer_support
Not functional when i need a transactions,1,2025-01-05,CBE,Google Play Store,NEGATIVE,0.9996778964996338,transactions
Merchant,5,2025-01-05,CBE,Google Play Store,POSITIVE,0.969575047492981,other
"The banks logo, the hidden accounts data are not seen. It is saying it saying unconnected and hence does not sync.",2,2025-01-05,CBE,Google Play Store,NEGATIVE,0.9996697902679443,login_issues
𝕓𝕖𝕥𝕒𝕞 𝕒𝕣𝕚𝕗𝕖 𝕟𝕖𝕨,4,2025-01-05,CBE,Google Play Store,NEGATIVE,0.8337246179580688,other
Is not working for last update,1,2025-01-05,CBE,Google Play Store,NEGATIVE,0.9989091157913208,other
Why is it asking me for developer option,1,2025-01-05,CBE,Google Play Store,NEGATIVE,0.9979903697967529,other
"We need more update soon! once I updated it, it authomatically stop working😭",1,2025-01-05,CBE,Google Play Store,NEGATIVE,0.9997543692588806,other
"Very slagish to operate, needs upgraded.",2,2025-01-05,CBE,Google Play Store,NEGATIVE,0.9978467226028442,performance
Sayid hasien,5,2025-01-05,CBE,Google Play Store,POSITIVE,0.963449239730835,other
Very Goods 👍,5,2025-01-04,CBE,Google Play Store,POSITIVE,0.9906056523323059,other
Eas for use,5,2025-01-04,CBE,Google Play Store,NEGATIVE,0.6878705620765686,other
It nice apps,2,2025-01-04,CBE,Google Play Store,POSITIVE,0.9998646974563599,other
It gives service great,5,2025-01-04,CBE,Google Play Store,POSITIVE,0.9998428821563721,customer_support
Ahmedmohammed,5,2025-01-04,CBE,Google Play Store,POSITIVE,0.9835383892059326,other
በጣም አሪፍ መገልጊያ ነው 👍,5,2025-01-04,CBE,Google Play Store,NEGATIVE,0.8832126259803772,other
Why did this application stopped working at the moment,1,2025-01-04,CBE,Google Play Store,NEGATIVE,0.9997424483299255,other
"The worst update seen in the bank industry for mobile banking. If you're unable to make it smooth and reliable at the same time , return it to previous version. It shows that you don't have the best expertise like other banks in the country.",1,2025-01-04,CBE,Google Play Store,NEGATIVE,0.9997628331184387,other
It's a very good fast service provider but at the moment the system is denying me,5,2025-01-04,CBE,Google Play Store,NEGATIVE,0.9946014881134033,"performance, customer_support"
Wuu fican lkn wali cilad ba haysata sodee ku xaliya wuxu I lahay the developer mode is turned muxu ka wada,5,2025-01-04,CBE,Google Play Store,NEGATIVE,0.9985989928245544,other
It is fine,5,2025-01-04,CBE,Google Play Store,POSITIVE,0.9998645782470703,other
It's good nice job,5,2025-01-03,CBE,Google Play Store,POSITIVE,0.9998599290847778,other
መልካም ነው።,4,2025-01-03,CBE,Google Play Store,NEGATIVE,0.8337246179580688,other
3 year,3,2025-01-03,CBE,Google Play Store,POSITIVE,0.9850422739982605,other
Very good app forever,5,2025-01-03,CBE,Google Play Store,POSITIVE,0.9998764991760254,other
Nigatu Niguse,5,2025-01-03,CBE,Google Play Store,NEGATIVE,0.7539277076721191,other
Thank u for the easy operating service .It made life simple and accurate.Keep it up!!!,4,2025-01-03,CBE,Google Play Store,POSITIVE,0.9998249411582947,customer_support
ፕ9ፕ፸፻ሸሸቀቀዘጠዠቀቀሰቀረዠ፶፺፹ወከረረአ፻፯ክይልክ8ኡሽ9ፑፐክሰሰከአቀቀዘ፻ጰቀኡ7ፕሽክፕ፺ይዝ8ኡ87ብርፕ8ፕይፐኦጂጁጅእህፕይይ9ለሉ8ኡፕ9፱ፕ፵ክ977ሹ88ፕኢኦህከከፕል88ፕንኩክክኢኡጅሁይጉጎ8ጅይኢኢህኡይሽ9,5,2025-01-03,CBE,Google Play Store,NEGATIVE,0.6970561742782593,other
This App The Best One,5,2025-01-03,CBE,Google Play Store,POSITIVE,0.9998379945755005,other
Developer option,2,2025-01-03,CBE,Google Play Store,POSITIVE,0.9724230170249939,other
🙏🙏🙏,4,2025-01-03,CBE,Google Play Store,NEGATIVE,0.6970561742782593,other
It's not working,1,2025-01-03,CBE,Google Play Store,NEGATIVE,0.9997857213020325,other
Axc,5,2025-01-03,CBE,Google Play Store,NEGATIVE,0.5730367302894592,other
How i can divice developer mood off,5,2025-01-03,CBE,Google Play Store,NEGATIVE,0.9969462752342224,other
Sand me naw,2,2025-01-03,CBE,Google Play Store,NEGATIVE,0.9977026581764221,other
5 years,5,2025-01-03,CBE,Google Play Store,POSITIVE,0.9828450679779053,other
Wat is problem,5,2025-01-03,CBE,Google Play Store,NEGATIVE,0.9985818862915039,other
Aliyi,5,2025-01-02,CBE,Google Play Store,POSITIVE,0.9881757497787476,other
Cammercial bank,4,2025-01-02,CBE,Google Play Store,NEGATIVE,0.9768934845924377,other
TadeseD,5,2025-01-02,CBE,Google Play Store,NEGATIVE,0.9415817260742188,other
What's your problem with developer option ???,1,2025-01-02,CBE,Google Play Store,NEGATIVE,0.9991196990013123,other
ጥሩ,5,2025-01-02,CBE,Google Play Store,NEGATIVE,0.6970561742782593,other
Alert on,5,2025-01-02,CBE,Google Play Store,POSITIVE,0.9915254712104797,other
i can't access this app without turning off the developer option mode 🤬👎,1,2025-01-02,CBE,Google Play Store,NEGATIVE,0.9775353074073792,login_issues
Always their is a mal function,1,2025-01-02,CBE,Google Play Store,NEGATIVE,0.9996755123138428,other
2041 Habib tahir,5,2025-01-02,CBE,Google Play Store,POSITIVE,0.9945799112319946,other
It slow and unused app,1,2025-01-02,CBE,Google Play Store,NEGATIVE,0.9996582269668579,performance
No speed to reload,5,2025-01-02,CBE,Google Play Store,NEGATIVE,0.9995947480201721,performance
Not working,1,2025-01-02,CBE,Google Play Store,NEGATIVE,0.9997778534889221,other
Thanks for your,5,2025-01-02,CBE,Google Play Store,POSITIVE,0.9997199177742004,other
I am proud,5,2025-01-02,CBE,Google Play Store,POSITIVE,0.9998743534088135,other
Its not opening,5,2025-01-02,CBE,Google Play Store,NEGATIVE,0.99965500831604,other
👍👍,4,2025-01-01,CBE,Google Play Store,NEGATIVE,0.6970561742782593,other
Comfrtable app,5,2025-01-01,CBE,Google Play Store,NEGATIVE,0.9750619530677795,other
Very nice and fast app,5,2025-01-01,CBE,Google Play Store,POSITIVE,0.9998739957809448,performance
Pelisce ubedat,5,2025-01-01,CBE,Google Play Store,NEGATIVE,0.7223883867263794,other
"Simple bug fix, would help if current exchange rate is displayed on the app.",4,2025-01-01,CBE,Google Play Store,NEGATIVE,0.9989393353462219,"customer_support, bugs"
"The not allowing the app while ""developer options"" is on needs to be fixed! Why the hell is an app telling me what to do with my own OS??? This is an unnecessary fix that needs to be fixed!!!",1,2025-01-01,CBE,Google Play Store,NEGATIVE,0.9998024106025696,other
Update,2,2025-01-01,CBE,Google Play Store,POSITIVE,0.9908272624015808,other
"The recent update automatically turns the developers option on, and when one starts the app, a message pops up saying the app does not work with the developers option on. So, one has to go to the settings and manually turn the developers option off. Otherwise the app doesn't work.",3,2025-01-01,CBE,Google Play Store,NEGATIVE,0.9997578263282776,other
Very useful app,2,2025-01-01,CBE,Google Play Store,POSITIVE,0.9995785355567932,other
Good sistem,5,2025-01-01,CBE,Google Play Store,POSITIVE,0.9998559951782227,other
I like it for overall services,4,2025-01-01,CBE,Google Play Store,POSITIVE,0.9997093081474304,customer_support
When after updating the app it asked me to turn off developer mode how do i do that,4,2025-01-01,CBE,Google Play Store,NEGATIVE,0.9982588887214661,other
Arebu Haji,5,2025-01-01,CBE,Google Play Store,POSITIVE,0.9545524716377258,other
Amzaa Abdalaa,5,2025-01-01,CBE,Google Play Store,NEGATIVE,0.8108922839164734,other
Excellent!!!Keep it up!!!,5,2025-01-01,CBE,Google Play Store,POSITIVE,0.9998701810836792,other
Thats good for me,4,2025-01-01,CBE,Google Play Store,POSITIVE,0.999849796295166,other
Working doing fastly,5,2025-01-01,CBE,Google Play Store,POSITIVE,0.996116042137146,performance
The poorest app,4,2025-01-01,CBE,Google Play Store,NEGATIVE,0.9997407793998718,other
"The inconvenience of this app is that it requires developer options to be turned off. This hinders my ability to customize my phone as some of the customization can only be done in the developer options. Also, it didn't have this requirement before, so why now? And please return it how it was because this should not be an issue. Also, when a transaction is completed before it used to allow me to save the image of the completed transaction, now it doesn't, so please fix that also.",1,2025-01-01,CBE,Google Play Store,NEGATIVE,0.9995642304420471,transactions
Smart App,5,2025-01-01,CBE,Google Play Store,POSITIVE,0.999789297580719,other
Worst update ever. It asked to disable the developer's option which they don't have any authority over. Most useless update ever. I wish I could give it a 0 star if it was possible. Why do you care about my phone's settings? Stupid developers. Should Switch to other banks.,1,2025-01-01,CBE,Google Play Store,NEGATIVE,0.9998212456703186,other
Muftearashide,5,2025-01-01,CBE,Google Play Store,NEGATIVE,0.9893559813499451,other
Wow wonderful app thank you so much.,4,2025-01-01,CBE,Google Play Store,POSITIVE,0.9998775720596313,other
I appreciate you,5,2025-01-01,CBE,Google Play Store,POSITIVE,0.9998019337654114,other
It ask me your developer mode is on and its not working for me???,1,2025-01-01,CBE,Google Play Store,NEGATIVE,0.9996711015701294,other
Exellent,5,2025-01-01,CBE,Google Play Store,NEGATIVE,0.9927697777748108,other
opn,5,2025-01-01,CBE,Google Play Store,NEGATIVE,0.923209547996521,other
Wwŵw,5,2024-12-31,CBE,Google Play Store,POSITIVE,0.9401976466178894,other
The last update is useless!!,1,2024-12-31,CBE,Google Play Store,NEGATIVE,0.9997901320457458,other
It is varey good,5,2024-12-31,CBE,Google Play Store,POSITIVE,0.9998663663864136,other
Hi Hi Hi,5,2024-12-31,CBE,Google Play Store,POSITIVE,0.9976546168327332,other
Good very,3,2024-12-31,CBE,Google Play Store,POSITIVE,0.9998435974121094,other
Awesom,5,2024-12-31,CBE,Google Play Store,POSITIVE,0.9916402101516724,other
Excellent job.,5,2024-12-31,CBE,Google Play Store,POSITIVE,0.9998528957366943,other
Security,1,2024-12-31,CBE,Google Play Store,POSITIVE,0.9965949654579163,other
Batam arf new,5,2024-12-31,CBE,Google Play Store,NEGATIVE,0.9874332547187805,other
I like you this App..,5,2024-12-31,CBE,Google Play Store,POSITIVE,0.9996801614761353,other
Its good app,1,2024-12-31,CBE,Google Play Store,POSITIVE,0.9998613595962524,other
It is and better than *889#.,5,2024-12-31,CBE,Google Play Store,POSITIVE,0.9997976422309875,other
The update isn't working,1,2024-12-31,CBE,Google Play Store,NEGATIVE,0.9997337460517883,other
"No text, no update.....",1,2024-12-31,CBE,Google Play Store,NEGATIVE,0.9989455342292786,other
No installed,5,2024-12-31,CBE,Google Play Store,NEGATIVE,0.999492883682251,other
🙏🙏,5,2024-12-31,CBE,Google Play Store,NEGATIVE,0.6970561742782593,other
"As an app developer, I rely on Developer Mode to build and test apps, but this app blocks access entirely if it's enabled. This restriction is unnecessary and makes it impossible for developers to use the service. Instead of outright blocking, consider implementing enhanced security measures that don't alienate professionals who need this setting. Please reconsider this policy.",2,2024-12-31,CBE,Google Play Store,NEGATIVE,0.9983273148536682,"login_issues, customer_support"
It's really helpful,1,2024-12-31,CBE,Google Play Store,POSITIVE,0.9998189806938171,customer_support
Sales person,3,2024-12-31,CBE,Google Play Store,POSITIVE,0.9952869415283203,other
cbe noor,5,2024-12-31,CBE,Google Play Store,POSITIVE,0.9799768924713135,other
No work on my device,5,2024-12-31,CBE,Google Play Store,NEGATIVE,0.9997174143791199,other
nayis,4,2024-12-31,CBE,Google Play Store,NEGATIVE,0.9524694681167603,other
not convinet in slow Nw,5,2024-12-31,CBE,Google Play Store,POSITIVE,0.9845283627510071,performance
Weak update ! . b/c it stops when I want to set two step verification on. And it is only applicable if developer options are on. Why ??? Please tell me the reason 🙏,1,2024-12-31,CBE,Google Play Store,NEGATIVE,0.9996737241744995,other
Why I not used on these devices,5,2024-12-30,CBE,Google Play Store,NEGATIVE,0.9940034747123718,other
Very very good,5,2024-12-30,CBE,Google Play Store,POSITIVE,0.9998621940612793,other
Apdates went to dismiss the developer option,2,2024-12-30,CBE,Google Play Store,NEGATIVE,0.9997792840003967,other
"Best Mobile-Banking app! Moreover, I will rate 5 stars as soon as you add ""account statement display"" menu in it. Hopefully waiting, Thank you in advance!",4,2024-12-30,CBE,Google Play Store,POSITIVE,0.9989995360374451,login_issues
Updater,5,2024-12-30,CBE,Google Play Store,POSITIVE,0.8213801980018616,other
Wowwwwwwwweed,5,2024-12-30,CBE,Google Play Store,NEGATIVE,0.859373152256012,other
Even it is a problem to update the app. Fix the issue first,1,2024-12-30,CBE,Google Play Store,NEGATIVE,0.999527096748352,other
olanaa mulugeta,5,2024-12-30,CBE,Google Play Store,NEGATIVE,0.9776028990745544,other
Any,1,2024-12-30,CBE,Google Play Store,POSITIVE,0.9676826000213623,other
God appes,5,2024-12-30,CBE,Google Play Store,POSITIVE,0.8075099587440491,other
ምንም አትሉም,5,2024-12-30,CBE,Google Play Store,NEGATIVE,0.7850580215454102,other
gud,5,2024-12-30,CBE,Google Play Store,NEGATIVE,0.8956557512283325,other
"The review page keeps loading, and even sync is completed. The history page always shows old/unknown transactions. ...... Edited: I guess the loading page means it expires and needs to go to the nearest bank and ask for an extension for another 3 years. Upgrade to 3 stars .",3,2024-12-30,CBE,Google Play Store,NEGATIVE,0.993030846118927,transactions
"Simple, Easy platform",5,2024-12-30,CBE,Google Play Store,POSITIVE,0.9995031356811523,other
Pure & secure I like it,5,2024-12-30,CBE,Google Play Store,POSITIVE,0.9998677968978882,other
More than 10years,5,2024-12-30,CBE,Google Play Store,POSITIVE,0.9733986854553223,other
እየሰራልኝ አደለም,5,2024-12-30,CBE,Google Play Store,NEGATIVE,0.7850580215454102,other
ታንክስ,5,2024-12-30,CBE,Google Play Store,NEGATIVE,0.6970561742782593,other
AsenafeDemelee,2,2024-12-29,CBE,Google Play Store,NEGATIVE,0.752826988697052,other
13 years ecxepiranes,5,2024-12-29,CBE,Google Play Store,POSITIVE,0.7449211478233337,other
Best app from any others app,5,2024-12-29,CBE,Google Play Store,POSITIVE,0.9975526928901672,other
Student,1,2024-12-29,CBE,Google Play Store,POSITIVE,0.9856825470924377,other
It's very Simple and useful for customer and also easier from other options of this Bank but its hard sometimes when the net work is bussy and inquiry some add update from the Branch technical stuff when you want this application for critical case the application was inquiring you un wanted update,5,2024-12-29,CBE,Google Play Store,NEGATIVE,0.9932367205619812,other
ለተሻለ ቅልጥፍናሸ,5,2024-12-29,CBE,Google Play Store,NEGATIVE,0.7850580215454102,other
Abraham hailu ara,5,2024-12-29,CBE,Google Play Store,POSITIVE,0.9884116053581238,other
Hiio,2,2024-12-29,CBE,Google Play Store,POSITIVE,0.9921185970306396,other
This app is best if you add fingerprint or facial authentication instead of the current one.,5,2024-12-29,CBE,Google Play Store,NEGATIVE,0.9890190958976746,other
I like this application,4,2024-12-29,CBE,Google Play Store,POSITIVE,0.9995908141136169,other
Best quality servic,5,2024-12-29,CBE,Google Play Store,POSITIVE,0.9998027682304382,other
your service is very very nice,5,2024-12-29,CBE,Google Play Store,POSITIVE,0.9998544454574585,customer_support
sintayohu sirika,5,2024-12-29,CBE,Google Play Store,POSITIVE,0.9875356554985046,other
the worst app i have ever seen,1,2024-12-28,CBE,Google Play Store,NEGATIVE,0.999790370464325,other
it is best uplication Which i real on,5,2024-12-28,CBE,Google Play Store,POSITIVE,0.9972715973854065,other
Why we can't make a transfer with foreign banks?,1,2024-12-28,CBE,Google Play Store,NEGATIVE,0.9979678988456726,transactions
The worst update,1,2024-12-28,CBE,Google Play Store,NEGATIVE,0.9997891783714294,other
yes important,5,2024-12-28,CBE,Google Play Store,POSITIVE,0.999671459197998,other
Not flexible,2,2024-12-27,CBE,Google Play Store,NEGATIVE,0.9997934699058533,other
looks great but it has no option for accessing our transaction history....for some days back ...this makes our work bad,5,2024-12-27,CBE,Google Play Store,NEGATIVE,0.9997683167457581,"login_issues, transactions"
"Everything is good except that it's asking me for update too much even though I updated the app many times and still mentioning that ""it is critical update"" so pls fix that",4,2024-12-27,CBE,Google Play Store,NEGATIVE,0.8743716478347778,other
Difficult to update,1,2024-12-27,CBE,Google Play Store,NEGATIVE,0.9997279047966003,other
You should be boa b/c the app active by self so please 🙏 arrange now and for activation service l was pay 20 birr this is unfair,1,2024-12-27,CBE,Google Play Store,NEGATIVE,0.9997192025184631,customer_support
simplest app. that i have ever used..,5,2024-12-27,CBE,Google Play Store,POSITIVE,0.7280798554420471,other
"This app is the best, easy and more clear to use including its features to understand so i liked it 100% because the app made the life of customers easy. Thanks cbe and the app.",5,2024-12-27,CBE,Google Play Store,POSITIVE,0.9997873902320862,other
Nice 👍 app 💯 🙏,5,2024-12-26,CBE,Google Play Store,POSITIVE,0.9991274476051331,other
After the update the system the requirement for minimal is not fair,2,2024-12-26,CBE,Google Play Store,NEGATIVE,0.999625563621521,other
Tajaajilaa gaarii 🤩,5,2024-12-26,CBE,Google Play Store,NEGATIVE,0.8106322288513184,other
It's so good,5,2024-12-26,CBE,Google Play Store,POSITIVE,0.9998452663421631,other
Perfect,5,2024-12-26,CBE,Google Play Store,POSITIVE,0.9998517036437988,other
its the best and fast,5,2024-12-26,CBE,Google Play Store,POSITIVE,0.999862551689148,performance
Its great,5,2024-12-26,CBE,Google Play Store,POSITIVE,0.9998660087585449,other
Nice program,5,2024-12-26,CBE,Google Play Store,POSITIVE,0.9998121857643127,other
Vgood,5,2024-12-26,CBE,Google Play Store,POSITIVE,0.945227324962616,other
Good and the Great,5,2024-12-25,CBE,Google Play Store,POSITIVE,0.9998606443405151,other
"Wow wow wow cbe; gud job, keep it up.",5,2024-12-25,CBE,Google Play Store,POSITIVE,0.9993834495544434,other
Not used fully amount,1,2024-12-25,CBE,Google Play Store,NEGATIVE,0.999546229839325,other
Timeout,5,2024-12-25,CBE,Google Play Store,NEGATIVE,0.9808634519577026,other
ተጨማሪ ፒን የጣትአሻራ መጨመሩ በጣምጥሩነው ስጠብቀው የነበረ ፊውቸርነው👍,5,2024-12-25,CBE,Google Play Store,NEGATIVE,0.9239574670791626,other
Nice ap,5,2024-12-25,CBE,Google Play Store,POSITIVE,0.9997959733009338,other
Good commercial bank of ethiopia,5,2024-12-25,CBE,Google Play Store,POSITIVE,0.9995922446250916,other
I used for long time its best app,5,2024-12-24,CBE,Google Play Store,POSITIVE,0.9956963062286377,other
Very good and easy to use.,5,2024-12-24,CBE,Google Play Store,POSITIVE,0.9998786449432373,other
I have very happiness by this service thank you cbe,5,2024-12-24,CBE,Google Play Store,POSITIVE,0.9998687505722046,customer_support
This app is not working properly,5,2024-12-24,CBE,Google Play Store,NEGATIVE,0.9997966885566711,other
CBE my device don't work,1,2024-12-23,CBE,Google Play Store,NEGATIVE,0.999734103679657,other
Its good enough to transaction,4,2024-12-23,CBE,Google Play Store,POSITIVE,0.9998494386672974,transactions
I love it its simple to use,5,2024-12-23,CBE,Google Play Store,POSITIVE,0.9998571872711182,other
Lot of errors.,1,2024-12-22,CBE,Google Play Store,NEGATIVE,0.9993113279342651,bugs
Good but it needs good network.,5,2024-12-22,CBE,Google Play Store,NEGATIVE,0.9671789407730103,other
Thank you CBE.,5,2024-12-22,CBE,Google Play Store,POSITIVE,0.9997511506080627,other
Simplest and good way of using Internet banking it very interesting app,5,2024-12-21,CBE,Google Play Store,POSITIVE,0.9975357055664062,other
Woooooo,5,2024-12-21,CBE,Google Play Store,POSITIVE,0.7888643741607666,other
very good for security,5,2024-12-21,CBE,Google Play Store,POSITIVE,0.9997959733009338,other
ወደሌላ ባንክ ሲላክ የሚቆርጠው በጣም ብዙነው,2,2024-12-21,CBE,Google Play Store,NEGATIVE,0.9046949148178101,other
Try to fix ur night time network setup,4,2024-12-20,CBE,Google Play Store,NEGATIVE,0.9994114637374878,other
Yuu,2,2024-12-20,CBE,Google Play Store,POSITIVE,0.9938598871231079,other
App Baayyee Bareedaadha.,3,2024-12-20,CBE,Google Play Store,NEGATIVE,0.981672465801239,other
Its Good works great,5,2024-12-20,CBE,Google Play Store,POSITIVE,0.999869704246521,other
"This is the worst update ever, the older version was better. It has so much bug.",1,2024-12-20,CBE,Google Play Store,NEGATIVE,0.9997972846031189,bugs
Best mobile banking app in Ethiopia,5,2024-12-20,CBE,Google Play Store,POSITIVE,0.9996216297149658,other
Deserve 5 star,5,2024-12-20,CBE,Google Play Store,POSITIVE,0.7735875248908997,other
It doesnt work,5,2024-12-20,CBE,Google Play Store,NEGATIVE,0.999631404876709,bugs
Sometimes stack.,1,2024-12-20,CBE,Google Play Store,NEGATIVE,0.9173981547355652,other
The most worst update. It even doesn't let you know ur balance. It doesn't respond quickly.,1,2024-12-20,CBE,Google Play Store,NEGATIVE,0.9997528195381165,other
"In the previous, I gave 4 🌟 for this app based on my evaluation. This app was without biometric security and may be exposed to cheaters unexpectedly. It is solved now. You can add verification security on the setting app. But there is something problem still with verification. It must prevent logging in without correct input fingerprint.",5,2024-12-20,CBE,Google Play Store,NEGATIVE,0.9971532821655273,other
it is the best,5,2024-12-20,CBE,Google Play Store,POSITIVE,0.9998602867126465,other
Vivo v2333s,4,2024-12-20,CBE,Google Play Store,POSITIVE,0.9721412658691406,other
Etyo 👌👌👌🌍🌍,5,2024-12-19,CBE,Google Play Store,POSITIVE,0.8849583864212036,other
This is a good appp,5,2024-12-19,CBE,Google Play Store,POSITIVE,0.9998570680618286,other
"Before the new version, the app was fast and merits 4 ⭐. However, following the upgrade, the app is slow and takes time to reload. Apps are useless without speed, so make them work.",1,2024-12-19,CBE,Google Play Store,NEGATIVE,0.9991064667701721,performance
Yeah,5,2024-12-18,CBE,Google Play Store,POSITIVE,0.9993269443511963,other
The bank you relays on,5,2024-12-18,CBE,Google Play Store,POSITIVE,0.9651451110839844,other
Fuadseif,5,2024-12-18,CBE,Google Play Store,NEGATIVE,0.9777628779411316,other
This app fast and fact every solution thanks,5,2024-12-18,CBE,Google Play Store,POSITIVE,0.9995457530021667,performance
It stuck many time i can't transfer my own money the time i need it must be update but if the stucking prevent it is great app,3,2024-12-18,CBE,Google Play Store,NEGATIVE,0.5207169651985168,transactions
Easy to use and fast.,4,2024-12-18,CBE,Google Play Store,POSITIVE,0.9994307160377502,performance
it is ni ce,5,2024-12-18,CBE,Google Play Store,NEGATIVE,0.956671416759491,other
My desire,5,2024-12-18,CBE,Google Play Store,POSITIVE,0.9867066740989685,other
ከንዙ ኢብራሂም,5,2024-12-18,CBE,Google Play Store,NEGATIVE,0.7850580215454102,other
It is very nice app,5,2024-12-18,CBE,Google Play Store,POSITIVE,0.9998601675033569,other
It might be fake be aware (it’s not working),1,2024-12-17,CBE,Google Play Store,NEGATIVE,0.9994915723800659,other
Best sistms,3,2024-12-17,CBE,Google Play Store,POSITIVE,0.9995149374008179,other
Rated,5,2024-12-17,CBE,Google Play Store,POSITIVE,0.9994613528251648,other
Bulbule masfin,5,2024-12-17,CBE,Google Play Store,NEGATIVE,0.9848324656486511,other
It Made Life Simple,5,2024-12-17,CBE,Google Play Store,POSITIVE,0.9997851252555847,other
It's easy and convenient 🙌,5,2024-12-17,CBE,Google Play Store,POSITIVE,0.9934213757514954,other
Gud,2,2024-12-17,CBE,Google Play Store,NEGATIVE,0.8956557512283325,other
This bank is one of worst bank stealing poor peoples money 😭,1,2024-12-17,CBE,Google Play Store,NEGATIVE,0.9992907047271729,other
So amazing app I've ever seen,4,2024-12-17,CBE,Google Play Store,POSITIVE,0.9998512268066406,other
Very convenient and user-friendly app. I love it,4,2024-12-17,CBE,Google Play Store,POSITIVE,0.9997279047966003,ui_ux
"My experience with this app has been outstanding so far,but sometimes it has a hard time connecting with network and makes it hard to make transactions. Apart from that it's amazing.",4,2024-12-17,CBE,Google Play Store,POSITIVE,0.9803685545921326,transactions
Even if i had a balance of >0 i couldn't Even transfer any of my balance starting from 0-10257.,1,2024-12-17,CBE,Google Play Store,NEGATIVE,0.9987291693687439,transactions
Best Application Mobile Bank,5,2024-12-17,CBE,Google Play Store,POSITIVE,0.9995409250259399,other
"It is keeping to say"" this app is rooted you can't use it ""what is the problem",1,2024-12-17,CBE,Google Play Store,POSITIVE,0.9084511399269104,other
is this the latest CBE app,5,2024-12-17,CBE,Google Play Store,POSITIVE,0.988097608089447,other
"iI can not see the receipt, why?",5,2024-12-17,CBE,Google Play Store,NEGATIVE,0.9993755221366882,other
How to play sirra critical,5,2024-12-16,CBE,Google Play Store,POSITIVE,0.8102276921272278,other
Yoyo,5,2024-12-16,CBE,Google Play Store,POSITIVE,0.9969800114631653,other
V.good,5,2024-12-16,CBE,Google Play Store,POSITIVE,0.9948773980140686,other
Awesome,5,2024-12-16,CBE,Google Play Store,POSITIVE,0.9998682737350464,other
"It's very good app for transactions, to give you 5star one more thing you need to do is include bank statement showing methods. And one more thing after you take your commission why you take 5birr monthly without my confirmation?",4,2024-12-16,CBE,Google Play Store,POSITIVE,0.9873144030570984,transactions
It's excellent 👌 app,5,2024-12-16,CBE,Google Play Store,POSITIVE,0.999842643737793,other
Fast app,4,2024-12-16,CBE,Google Play Store,POSITIVE,0.9983617663383484,performance
Please Add the Biometric system on the app,5,2024-12-15,CBE,Google Play Store,POSITIVE,0.8240340352058411,other
nic,4,2024-12-15,CBE,Google Play Store,POSITIVE,0.9977141618728638,other
So cool app,5,2024-12-15,CBE,Google Play Store,POSITIVE,0.9998453855514526,other
"I am so disappointed because the application doesn't clearly show how many birr it will charge for every transaction rather than just deducted the money , as a user we should have the right to know the amount of money that is going to be deducted. It is a very deceptive tactic , it should be improved immediately.",1,2024-12-15,CBE,Google Play Store,NEGATIVE,0.9984980821609497,transactions
Transfer to telebirr fee above 10 birr,1,2024-12-15,CBE,Google Play Store,NEGATIVE,0.9715496301651001,transactions
perfekt,5,2024-12-15,CBE,Google Play Store,POSITIVE,0.9874942898750305,other
Super fast,5,2024-12-14,CBE,Google Play Store,POSITIVE,0.9992691874504089,performance
Convenient and safe to use! Better to show more transaction history 👍,5,2024-12-14,CBE,Google Play Store,NEGATIVE,0.992573618888855,transactions
Best application for ever Thank you very much indeed for your understanding me,5,2024-12-14,CBE,Google Play Store,POSITIVE,0.9998273253440857,other
It takes ur money out of no where!!!!,1,2024-12-14,CBE,Google Play Store,NEGATIVE,0.9982123374938965,other
Best & easy app!,5,2024-12-14,CBE,Google Play Store,POSITIVE,0.9994521737098694,other
Jaabir,5,2024-12-14,CBE,Google Play Store,NEGATIVE,0.9914588928222656,other
Tegehegn sayile,3,2024-12-13,CBE,Google Play Store,POSITIVE,0.7403297424316406,other
Good service for me because it saves my time. There's no need to go to the brunch to transfer the money my bank is going to anywhere with so I can do anything on my mobile banking.thanks for your service.,5,2024-12-13,CBE,Google Play Store,POSITIVE,0.9988201260566711,"transactions, customer_support"
"Awesome and very simple to use, love it👍🏽",5,2024-12-13,CBE,Google Play Store,POSITIVE,0.9998764991760254,other
SUBSCRAYB,3,2024-12-12,CBE,Google Play Store,POSITIVE,0.5178694725036621,other
CBE. is most fantastic and mor action app bee used every parson. CEB. Is my dream a yeat com. for every population if you need highly educated to see about CEB USEED APP of CEB Wallet With all transactions in All world bank to bee exchange raet More information ⬇️With CBE Mobile app you can perform banking tasks anywhere at anytime! Commercial Bank of Ethiopia Mobile Banking The Official app of CBE for Android CBE Android Mobile application gives you access to your account on your Android phone.,5,2024-12-12,CBE,Google Play Store,POSITIVE,0.9416581392288208,"login_issues, transactions"
የ 1 ወር transaction ቢያሳይ አሪፍ ነው እንዲያሳይ አድርጉልን,4,2024-12-12,CBE,Google Play Store,NEGATIVE,0.9343537092208862,transactions
It's good but it is very busy occasionally.,3,2024-12-12,CBE,Google Play Store,NEGATIVE,0.8259980082511902,other
Amadin Abrahim,5,2024-12-11,CBE,Google Play Store,POSITIVE,0.9909023642539978,other
CBE is great app,5,2024-12-09,CBE,Google Play Store,POSITIVE,0.9997981190681458,other
Its weak application,1,2024-12-09,CBE,Google Play Store,NEGATIVE,0.9996856451034546,other
Vary excellent but update balance not seen at time transaction.,4,2024-12-09,CBE,Google Play Store,POSITIVE,0.5571481585502625,transactions
432forget,5,2024-12-09,CBE,Google Play Store,POSITIVE,0.7777395844459534,other
Why it havent cbbirr,5,2024-12-08,CBE,Google Play Store,NEGATIVE,0.9979460835456848,other
Hasan.dawee,5,2024-12-08,CBE,Google Play Store,POSITIVE,0.6612515449523926,other
Its not work as expectations,1,2024-12-07,CBE,Google Play Store,NEGATIVE,0.9967843294143677,other
Not that much good!,1,2024-12-07,CBE,Google Play Store,NEGATIVE,0.9997987151145935,other
Good & Perfect 👌,5,2024-12-06,CBE,Google Play Store,POSITIVE,0.9998761415481567,other
💯💯💯👌👌👌👌Perfect,5,2024-12-06,CBE,Google Play Store,NEGATIVE,0.6970561742782593,other
Great app convenient for making payments and transactions. Tnxs CBE 👏👏👏,5,2024-12-06,CBE,Google Play Store,POSITIVE,0.996038556098938,transactions
My all time best application,5,2024-12-06,CBE,Google Play Store,POSITIVE,0.9998243451118469,other
Hayye,5,2024-12-06,CBE,Google Play Store,POSITIVE,0.9991071820259094,other
2 Year Exprianced on this app,5,2024-12-06,CBE,Google Play Store,NEGATIVE,0.987575352191925,other
It's professional app ilike this app,5,2024-12-06,CBE,Google Play Store,POSITIVE,0.9623318314552307,other
"It is very good, it is very useful, it is a problem solver",5,2024-12-06,CBE,Google Play Store,POSITIVE,0.9998414516448975,other
COmmercial,1,2024-12-05,CBE,Google Play Store,NEGATIVE,0.9959623217582703,other
Superb app. Serves better than I expected in a remote and hardly Internet connection covered areas while in the field work. Thanks team,5,2024-12-03,CBE,Google Play Store,POSITIVE,0.995970606803894,other
It's amazing,5,2024-12-02,CBE,Google Play Store,POSITIVE,0.9998785257339478,other
Goood,1,2024-12-02,CBE,Google Play Store,NEGATIVE,0.9943867921829224,other
No speed,2,2024-12-01,CBE,Google Play Store,NEGATIVE,0.9996943473815918,performance
"I’ve noticed two key issues with your app: 1. Username Visibility: The app doesn’t display the username, making verification difficult. Please add this feature. 2. Transaction History: Transaction history gets deleted if the app is reinstalled. This data should remain accessible unless manually deleted by the user. A ""Load More"" option for older transactions would also be helpful. These issues have caused inconvenience. Fixing them would greatly improve the user experience. Thank you.",5,2024-12-01,CBE,Google Play Store,NEGATIVE,0.9981787204742432,"login_issues, transactions, customer_support"
I want to download,5,2024-11-30,CBE,Google Play Store,POSITIVE,0.9819483757019043,other
This app is just sweet,5,2024-11-30,CBE,Google Play Store,POSITIVE,0.9998192191123962,other
It is the best application that makes life easier and provides fast service,5,2024-11-30,CBE,Google Play Store,POSITIVE,0.9998102784156799,"performance, customer_support"
Fast and reliable,4,2024-11-30,CBE,Google Play Store,POSITIVE,0.9998595714569092,performance
the good app,5,2024-11-29,CBE,Google Play Store,POSITIVE,0.99986732006073,other
"Self transfer has a problem. Doesn't tell weather trasfered or not after the process,ie ignors the final issuance of reciept .....",2,2024-11-28,CBE,Google Play Store,NEGATIVE,0.997632622718811,transactions
Best for users,5,2024-11-28,CBE,Google Play Store,POSITIVE,0.9996201992034912,other
really,5,2024-11-27,CBE,Google Play Store,POSITIVE,0.9980352520942688,other
"1.I have to log out and wait for more minutes to make another transfer . 2. I get charged for a not satisfactory transfer amount. 3.On some days I see some transactions with different amount of transfers which I don't do . 4.I can not transfer more than 20K. and charger for every transfer is not fair 5.And l wish to know ""For Ethiopians where exactly is there country to live in""",1,2024-11-26,CBE,Google Play Store,NEGATIVE,0.9992608428001404,transactions
Gugu gaga,3,2024-11-26,CBE,Google Play Store,POSITIVE,0.5673134326934814,other
Agriculture in genral,5,2024-11-26,CBE,Google Play Store,POSITIVE,0.989987313747406,other
ንግድ,4,2024-11-25,CBE,Google Play Store,NEGATIVE,0.6970561742782593,other
"Pretty straightforward, does what it's supposed to do. Wish it had beefier/ more detailed recent transactions though.",4,2024-11-25,CBE,Google Play Store,NEGATIVE,0.98154217004776,transactions
milyon,1,2024-11-24,CBE,Google Play Store,POSITIVE,0.9962282180786133,other
"ስግብግብ , Unfair (Tele + CBE )😫",2,2024-11-23,CBE,Google Play Store,NEGATIVE,0.9997060894966125,other
Yadani Nagaro,4,2024-11-23,CBE,Google Play Store,NEGATIVE,0.8292449712753296,other
Less functional,1,2024-11-22,CBE,Google Play Store,NEGATIVE,0.9997671246528625,other
The system is slow,5,2024-11-22,CBE,Google Play Store,NEGATIVE,0.9997988343238831,performance
This works fine !! Nice !!! But I was wondering can I see my statement from the app?,4,2024-11-21,CBE,Google Play Store,POSITIVE,0.9906228184700012,other
Nsiro,5,2024-11-20,CBE,Google Play Store,NEGATIVE,0.9279550909996033,other
USE ENGLISH LANGUAGE.,5,2024-11-20,CBE,Google Play Store,POSITIVE,0.9923190474510193,other
Wooooow,5,2024-11-20,CBE,Google Play Store,POSITIVE,0.858070433139801,other
It used to work fine but nowadays if u try to use it after midnight it doesn't always work either with Wi-Fi or data and sometimes we gotta pay things before the dead line and boom it doesn't work,3,2024-11-20,CBE,Google Play Store,NEGATIVE,0.999744713306427,other
I like this app! it's easy to use and quite flexible. it's nice 👍,5,2024-11-19,CBE,Google Play Store,POSITIVE,0.9998548030853271,other
From my over thirty five years custemer of the Commercial Bank of Ethiopia I find it to dependable bank.,5,2024-11-19,CBE,Google Play Store,POSITIVE,0.8047594428062439,other
improvement,4,2024-11-19,CBE,Google Play Store,POSITIVE,0.9987468719482422,other
Its good bank in ethiopia,4,2024-11-19,CBE,Google Play Store,POSITIVE,0.9997450709342957,other
It good,5,2024-11-18,CBE,Google Play Store,POSITIVE,0.9998427629470825,other
The best banking and application,5,2024-11-18,CBE,Google Play Store,POSITIVE,0.9998595714569092,other
👍👍👍👌👌👌👌👌👌👌🤣,5,2024-11-18,CBE,Google Play Store,NEGATIVE,0.6970561742782593,other
So Good,2,2024-11-18,CBE,Google Play Store,POSITIVE,0.999841570854187,other
ZAYINE SALMAN,5,2024-11-17,CBE,Google Play Store,POSITIVE,0.9868489503860474,other
"feature to add beneficiary account from older version isn't available on this one, and the greeting notification that pops out during every log in is boring.",1,2024-11-17,CBE,Google Play Store,NEGATIVE,0.9994866847991943,login_issues
Problems seen account banning without my permission,2,2024-11-17,CBE,Google Play Store,NEGATIVE,0.9990825653076172,login_issues
maashaallaah,5,2024-11-17,CBE,Google Play Store,NEGATIVE,0.9823579788208008,other
Excellent performance,5,2024-11-16,CBE,Google Play Store,POSITIVE,0.999862790107727,performance
I like this app. It is very helpfull. The draw back is it doesn't order transactions accordingly and it stops responding without any notification.,3,2024-11-16,CBE,Google Play Store,POSITIVE,0.9578424692153931,"transactions, customer_support"
በጣም የሚያስጠላ ሲስተም ነው ኣሻሽሉ,2,2024-11-16,CBE,Google Play Store,NEGATIVE,0.8832126259803772,other
"Sometimes, it is very difficult to open",1,2024-11-15,CBE,Google Play Store,NEGATIVE,0.9993867874145508,other
It is easy;comfortable and smart latest advanced digitaluzed application of CBE!!!!!!!,5,2024-11-15,CBE,Google Play Store,POSITIVE,0.9997350573539734,other
ሲስተሙ ምንም አይሰራም ያአቸግራል 😔😔 ብስታካከል መላካም ነው,1,2024-11-14,CBE,Google Play Store,NEGATIVE,0.9239574670791626,other
One of the best,5,2024-11-14,CBE,Google Play Store,POSITIVE,0.9998641014099121,other
Best app to use money transfer,5,2024-11-13,CBE,Google Play Store,POSITIVE,0.977408230304718,transactions
Best in ethiopia,5,2024-11-13,CBE,Google Play Store,POSITIVE,0.999779999256134,other
It is very easy to use and preferable overall I really liked this app,4,2024-11-13,CBE,Google Play Store,POSITIVE,0.9995989203453064,other
That's good,5,2024-11-12,CBE,Google Play Store,POSITIVE,0.9998168349266052,other
fantastic and very helpful,5,2024-11-12,CBE,Google Play Store,POSITIVE,0.9998767375946045,customer_support
It s nice,5,2024-11-12,CBE,Google Play Store,POSITIVE,0.9998586177825928,other
No fast,1,2024-11-12,CBE,Google Play Store,NEGATIVE,0.9815400242805481,performance
I really love this App It's amazing 🙏,5,2024-11-11,CBE,Google Play Store,POSITIVE,0.9998778104782104,other
"The 'unsubscribe' button in the CBE Android app is misplaced. It should be at the middle of the menu or somewhere else rather than at the end. The end is usually for a 'log out"" and I inadvertently touched ''unsubscribe"" many times. This could lead to customers accidentally unsubscribing from the service.",4,2024-11-11,CBE,Google Play Store,NEGATIVE,0.9997537732124329,customer_support
Very good service,5,2024-11-11,CBE,Google Play Store,POSITIVE,0.9998648166656494,customer_support
"hello,all ethiopian to east africa and all over the world.i am from ethiopia.i wos have disegned new digital transaction system in ethiopia.this our money transaction to be active when we need all our transaction to any where.this is also exellent way to connect by digital transaction with global country.......like china...us...italy....phli....etc through the world...we have been lucky by making a great digital connection system to develop our CBE birr with global transaction...in ethiopia...",5,2024-11-10,CBE,Google Play Store,POSITIVE,0.9685646891593933,transactions
Best app in ethiopia,5,2024-11-10,CBE,Google Play Store,POSITIVE,0.999491810798645,other
Interesting application,5,2024-11-10,CBE,Google Play Store,POSITIVE,0.999768078327179,other
The best application and easy my life,5,2024-11-10,CBE,Google Play Store,POSITIVE,0.9998654127120972,other
ኘተ,5,2024-11-09,CBE,Google Play Store,NEGATIVE,0.6970561742782593,other
Amazing it's easy to use,5,2024-11-09,CBE,Google Play Store,POSITIVE,0.9998753070831299,other
Very great job,4,2024-11-09,CBE,Google Play Store,POSITIVE,0.9998703002929688,other
I have no experiance about this,5,2024-11-09,CBE,Google Play Store,NEGATIVE,0.9956859350204468,other
It is good but not sufficient !!,5,2024-11-09,CBE,Google Play Store,POSITIVE,0.9958510398864746,other
1. Statement is limited with one screen display. There should be access to see my transactions of at least 6 months before. 2. Sometimes debit/credit is not shown on the account details.......,2,2024-11-09,CBE,Google Play Store,NEGATIVE,0.9951480031013489,"login_issues, transactions"
"The Commercial Bank of Ethiopia (CBE) is a pillar of financial strength and stability in Ethiopia. As the largest and most established bank in the country, it fosters economic growth, promotes financial inclusion, and supports businesses of all sizes. CBE’s mobile banking app enhances convenience by enabling millions to access banking services anytime, anywhere. Keep up Good work❤.",5,2024-11-09,CBE,Google Play Store,POSITIVE,0.9996888637542725,"login_issues, customer_support"
Teachings,5,2024-11-09,CBE,Google Play Store,POSITIVE,0.9910919070243835,other
I am unable to open or use the application,2,2024-11-08,CBE,Google Play Store,NEGATIVE,0.9997318387031555,other
Thinkbyou,2,2024-11-07,CBE,Google Play Store,POSITIVE,0.6470195055007935,other
I like this application and your Banking systems,5,2024-11-07,CBE,Google Play Store,POSITIVE,0.9994945526123047,other
Wow fast network,5,2024-11-07,CBE,Google Play Store,POSITIVE,0.9995744824409485,performance
Mahir,5,2024-11-07,CBE,Google Play Store,POSITIVE,0.9960935711860657,other
It's so intermittent.,2,2024-11-07,CBE,Google Play Store,NEGATIVE,0.9898327589035034,other
ሰላም የኢት ንግድ ባንክ አፑ በጣም አሪፍ ነው ግን የተላላክነውን ሂስትሪ ላይ በካላንደር እንድወጣልን ስርች ማድረጊያ ጨምሩበት,5,2024-11-07,CBE,Google Play Store,NEGATIVE,0.9582905173301697,other
Super convenient and accessible,5,2024-11-06,CBE,Google Play Store,POSITIVE,0.9996293783187866,login_issues
"you brought new feature which is standing order, but it doest have option to delete/edit amount",4,2024-11-06,CBE,Google Play Store,NEGATIVE,0.9900402426719666,other
I like this app but it's done not work so fix it please!!!,1,2024-11-06,CBE,Google Play Store,NEGATIVE,0.997734785079956,other
just do it,5,2024-11-06,CBE,Google Play Store,POSITIVE,0.999190628528595,other
Very Nice,5,2024-11-06,CBE,Google Play Store,POSITIVE,0.9998563528060913,other
Very Good.,5,2024-11-05,CBE,Google Play Store,POSITIVE,0.9998475313186646,other
Open ok,5,2024-11-05,CBE,Google Play Store,POSITIVE,0.9998559951782227,other
Easy and accessible easily,5,2024-11-05,CBE,Google Play Store,POSITIVE,0.9998401403427124,login_issues
Very nice app ግን አንዳንዴ በጣም ይንቀረፈፋል ማሻሻል አለባችሁ ፍጥነት ያስፈልጋል,4,2024-11-05,CBE,Google Play Store,POSITIVE,0.9993495345115662,other
Very great application,5,2024-11-04,CBE,Google Play Store,POSITIVE,0.9998713731765747,other
It shows a limited number of transaction history. And it does show transactions history in the order of arrival,1,2024-11-04,CBE,Google Play Store,NEGATIVE,0.9768218398094177,transactions
"Good and better app compared to other bank's, but the remard/naration is ommited when we make a screenshoot, so better to include the remark.",5,2024-11-04,CBE,Google Play Store,NEGATIVE,0.9974195957183838,other
the best service,5,2024-11-04,CBE,Google Play Store,POSITIVE,0.9998639822006226,customer_support
Very nice applications. Very useful app.,5,2024-11-02,CBE,Google Play Store,POSITIVE,0.9998236298561096,other
I am using. The Ap it is amazing,5,2024-11-02,CBE,Google Play Store,POSITIVE,0.9998713731765747,other
Good luck tanks 😍,5,2024-11-02,CBE,Google Play Store,POSITIVE,0.9958143830299377,other
WOW BANK,5,2024-11-01,CBE,Google Play Store,POSITIVE,0.9991248250007629,other
"Loved it! Exceptionally easy, friendly interface with no adds and complicated extensions app!",5,2024-10-31,CBE,Google Play Store,POSITIVE,0.9993869066238403,ui_ux
Keep the good work,5,2024-10-30,CBE,Google Play Store,POSITIVE,0.9998652935028076,other
Working very good yet than the other methods I know before,5,2024-10-30,CBE,Google Play Store,POSITIVE,0.9997135996818542,other
baste,5,2024-10-30,CBE,Google Play Store,POSITIVE,0.9965823292732239,other
"This app is very interesting, fast transaction and preferable system!",5,2024-10-30,CBE,Google Play Store,POSITIVE,0.9996836185455322,"performance, transactions"
Avery good app designed by CBE makes life easier.,4,2024-10-30,CBE,Google Play Store,POSITIVE,0.9993607401847839,ui_ux
Best ethiopian bank,5,2024-10-28,CBE,Google Play Store,POSITIVE,0.9997190833091736,other
Fast service.,5,2024-10-28,CBE,Google Play Store,POSITIVE,0.9994139671325684,"performance, customer_support"
The leading bank in Ethiopia.,5,2024-10-27,CBE,Google Play Store,POSITIVE,0.9994997978210449,other
Very efficient app,5,2024-10-27,CBE,Google Play Store,POSITIVE,0.9998348951339722,other
Is good,5,2024-10-26,CBE,Google Play Store,POSITIVE,0.9998394250869751,other
less active,1,2024-10-26,CBE,Google Play Store,NEGATIVE,0.9994578957557678,other
It's better for using Wherever we are .,5,2024-10-24,CBE,Google Play Store,NEGATIVE,0.9971082806587219,other
ብርለማስተላፍ ፈልጌ አልሰራልኝም ለምን?,4,2024-10-24,CBE,Google Play Store,NEGATIVE,0.9661957621574402,other
I get it fast,5,2024-10-24,CBE,Google Play Store,POSITIVE,0.9987016916275024,performance
I liked this app,5,2024-10-24,CBE,Google Play Store,POSITIVE,0.9995848536491394,other
ممتاز,5,2024-10-23,CBE,Google Play Store,NEGATIVE,0.5331554412841797,other
just nice,5,2024-10-23,CBE,Google Play Store,POSITIVE,0.9998681545257568,other
ፒን ቁጥር ካስገባሁ በኋላ የሚመጣው ስከሪን ተቀማጭ ባላነሴን አያሳይም!,1,2024-10-23,CBE,Google Play Store,POSITIVE,0.9892830848693848,other
Amazing for saving time,5,2024-10-22,CBE,Google Play Store,POSITIVE,0.9998732805252075,other
"The best mobile banking in the world. I love it, thank you!!!! But try to have more servers, sometimes it is busy.",4,2024-10-21,CBE,Google Play Store,NEGATIVE,0.987160325050354,other
Fast,5,2024-10-21,CBE,Google Play Store,POSITIVE,0.9989494681358337,performance
New Technology,5,2024-10-21,CBE,Google Play Store,POSITIVE,0.9992990493774414,other
bast mobile banking in Ethiopia,2,2024-10-20,CBE,Google Play Store,POSITIVE,0.9974229335784912,other
its so good app,5,2024-10-20,CBE,Google Play Store,POSITIVE,0.9998642206192017,other
Nasri.huseen,5,2024-10-19,CBE,Google Play Store,POSITIVE,0.9738314151763916,other
App is not working,1,2024-10-19,CBE,Google Play Store,NEGATIVE,0.9997467398643494,other
Very good for transaction,5,2024-10-19,CBE,Google Play Store,POSITIVE,0.999824583530426,transactions
Baayyee gaariidha,5,2024-10-19,CBE,Google Play Store,NEGATIVE,0.844870388507843,other
ጥሩ ነው በዚሁ ቀጥሉበት።,2,2024-10-19,CBE,Google Play Store,NEGATIVE,0.8832126259803772,other
This good mobile banking app ever used but it says this device is rooted. You cannot run this app on this device,1,2024-10-18,CBE,Google Play Store,POSITIVE,0.9699903130531311,other
try to update it,1,2024-10-18,CBE,Google Play Store,NEGATIVE,0.9985365867614746,other
"Fantastic, It has supersonic speed.",5,2024-10-18,CBE,Google Play Store,POSITIVE,0.9998606443405151,performance
Beast,5,2024-10-18,CBE,Google Play Store,POSITIVE,0.9882547855377197,other
Nice &simple app,4,2024-10-18,CBE,Google Play Store,POSITIVE,0.9997879862785339,other
Such a great app😘,5,2024-10-16,CBE,Google Play Store,POSITIVE,0.9994964599609375,other
"It is a service that is not expected from such a large institution. I saw that your work is very complicated. The user does not understand well your application. In general, you have many problems. This application is not convenient for the end user. For instance I can't access my account from abroad what I depsited amount and transfer from my account to any any one .It is a shame.",1,2024-10-16,CBE,Google Play Store,NEGATIVE,0.9995642304420471,"login_issues, transactions, customer_support"
20 year,5,2024-10-16,CBE,Google Play Store,POSITIVE,0.9958376884460449,other
"Cannot access with no reason,",1,2024-10-16,CBE,Google Play Store,NEGATIVE,0.9994827508926392,login_issues
Abdullaxif sherashid,5,2024-10-15,CBE,Google Play Store,POSITIVE,0.9452439546585083,other
use full,5,2024-10-15,CBE,Google Play Store,POSITIVE,0.9933939576148987,other
"I like the app, easy to use, if possible please add some more features like calculator. Simply add one more icon with calculator function, so the users can easily do some calculation without closing the app.",4,2024-10-15,CBE,Google Play Store,POSITIVE,0.9953567385673523,other
It was good because of its wide area usage possibility but has so many problem with transaction daily information and availability duration,3,2024-10-15,CBE,Google Play Store,NEGATIVE,0.9924762845039368,transactions
Wow👌,5,2024-10-15,CBE,Google Play Store,NEGATIVE,0.6970561742782593,other
👍🏽,5,2024-10-14,CBE,Google Play Store,NEGATIVE,0.6970561742782593,other
"It's not secure enough,you don't have biometric option",1,2024-10-14,CBE,Google Play Store,NEGATIVE,0.9996253252029419,other
@12ahme afar,5,2024-10-14,CBE,Google Play Store,NEGATIVE,0.6068769693374634,other
-The app only shows a limited record amount of transaction (20) - it crashes again and again,1,2024-10-14,CBE,Google Play Store,NEGATIVE,0.999650239944458,"transactions, bugs"
I need money,3,2024-10-13,CBE,Google Play Store,NEGATIVE,0.9991008043289185,other
HAYlDER A/ZiABAA,5,2024-10-13,CBE,Google Play Store,POSITIVE,0.9386840462684631,other
That was good app😍,5,2024-10-13,CBE,Google Play Store,POSITIVE,0.9998452663421631,other
"Fast and easy to use, simple app at all!👌",4,2024-10-13,CBE,Google Play Store,POSITIVE,0.9965975880622864,performance
Best application ever,5,2024-10-13,CBE,Google Play Store,POSITIVE,0.9998244643211365,other
Cod,5,2024-10-13,CBE,Google Play Store,NEGATIVE,0.9964717626571655,other
It is an amazing App I like its features,5,2024-10-13,CBE,Google Play Store,POSITIVE,0.9998801946640015,other
"Please bring back the reason of transfer/reference format on the receipt. Pls pls, for those of us who have multiple transactions,it's very important to trace the receipts by looking at the references.",3,2024-10-13,CBE,Google Play Store,NEGATIVE,0.882303774356842,transactions
Commercial Date,5,2024-10-12,CBE,Google Play Store,NEGATIVE,0.9603798985481262,other
"No have all monthly statement,",2,2024-10-12,CBE,Google Play Store,NEGATIVE,0.980148196220398,other
I love this app it is fast and suitable for use.,5,2024-10-11,CBE,Google Play Store,POSITIVE,0.9998207688331604,performance
Wow Ethio Tele 🤯🤣🤣🤣🤣,3,2024-10-11,CBE,Google Play Store,POSITIVE,0.9984460473060608,other
I find this app user friendly and reliable.,5,2024-10-11,CBE,Google Play Store,POSITIVE,0.9993358254432678,ui_ux
"It's good ,but in the history list, it doesn't show a reason for transactions.",4,2024-10-11,CBE,Google Play Store,NEGATIVE,0.9974019527435303,transactions
"This app is not set up for diaspora users. It works fine until you needed a new verification code, or you change your cell phone and try to use the app on the new phone. You will not be able to get the verification key that it is asking for just for changing your phone. It requires you to go the nearest branch to get the verification key. For me this will be travelling to Ethiopia from USA just to get this code. Even my sister - a joint aact holder & has my Power of Attorney, could not help me.",1,2024-10-11,CBE,Google Play Store,NEGATIVE,0.9949235320091248,customer_support
Which is very important!,5,2024-10-10,CBE,Google Play Store,POSITIVE,0.9998410940170288,other
please send me your details please,5,2024-10-10,CBE,Google Play Store,POSITIVE,0.9973698854446411,other
Good job,5,2024-10-10,CBE,Google Play Store,POSITIVE,0.999835729598999,other
No one like cbe,5,2024-10-09,CBE,Google Play Store,NEGATIVE,0.9300253391265869,other
Its good for digital marketing,5,2024-10-09,CBE,Google Play Store,POSITIVE,0.99904865026474,other
Superexcellent,5,2024-10-08,CBE,Google Play Store,NEGATIVE,0.9577897191047668,other
No word,5,2024-10-07,CBE,Google Play Store,NEGATIVE,0.9993126392364502,other
too nice app my time savaing,5,2024-10-07,CBE,Google Play Store,POSITIVE,0.9865218997001648,other
This app is so strong💪,2,2024-10-07,CBE,Google Play Store,NEGATIVE,0.983859658241272,other
Useless,1,2024-10-07,CBE,Google Play Store,NEGATIVE,0.9997991919517517,other
ይህ አፕሊኬሽን ብዙ አገልግሎት እየሰጠ ይገኛል ሆኖም በየጊዜው አዳዲስ አሰራሮችን ከማደስ አንፃር ሲታይ ይቀረዋል አሁን ላይ ሂሳብ አያሳየኝም ምን ላድርግ,5,2024-10-06,CBE,Google Play Store,NEGATIVE,0.9600716829299927,other
100 %,5,2024-10-06,CBE,Google Play Store,POSITIVE,0.9997444748878479,other
One of the best banking apps.,5,2024-10-06,CBE,Google Play Store,POSITIVE,0.9998432397842407,other
Unexpected apps becouse this is bad unfortunately error,1,2024-10-06,CBE,Google Play Store,NEGATIVE,0.9988136291503906,bugs
One of the fastest app ever used.,5,2024-10-06,CBE,Google Play Store,POSITIVE,0.9989832043647766,performance
My best bank,5,2024-10-05,CBE,Google Play Store,POSITIVE,0.9995287656784058,other
Your app is so amazing,5,2024-10-05,CBE,Google Play Store,POSITIVE,0.9998705387115479,other
Very good 👍,5,2024-10-05,CBE,Google Play Store,POSITIVE,0.999870777130127,other
በጣምጠሩ,5,2024-10-05,CBE,Google Play Store,NEGATIVE,0.6970561742782593,other
Discount service fee,2,2024-10-05,CBE,Google Play Store,POSITIVE,0.745293140411377,customer_support
My choice bank Comertial bank of Ethiopia,5,2024-10-05,CBE,Google Play Store,POSITIVE,0.9541002511978149,other
This app is very active and past,5,2024-10-04,CBE,Google Play Store,NEGATIVE,0.9883085489273071,other
CBE is a great way to use it.,4,2024-10-04,CBE,Google Play Store,POSITIVE,0.9984911680221558,other
The app very nice but it stuck by now. What is the reason?,5,2024-10-04,CBE,Google Play Store,NEGATIVE,0.9980801343917847,other
"It's reliable, fast,and easy to use",5,2024-10-04,CBE,Google Play Store,POSITIVE,0.9998078942298889,performance
The app is okay!,5,2024-10-04,CBE,Google Play Store,POSITIVE,0.9997506737709045,other
There is problem on application to transfer money and adjust please.,3,2024-10-04,CBE,Google Play Store,NEGATIVE,0.9979314804077148,transactions
It make my life easy my time my energey,5,2024-10-04,CBE,Google Play Store,POSITIVE,0.9987146854400635,other
Am happy for the service,4,2024-10-03,CBE,Google Play Store,POSITIVE,0.9998617172241211,customer_support
Good application commercial bank of Ethiopia,5,2024-10-03,CBE,Google Play Store,POSITIVE,0.9995546936988831,other
It is my best apps ever. Thank you CBE!,5,2024-10-03,CBE,Google Play Store,POSITIVE,0.999866247177124,other
Its very good application specialy with 4G Network Conection. However The Service Payment is Expensive. Do It Please Justified With Our Economy Label,3,2024-10-03,CBE,Google Play Store,NEGATIVE,0.9837251305580139,"transactions, customer_support"
App is not working for days now.,1,2024-10-03,CBE,Google Play Store,NEGATIVE,0.9971845746040344,other
Tnx for the team,5,2024-10-02,CBE,Google Play Store,NEGATIVE,0.9832649827003479,other
Interesting application any updates should have to included timely,5,2024-10-02,CBE,Google Play Store,POSITIVE,0.9440320134162903,other
Fantastic app,5,2024-10-01,CBE,Google Play Store,POSITIVE,0.9998588562011719,other
"Excellent appn that is easy to use it, the bank we trust and rely CBE. Thank you Abdi Farah",5,2024-10-01,CBE,Google Play Store,POSITIVE,0.9995470643043518,other
Bank,5,2024-09-30,CBE,Google Play Store,POSITIVE,0.826088547706604,other
takies,5,2024-09-30,CBE,Google Play Store,POSITIVE,0.9880829453468323,other
Maashoo.abduuroo,5,2024-09-30,CBE,Google Play Store,NEGATIVE,0.9726585149765015,other
Double PIN request is extremely worthful. Keep working on security. I rate *****.,5,2024-09-30,CBE,Google Play Store,POSITIVE,0.9996386766433716,other
IAM satisfied for the application.,5,2024-09-30,CBE,Google Play Store,POSITIVE,0.9864010214805603,other
Exlence service,5,2024-09-28,CBE,Google Play Store,POSITIVE,0.849420964717865,customer_support
"The increase in the amount of the Daily Exchange should be increased to 6,000,000 ETB instead of 600,000 ETB.",4,2024-09-28,CBE,Google Play Store,NEGATIVE,0.9991143345832825,other
aags hshja,1,2024-09-28,CBE,Google Play Store,POSITIVE,0.6030293703079224,other
It's the best appks,5,2024-09-28,CBE,Google Play Store,POSITIVE,0.999852180480957,other
Fast and Easy to Use. By far the best mobile banking application in 🇪🇹,5,2024-09-27,CBE,Google Play Store,POSITIVE,0.9997501969337463,performance
Excllent app,5,2024-09-27,CBE,Google Play Store,NEGATIVE,0.9464935660362244,other
It's time consuming up for using electronic money every were,5,2024-09-27,CBE,Google Play Store,NEGATIVE,0.9954534769058228,other
Very special app,1,2024-09-27,CBE,Google Play Store,POSITIVE,0.9997159838676453,other
It's esay and very fast to use and sync.,5,2024-09-26,CBE,Google Play Store,POSITIVE,0.9976510405540466,performance
This app sometimes 🛑,1,2024-09-26,CBE,Google Play Store,NEGATIVE,0.9392909407615662,other
Verification code website,5,2024-09-26,CBE,Google Play Store,NEGATIVE,0.9053174257278442,other
I loved it,5,2024-09-26,CBE,Google Play Store,POSITIVE,0.9998809099197388,other
The best way..i like it#1👍,5,2024-09-26,CBE,Google Play Store,POSITIVE,0.9997747540473938,other
😁,5,2024-09-26,CBE,Google Play Store,NEGATIVE,0.6970561742782593,other
I like it but can bring for us to link with PayPal please,5,2024-09-26,CBE,Google Play Store,POSITIVE,0.9268389344215393,other
please add the fingerprint security. All most the app is very good app.,5,2024-09-26,CBE,Google Play Store,POSITIVE,0.9997076392173767,other
Best appk,5,2024-09-26,CBE,Google Play Store,POSITIVE,0.9996206760406494,other
I have been using this app for log time since It come to existence and its its marvelous app and usually enjoy its function and simplicity. I know pay everything with this app and make my transaction all by this app. Great Job by CBE.,4,2024-09-25,CBE,Google Play Store,POSITIVE,0.9988895058631897,transactions
It's good but it must add some especial item like statement or transaction list place,5,2024-09-25,CBE,Google Play Store,POSITIVE,0.9835695624351501,transactions
This best app,5,2024-09-25,CBE,Google Play Store,POSITIVE,0.9998522996902466,other
fast and easy,5,2024-09-25,CBE,Google Play Store,POSITIVE,0.9994889497756958,performance
trust to use,5,2024-09-25,CBE,Google Play Store,POSITIVE,0.9996029734611511,other
It the bast app in mobile money to trasfer to receive payment use it !,5,2024-09-25,CBE,Google Play Store,NEGATIVE,0.9245885610580444,transactions
It is an interesting app,3,2024-09-24,CBE,Google Play Store,POSITIVE,0.999748170375824,other
not working well,1,2024-09-24,CBE,Google Play Store,NEGATIVE,0.9997866749763489,other
oromosikorkreshn,5,2024-09-23,CBE,Google Play Store,NEGATIVE,0.6985642313957214,other
Its eassy to use,5,2024-09-23,CBE,Google Play Store,NEGATIVE,0.951185941696167,other
"It is very, for more experience please upgrade it",5,2024-09-23,CBE,Google Play Store,POSITIVE,0.9808638095855713,other
failed to give receipt or confirm payment,2,2024-09-23,CBE,Google Play Store,NEGATIVE,0.9997404217720032,transactions
The best,5,2024-09-23,CBE,Google Play Store,POSITIVE,0.9998332262039185,other
"Faster and convertible,,,,,CBE App👍👍",5,2024-09-23,CBE,Google Play Store,POSITIVE,0.9693024754524231,performance
አብዛውን ጊዜ ያስቸግራል,5,2024-09-23,CBE,Google Play Store,NEGATIVE,0.8337246179580688,other
Remzi,1,2024-09-22,CBE,Google Play Store,NEGATIVE,0.7439917325973511,other
Best app 🤙,5,2024-09-22,CBE,Google Play Store,POSITIVE,0.999170184135437,other
Sulxan nuree muhammad godinaa harargee lixaa anaa buqa dhintuu zone,5,2024-09-21,CBE,Google Play Store,NEGATIVE,0.9843955039978027,other
Yes we can,3,2024-09-21,CBE,Google Play Store,POSITIVE,0.9997782111167908,other
At g CA,5,2024-09-20,CBE,Google Play Store,POSITIVE,0.7366015315055847,other
𝙼𝚒𝚔𝚒,5,2024-09-20,CBE,Google Play Store,NEGATIVE,0.6970561742782593,other
Abdurahman Abdalkarim,1,2024-09-19,CBE,Google Play Store,POSITIVE,0.970058262348175,other
Has not show recent exact information. Some transactions are included and others excluded. Bad experiance. Always I got in truble by thinking the correct balance.,1,2024-09-19,CBE,Google Play Store,NEGATIVE,0.9994696974754333,transactions
Taju Mohammed Belda,5,2024-09-18,CBE,Google Play Store,POSITIVE,0.9798381328582764,other
Very bad application not working properly every time,1,2024-09-18,CBE,Google Play Store,NEGATIVE,0.9997959733009338,other
It's safe ever,5,2024-09-18,CBE,Google Play Store,POSITIVE,0.9996181726455688,other
Jira yesus,5,2024-09-18,CBE,Google Play Store,POSITIVE,0.9932049512863159,other
"It's ask me update then i was going to my branch they updated my mobile banking but still not working!""",1,2024-09-18,CBE,Google Play Store,NEGATIVE,0.9993274211883545,other
Good 👍,5,2024-09-17,CBE,Google Play Store,POSITIVE,0.9998576641082764,other
Nice mobile banking,5,2024-09-17,CBE,Google Play Store,POSITIVE,0.9997056126594543,other
It ask KYC for the 3rd time in one moths what wrong with your system. If this thing keep going most of your customers start using other banks including My family and friends.,1,2024-09-17,CBE,Google Play Store,NEGATIVE,0.9994754195213318,other
09mikaa.il,1,2024-09-17,CBE,Google Play Store,POSITIVE,0.5634003281593323,other
It's true and is my favorite Banks,5,2024-09-16,CBE,Google Play Store,POSITIVE,0.9998605251312256,other
Experience,5,2024-09-16,CBE,Google Play Store,POSITIVE,0.980140745639801,other
It is great app,5,2024-09-16,CBE,Google Play Store,POSITIVE,0.9998583793640137,other
This service is qulity and very easy to use by any place any time also i could have save my time. Just i can say fantastic.,5,2024-09-16,CBE,Google Play Store,POSITIVE,0.6253834962844849,customer_support
"How can I trust a bank that doesn't have a cyber crime reporting mechanism. I recently traveled out of the country. After a week I got a text message stating that more than 1000bir withdrawn from my account without my knowledge. When I tried to download the receipt, it doesn't even work. I only know it was transfered to a Wegagen bank account via a POS machine. Please be carefull and take a lesson from me. 😡😡😡",1,2024-09-16,CBE,Google Play Store,NEGATIVE,0.999208390712738,"login_issues, transactions"
Very nice work,5,2024-09-15,CBE,Google Play Store,POSITIVE,0.9998642206192017,other
Finance manager,5,2024-09-15,CBE,Google Play Store,POSITIVE,0.960426926612854,other
Very good simple and easy app thank you very much Ethiopian commercial Bank 👍👍 🏧,5,2024-09-15,CBE,Google Play Store,POSITIVE,0.9997966885566711,other
"it is good app . but i had some essue's lately, they app don't show Transaction history properly in order of date of withdrawal . You should fix that in the next Update.",3,2024-09-14,CBE,Google Play Store,NEGATIVE,0.996747612953186,transactions
It is great and fast app to transfer money,5,2024-09-14,CBE,Google Play Store,POSITIVE,0.9992750287055969,"performance, transactions"
Best up Ever.,5,2024-09-14,CBE,Google Play Store,POSITIVE,0.9998549222946167,other
"Error free, user friendly best app🙏",4,2024-09-14,CBE,Google Play Store,POSITIVE,0.8171710968017578,"ui_ux, bugs"
As,5,2024-09-13,CBE,Google Play Store,POSITIVE,0.8932051062583923,other
Mameameni,5,2024-09-12,CBE,Google Play Store,POSITIVE,0.8846266865730286,other
"I really like this app as it is being updated from time to time and includes multiple payment options. In particular, giving a receipt makes it even more preferable. However, when it is refreshed, it does not show the history of credit and deposit in order and, I am of the opinion that it is better if the recent history is fixed respectively according to the transaction date in the future because there is a problem of confusion.",3,2024-09-12,CBE,Google Play Store,NEGATIVE,0.9586424827575684,transactions
G ghost,5,2024-09-12,CBE,Google Play Store,NEGATIVE,0.9145140647888184,other
This application is very nice mobile banking agent and various transactions can be used download and use,4,2024-09-12,CBE,Google Play Store,POSITIVE,0.998009979724884,transactions
Way to go!,5,2024-09-12,CBE,Google Play Store,POSITIVE,0.9997908473014832,other
If there was a lesser rating I'd have given it to this app! What's with all this service charges? With the amount they're charging for everything I'm afraid we'll be paying to even look in their direction.,1,2024-09-12,CBE,Google Play Store,NEGATIVE,0.9993182420730591,customer_support
I hate apps and all management of cbe,1,2024-09-12,CBE,Google Play Store,NEGATIVE,0.9994792342185974,other
its ok,5,2024-09-11,CBE,Google Play Store,POSITIVE,0.9997120499610901,other
The fast and easy to use app there is nothing to deny aboutt that... but it has a serious issue on showing transaction history like if i send or receive money i ll find the transaction history after a day. When the sms message is not working at some days the issue get worse like we dont have an idea how much money we have received. I dont this this issue is hard to fix for you hope you will fix it on the next update....the app deserve 4stars tbh but i just want you to see this seriously thankyou,1,2024-09-11,CBE,Google Play Store,POSITIVE,0.9814398884773254,"performance, transactions"
Updet every time,5,2024-09-11,CBE,Google Play Store,NEGATIVE,0.9724062085151672,other
"When I enter values in the Amount and Remark fields and click the Continue button, I encounter an error. However, the transaction still deducts the specified amount. It is essential to test this error handling functionality.",4,2024-09-11,CBE,Google Play Store,NEGATIVE,0.9891904592514038,"transactions, bugs"
Tilahun Getachew,5,2024-09-11,CBE,Google Play Store,NEGATIVE,0.5929886102676392,other
backward banking app,2,2024-09-11,CBE,Google Play Store,NEGATIVE,0.9975273013114929,other
"What a trash app! Trash! Trash! Trash! Whenever you want to use the app after once you uninstall it, or receive it from someone else, it will ask you for a new verification. Again, after you clear the cache and data, you will be required to ask a verification code from the nearby bank physically too! What a shame! Never use this app! Your account pass code is unsecure in this app. STOP using this app! I Do!",1,2024-09-10,CBE,Google Play Store,NEGATIVE,0.9997019171714783,login_issues
Satisfactory,5,2024-09-10,CBE,Google Play Store,POSITIVE,0.9998334646224976,other
Not working out of Ethiopia this week mine is,1,2024-09-10,CBE,Google Play Store,NEGATIVE,0.9959843158721924,other
Easy and safe to use,3,2024-09-10,CBE,Google Play Store,POSITIVE,0.9997230172157288,other
I was looking for this application and finally succeeded. It's wonderful application to receive and send money with the speed of light. Thank you so much CBE. I wish you all CBE staffs happy new year. May this year be the year of peace and prosperity for all and everyone. HAPPY ETHIOPIAN NEW YEAR!!! #2017 E.C.🐦,5,2024-09-09,CBE,Google Play Store,POSITIVE,0.9998201727867126,"performance, transactions"
this app is very good app,5,2024-09-09,CBE,Google Play Store,POSITIVE,0.9998575448989868,other
The app only shows 25 transaction. The most frustrating it ever. Other banks gives you months of transactions ans statement. What a joke,1,2024-09-09,CBE,Google Play Store,NEGATIVE,0.9985112547874451,transactions
"it's not best like abyssinya mobile bank. This not show the transaction and didn't get notification , SMS text.",3,2024-09-09,CBE,Google Play Store,NEGATIVE,0.9980388283729553,transactions
Easy to use and private.,5,2024-09-09,CBE,Google Play Store,POSITIVE,0.9988442659378052,other
አዋሽ,1,2024-09-08,CBE,Google Play Store,NEGATIVE,0.6970561742782593,other
"please fix the recent transaction page, it's not showing recent transactions",4,2024-09-08,CBE,Google Play Store,NEGATIVE,0.9994070529937744,transactions
Wow 👌 great 👍,5,2024-09-08,CBE,Google Play Store,POSITIVE,0.999698281288147,other
Why can't we transfer funds directly to another's person telebirr wallet,5,2024-09-08,CBE,Google Play Store,NEGATIVE,0.9988688826560974,transactions
this app is so smart,5,2024-09-08,CBE,Google Play Store,POSITIVE,0.999835729598999,other
Wowe,5,2024-09-07,CBE,Google Play Store,POSITIVE,0.9986492991447449,other
Our best app,5,2024-09-07,CBE,Google Play Store,POSITIVE,0.9998113512992859,other
It is a good app overall but you need to improve some features like the recent transactions section which doesn't accurately show recent transactions.,3,2024-09-07,CBE,Google Play Store,NEGATIVE,0.9921080470085144,transactions
"It need some listed improvements below. 1. Try to desplay at lst one month transaction 2. Try to solve weekend transaction display error 3. ""Failed"" message after few processing",3,2024-09-07,CBE,Google Play Store,NEGATIVE,0.9996285438537598,"transactions, bugs"
Very easy and interesting,5,2024-09-07,CBE,Google Play Store,POSITIVE,0.9998582601547241,other
It's the worst! I just transfer from my cbe account in to my tele birr account for urgent case but unfortunately it holds. And there customer service workers told me it will be returned in to my cbe account after 3 or 5 working days if its not credited in to my telebirr account. How's that working? This bank is a pioneer in from the country. It's really annoying this happens for second time. Please amend your network services. Am totally annoyed by cbe.,1,2024-09-07,CBE,Google Play Store,NEGATIVE,0.9997766613960266,"login_issues, transactions, customer_support"
🄾7🄰.,4,2024-09-07,CBE,Google Play Store,NEGATIVE,0.6269714832305908,other
I loved digital bankink(Internet banking of CBE),5,2024-09-07,CBE,Google Play Store,POSITIVE,0.9964009523391724,other
Ilike it,5,2024-09-07,CBE,Google Play Store,POSITIVE,0.9974337220191956,other
Good application to use especially it helps me while I buy and sell goods. Thanks,1,2024-09-07,CBE,Google Play Store,POSITIVE,0.9997839331626892,customer_support
It is very friendly and easy to use.,5,2024-09-06,CBE,Google Play Store,POSITIVE,0.9998342990875244,other
Transaction problems 😔,1,2024-09-06,CBE,Google Play Store,NEGATIVE,0.9987001419067383,transactions
User friendly application.,5,2024-09-06,CBE,Google Play Store,POSITIVE,0.9871475100517273,ui_ux
vgood,5,2024-09-05,CBE,Google Play Store,POSITIVE,0.945227324962616,other
"I have never such a disgusting app in my life , i swear it doesn't even work properly",1,2024-09-05,CBE,Google Play Store,NEGATIVE,0.9997758269309998,other
Wow app,5,2024-09-05,CBE,Google Play Store,POSITIVE,0.9995105266571045,other
Obsaa.Abdallaa,1,2024-09-05,CBE,Google Play Store,NEGATIVE,0.9927104711532593,other
Very good app but why all the theme is just Islamic?,5,2024-09-04,CBE,Google Play Store,NEGATIVE,0.9613930583000183,other
It donsnt show the new amount after there is a deposit,3,2024-09-04,CBE,Google Play Store,NEGATIVE,0.9781151413917542,other
i use this application many time it works perfectly 10Q,5,2024-09-04,CBE,Google Play Store,POSITIVE,0.9848167300224304,other
"The CBE mobile banking app is a time-saver, but it needs several improvements, like adding fingerprint authentication. It's risky when people see me entering my PIN. Additionally, the fees are unreasonable. You could learn from Tele Birr, which adjusts fees based on the transaction amount. However, the CBEMB app charges a flat 10 birr fee for amounts between 5 and 1000 birr, which I think is unfair.",2,2024-09-04,CBE,Google Play Store,NEGATIVE,0.9991649389266968,transactions
Nice to meet you my bank,5,2024-09-03,CBE,Google Play Store,POSITIVE,0.9996019005775452,other
Fast service and reliable it works from everywhere across the globe love it,5,2024-09-03,CBE,Google Play Store,POSITIVE,0.9998664855957031,"performance, customer_support"
Very convenient and easy to use,4,2024-09-03,CBE,Google Play Store,POSITIVE,0.9995095729827881,other
I used to mobile bsnking,5,2024-09-03,CBE,Google Play Store,NEGATIVE,0.9900145530700684,other
It is very comfortable!,5,2024-09-02,CBE,Google Play Store,POSITIVE,0.9998623132705688,other
It is the best app I like it,4,2024-09-02,CBE,Google Play Store,POSITIVE,0.9998462200164795,other
Good at all,5,2024-09-02,CBE,Google Play Store,POSITIVE,0.9998443126678467,other
"The app doesn't have 1. mini statement service In my opinion, I don't have to go to cbe branch to get mini statements and transactions I have done and pay for it.why? 2. Recent transaction The app doesn't store numerous or enough recent transactions, even it doesn't store what stored properly sometimes.",1,2024-09-02,CBE,Google Play Store,NEGATIVE,0.9952440857887268,"transactions, customer_support"
Bulchaa ibsa,5,2024-09-01,CBE,Google Play Store,NEGATIVE,0.9950087070465088,other
It's Great App 💪🏼wow which i like it z most👌🏼 but please add biometric authentication,5,2024-09-01,CBE,Google Play Store,POSITIVE,0.9944749474525452,other
I can't describe enough how helpful it was. It's best version than ever mobile banking services.,1,2024-09-01,CBE,Google Play Store,POSITIVE,0.9991114735603333,customer_support
SUBSCRAIB,3,2024-09-01,CBE,Google Play Store,NEGATIVE,0.9408435225486755,other
"Thank you, everyone",5,2024-08-31,CBE,Google Play Store,POSITIVE,0.9998548030853271,other
Mabratu,5,2024-08-31,CBE,Google Play Store,NEGATIVE,0.51580810546875,other
ሀውልቱ ታረቀኝ,1,2024-08-30,CBE,Google Play Store,NEGATIVE,0.7850580215454102,other
It says you are debited 20birr but it transfers another 10 birr with it I don't understand if it's under their rules,1,2024-08-29,CBE,Google Play Store,NEGATIVE,0.9959338307380676,transactions
This is the best transaction app,5,2024-08-29,CBE,Google Play Store,POSITIVE,0.999640941619873,transactions
በጣም ጥሩ ነው እናመሰግናለይ ኑራችን ቀላል ስለዳረገቹልን,5,2024-08-29,CBE,Google Play Store,NEGATIVE,0.9200406074523926,other
It functions to the most part until you need it. The most common flaw is when you send money to another bank account. It shows error but the money is actually gone. I paid twice at least 4 times because of this.,2,2024-08-29,CBE,Google Play Store,NEGATIVE,0.998916745185852,"login_issues, transactions, bugs"
Good appl,5,2024-08-29,CBE,Google Play Store,POSITIVE,0.9998406171798706,other
"Best mobile banking application,it makes it easy for any of my financial transactions",5,2024-08-28,CBE,Google Play Store,POSITIVE,0.9991186261177063,transactions
This app is update not yet,5,2024-08-28,CBE,Google Play Store,NEGATIVE,0.9962039589881897,other
ይመቻችሁ,5,2024-08-28,CBE,Google Play Store,NEGATIVE,0.6970561742782593,other
CBE birr app,5,2024-08-28,CBE,Google Play Store,POSITIVE,0.6617637872695923,other
መጣም በጣም ተመችቶኛል በተላይ ነፃ ብድር ቢኖረው,5,2024-08-28,CBE,Google Play Store,NEGATIVE,0.9200406074523926,other
It's a best application to exchange our money in a best speed and time saving way,1,2024-08-27,CBE,Google Play Store,POSITIVE,0.9994996786117554,performance
Ibrahim mahamed,5,2024-08-27,CBE,Google Play Store,POSITIVE,0.9798920750617981,other
Hedduu bareda,5,2024-08-27,CBE,Google Play Store,NEGATIVE,0.9729207158088684,other
How can I link with my CBEbirr wallet.,5,2024-08-27,CBE,Google Play Store,NEGATIVE,0.9957877993583679,other
"Exchange rate is not applicable or not functional,what is the reason ?",5,2024-08-27,CBE,Google Play Store,NEGATIVE,0.9997877478599548,other
I used for more than two years although needs improvements...,5,2024-08-27,CBE,Google Play Store,NEGATIVE,0.9883419871330261,other
1 year,5,2024-08-27,CBE,Google Play Store,POSITIVE,0.976816713809967,other
"Still needs development on several features.... For example - bank statements available online. The text feature of available balance and debited/credited notifications is very old school and involves too much digital trail. App doesn't always work, could be due to network issues in Ethiopia though. Another major issue is an error message is displayed when transferring from CBE to other banks. Ive almost lost a few thousands doing this once. Always cross check your balances.",1,2024-08-27,CBE,Google Play Store,NEGATIVE,0.9995390176773071,"transactions, bugs"
Good service at Baburehama branch,5,2024-08-27,CBE,Google Play Store,POSITIVE,0.9995009899139404,customer_support
First and best Online banking in Ethiopia,5,2024-08-26,CBE,Google Play Store,POSITIVE,0.9997549653053284,other
Best application! You have to upgrade additional services like help to withdraw card less amount from ATM machine.,5,2024-08-26,CBE,Google Play Store,POSITIVE,0.922534704208374,customer_support
ስማርት አፕፕስ!!!,5,2024-08-25,CBE,Google Play Store,POSITIVE,0.9827775955200195,other
It is best easy to use fast and trustworthy,5,2024-08-25,CBE,Google Play Store,POSITIVE,0.9808820486068726,performance
"Some transaction is not going to be processed accordingly. Which going to take 3-5days which is not completely right. since this bank has mass of customers. However, It should be considered as the money can be needed for emergency purposes.",2,2024-08-25,CBE,Google Play Store,NEGATIVE,0.9985381364822388,transactions
The Best Mobile Banking App In Ethiopia,5,2024-08-25,CBE,Google Play Store,POSITIVE,0.9997679591178894,other
"This app has several issues based on my experience. Below are the problems that I encountered: 1. The app frequently crashes. 2. It only shows a limited transaction record history (25 transactions). 3. You can't access the transaction records after 8:00 pm and on Sundays. 4. It displays a ""payment failed"" message. It would be greatly appreciated if you could address these issues",1,2024-08-25,CBE,Google Play Store,NEGATIVE,0.9991637468338013,"login_issues, transactions, bugs"
Verey excellent,1,2024-08-24,CBE,Google Play Store,POSITIVE,0.9998279809951782,other
Afgkk,5,2024-08-24,CBE,Google Play Store,NEGATIVE,0.9119483828544617,other
it is not well functional. It always sluggish and poor application.,1,2024-08-24,CBE,Google Play Store,NEGATIVE,0.9998244643211365,other
በጣም ምቹና ቀልጣፋ አፓ ነው,5,2024-08-23,CBE,Google Play Store,NEGATIVE,0.8832126259803772,other
A useless application that doesn't work.,1,2024-08-23,CBE,Google Play Store,NEGATIVE,0.9998171925544739,other
Can not synchronize,1,2024-08-22,CBE,Google Play Store,NEGATIVE,0.9997753500938416,other
"Amazing,fast andvaluable application for 🇪🇹 citizens",5,2024-08-21,CBE,Google Play Store,POSITIVE,0.9998495578765869,performance
It's very suitable app for using,5,2024-08-21,CBE,Google Play Store,POSITIVE,0.9992914199829102,other
😍😍,5,2024-08-21,CBE,Google Play Store,NEGATIVE,0.6970561742782593,other
"App needs lots of updates to accomodate more demographic for Ethiopians leaving overseas. - Ability to use user name and password to use the application. People leaving over seas if they lose their phone, they can't have access to the application again unless u got to Ethiopia and activated it on the new phone! That's rediocoulus. - This application seems like it's a transfer application, not a bank application. I should be able to do more things such as viewing bank statements and more....",3,2024-08-21,CBE,Google Play Store,NEGATIVE,0.9988054037094116,"login_issues, transactions"
Some time network problems,5,2024-08-21,CBE,Google Play Store,NEGATIVE,0.9987394213676453,other
Government Bank,1,2024-08-21,CBE,Google Play Store,POSITIVE,0.7156460285186768,other
It is help full ilike it,5,2024-08-20,CBE,Google Play Store,POSITIVE,0.9967149496078491,customer_support
Helpful app,5,2024-08-20,CBE,Google Play Store,POSITIVE,0.9995542168617249,customer_support
Why don't work,5,2024-08-20,CBE,Google Play Store,NEGATIVE,0.9993895292282104,other
Absolutely terrible App,1,2024-08-19,CBE,Google Play Store,NEGATIVE,0.998920202255249,other
Love,5,2024-08-18,CBE,Google Play Store,POSITIVE,0.9998735189437866,other
From all commercial banks in Ethiopia this app is very easy to use and the fastest one From other banks Mobile banking app.,4,2024-08-18,CBE,Google Play Store,POSITIVE,0.9987665414810181,performance
Recently I have been struggling accessing Cbe app with safaricom network... why???,4,2024-08-18,CBE,Google Play Store,NEGATIVE,0.9993330836296082,login_issues
it's better,5,2024-08-18,CBE,Google Play Store,POSITIVE,0.9996365308761597,other
It is good application,3,2024-08-17,CBE,Google Play Store,POSITIVE,0.9998681545257568,other
Banking,5,2024-08-17,CBE,Google Play Store,POSITIVE,0.9922246932983398,other
Wow good,5,2024-08-17,CBE,Google Play Store,POSITIVE,0.9998598098754883,other
"No proper transaction is being recorded or presented on your the UI, the main features of the app is not working properly yet they have so many service in the app",1,2024-08-17,CBE,Google Play Store,NEGATIVE,0.999594509601593,"transactions, customer_support"
በጣም አሪፍ እና ለአጠቃቀም ቀላል ነው,4,2024-08-17,CBE,Google Play Store,NEGATIVE,0.9046949148178101,other
mirx appk,5,2024-08-16,CBE,Google Play Store,NEGATIVE,0.9473889470100403,other
There is no option even to check your transactions. And is not users friendly.,2,2024-08-16,CBE,Google Play Store,NEGATIVE,0.9997125267982483,"transactions, ui_ux"
DANTRO BAND,5,2024-08-16,CBE,Google Play Store,POSITIVE,0.8824523687362671,other
Fuad Abduraman,5,2024-08-15,CBE,Google Play Store,POSITIVE,0.8245094418525696,other
Thanks to the number of branches. Mobile banking is not very satisfactory.,1,2024-08-14,CBE,Google Play Store,NEGATIVE,0.999679446220398,other
መቼም ይሻላል 889ከመዛግ በርቱ,5,2024-08-14,CBE,Google Play Store,NEGATIVE,0.8616323471069336,other
Mot,5,2024-08-14,CBE,Google Play Store,NEGATIVE,0.989713191986084,other
it is not good it's like eka eka chewata,1,2024-08-14,CBE,Google Play Store,NEGATIVE,0.9997758269309998,other
Increadable app,5,2024-08-13,CBE,Google Play Store,NEGATIVE,0.9284143447875977,other
I like it this app,5,2024-08-13,CBE,Google Play Store,POSITIVE,0.9997456669807434,other
You're genuine,1,2024-08-13,CBE,Google Play Store,POSITIVE,0.9998776912689209,other
It is good and best app,5,2024-08-13,CBE,Google Play Store,POSITIVE,0.9998743534088135,other
Aftamuu,5,2024-08-13,CBE,Google Play Store,NEGATIVE,0.850152850151062,other
"Good aps 4ever,",5,2024-08-13,CBE,Google Play Store,POSITIVE,0.9998329877853394,other
To Day not working why,2,2024-08-12,CBE,Google Play Store,NEGATIVE,0.9997081160545349,other
ለምንድነው ብር ከተላላክን በኋላ Transaction history የማያሳየን ?,1,2024-08-11,CBE,Google Play Store,NEGATIVE,0.9707486629486084,transactions
Ooo best app,5,2024-08-11,CBE,Google Play Store,POSITIVE,0.9993171691894531,other
Very fast and simple transfer app,5,2024-08-11,CBE,Google Play Store,POSITIVE,0.9953054785728455,"performance, transactions"
its nice,5,2024-08-10,CBE,Google Play Store,POSITIVE,0.999854326248169,other
Links,5,2024-08-10,CBE,Google Play Store,POSITIVE,0.9985822439193726,other
"The app only work on working hour from 8 am-5pm it dont work at night or early in the morning, why do we need it then...try to fix it.",1,2024-08-10,CBE,Google Play Store,NEGATIVE,0.9990537762641907,bugs
ITS So easy and fast ✔✔✔✔✔✔✔,5,2024-08-10,CBE,Google Play Store,POSITIVE,0.9967468976974487,performance
"The app is simple, fast, and convenient to use.",4,2024-08-10,CBE,Google Play Store,POSITIVE,0.9986982345581055,performance
Simple and well built,5,2024-08-10,CBE,Google Play Store,POSITIVE,0.9998555183410645,other
Cool,5,2024-08-10,CBE,Google Play Store,POSITIVE,0.9998509883880615,other
I can't change my pin.😢,4,2024-08-10,CBE,Google Play Store,NEGATIVE,0.9930024743080139,other
My account number All contact,5,2024-08-09,CBE,Google Play Store,NEGATIVE,0.5267794132232666,login_issues
Best up i love it,5,2024-08-09,CBE,Google Play Store,POSITIVE,0.9998667240142822,other
Yes. Ok,5,2024-08-09,CBE,Google Play Store,POSITIVE,0.9998229146003723,other
Very nice and attractive application,5,2024-08-09,CBE,Google Play Store,POSITIVE,0.9998766183853149,other
Connection,5,2024-08-09,CBE,Google Play Store,POSITIVE,0.9996715784072876,other
"Great app,",5,2024-08-09,CBE,Google Play Store,POSITIVE,0.9998249411582947,other
It's game changer application,5,2024-08-09,CBE,Google Play Store,NEGATIVE,0.5024098753929138,other
"This has so many bugs and doesn't update transaction logs in time, to make it worse it shows error message when you send money but deducts from account at same time but never lets you know that the transaction was successful. And it has very annoying greeting notification.",2,2024-08-09,CBE,Google Play Store,NEGATIVE,0.9983898401260376,"login_issues, transactions, bugs"
So simple to use and Easier than even MB,5,2024-08-09,CBE,Google Play Store,POSITIVE,0.9946452379226685,other
Best app i really like it,5,2024-08-09,CBE,Google Play Store,POSITIVE,0.9997912049293518,other
Wow Nice App,5,2024-08-09,CBE,Google Play Store,POSITIVE,0.9998327493667603,other
Wow absolutely best app,5,2024-08-09,CBE,Google Play Store,POSITIVE,0.9998412132263184,other
Not wotking properly & shows payment failed but already sent z found . this is so bad for country bank app😂,1,2024-08-08,CBE,Google Play Store,NEGATIVE,0.9997455477714539,transactions
በጣም አስደሳች ነው ግን transfer to own Tellbire የሚለው ላይ transfer ot other Tellbire የሚል ቢጨመር,5,2024-08-08,CBE,Google Play Store,NEGATIVE,0.9919689297676086,transactions
Best mobile app ever,5,2024-08-08,CBE,Google Play Store,POSITIVE,0.9997805953025818,other
very very best,5,2024-08-08,CBE,Google Play Store,POSITIVE,0.9998433589935303,other
That's is really good 👍 I like CBE,5,2024-08-08,CBE,Google Play Store,POSITIVE,0.9998655319213867,other
Ok 99%,4,2024-08-07,CBE,Google Play Store,POSITIVE,0.9998070597648621,other
አንደኛ ነው ፈጣን ምቹ ቀላል ሳልነካው አልውልም #1ኛነው,5,2024-08-07,CBE,Google Play Store,NEGATIVE,0.9590937495231628,other
Fahti Kamaal,1,2024-08-07,CBE,Google Play Store,NEGATIVE,0.8807880878448486,other
compaatble cbe,5,2024-08-07,CBE,Google Play Store,POSITIVE,0.9802691340446472,other
Very poor and very disgusting,1,2024-08-06,CBE,Google Play Store,NEGATIVE,0.9997865557670593,other
goodgoodgood,5,2024-08-06,CBE,Google Play Store,POSITIVE,0.9996237754821777,other
Ok Bankii daladalaa Itoophayaa Anii noor mobile banking barbadaa,3,2024-08-06,CBE,Google Play Store,NEGATIVE,0.9832399487495422,other
ለአጠቃቀም ቀላል የሆነ አሪፍ አፕ ነዉ።,5,2024-08-06,CBE,Google Play Store,NEGATIVE,0.9200406074523926,other
Best app for using and time saving,5,2024-08-06,CBE,Google Play Store,POSITIVE,0.9981324076652527,other
So very important app very useful.,5,2024-08-06,CBE,Google Play Store,POSITIVE,0.998357355594635,other
Nba,5,2024-08-05,CBE,Google Play Store,POSITIVE,0.9602439999580383,other
"Nice app but became inactive after being zippad &released ,plse solve such silly problem",5,2024-08-05,CBE,Google Play Store,NEGATIVE,0.9962028861045837,other
"Always says can't synchronize, while I have active internet access",1,2024-08-05,CBE,Google Play Store,NEGATIVE,0.9983568787574768,login_issues
This app is exceptionally fantastic!! Keep updating it!!,5,2024-08-05,CBE,Google Play Store,POSITIVE,0.9998620748519897,other
It is my choice,5,2024-08-05,CBE,Google Play Store,POSITIVE,0.9995372295379639,other
Download our app:,5,2024-08-04,CBE,Google Play Store,POSITIVE,0.793519139289856,other
my mobile banking account app blocked please open Borana Zone yabello,5,2024-08-04,CBE,Google Play Store,NEGATIVE,0.994955837726593,login_issues
Good app but it not allowed me to link my ac with walet,4,2024-08-03,CBE,Google Play Store,NEGATIVE,0.9182761907577515,other
This app is smart and simple to use.,5,2024-08-03,CBE,Google Play Store,POSITIVE,0.9998026490211487,other
Dobuony bandak jock,5,2024-08-03,CBE,Google Play Store,NEGATIVE,0.9906285405158997,other
its very fast and active app,1,2024-08-03,CBE,Google Play Store,POSITIVE,0.9986039996147156,performance
amezing app!!,3,2024-08-03,CBE,Google Play Store,POSITIVE,0.9965015649795532,other
it was good but it has some error by connection......,5,2024-08-02,CBE,Google Play Store,NEGATIVE,0.9972915053367615,bugs
Ow 🤞🤞🤞 cbe app mobanking,4,2024-08-02,CBE,Google Play Store,NEGATIVE,0.9880784153938293,other
Very nice application please add additional language commercial bank of Ethiopia back bone of Ethiopian economy,5,2024-08-02,CBE,Google Play Store,POSITIVE,0.998902440071106,other
It is really nice application helped me a lot.,5,2024-08-02,CBE,Google Play Store,POSITIVE,0.9997137188911438,customer_support
I have one year experience.,5,2024-08-02,CBE,Google Play Store,NEGATIVE,0.5670257806777954,other
Easy to use and also fast,5,2024-08-01,CBE,Google Play Store,POSITIVE,0.9995656609535217,performance
"All those service interruptions... , When you update it stops working and to start using an new appliance you need to go to the bank to activate it... uff...",1,2024-08-01,CBE,Google Play Store,NEGATIVE,0.999444305896759,customer_support
Remla tem,5,2024-08-01,CBE,Google Play Store,NEGATIVE,0.9539594650268555,other
Good work,5,2024-08-01,CBE,Google Play Store,POSITIVE,0.9998413324356079,other
Revolutionized ethiopian banking industry to another level I was amazed how it made contact my family easily,5,2024-08-01,CBE,Google Play Store,POSITIVE,0.9992693066596985,other
It's not appropriate for Play store,1,2024-08-01,CBE,Google Play Store,NEGATIVE,0.9997872710227966,other
Fast and easy but there is delayance in refreshing,5,2024-08-01,CBE,Google Play Store,POSITIVE,0.9987161159515381,performance
"Not opening the account, very late",2,2024-08-01,CBE,Google Play Store,NEGATIVE,0.9996329545974731,login_issues
Poor app please upgrade it Example add transfering to telebirr agent,1,2024-08-01,CBE,Google Play Store,NEGATIVE,0.9996113181114197,transactions
Why not access in galaxy s7 edge??,5,2024-07-31,CBE,Google Play Store,NEGATIVE,0.9992682337760925,login_issues
Hamza kamal and,3,2024-07-31,CBE,Google Play Store,POSITIVE,0.9643778800964355,other
❤❤❤❤❤,5,2024-07-30,CBE,Google Play Store,NEGATIVE,0.6970561742782593,other
why dont u referesh ???,5,2024-07-30,CBE,Google Play Store,NEGATIVE,0.9975547194480896,other
Commercial bankof ETheiopia,5,2024-07-29,CBE,Google Play Store,NEGATIVE,0.9657658338546753,other
Nice app and always use.,5,2024-07-29,CBE,Google Play Store,POSITIVE,0.9997918009757996,other
Great mobile banking app,5,2024-07-29,CBE,Google Play Store,POSITIVE,0.9996071457862854,other
Usless,1,2024-07-28,CBE,Google Play Store,NEGATIVE,0.9949766397476196,other
appu በጣም ቀላል ላጠቃቀም ምቹ ሆኖ አጊቼዋለው እንደአስተያየት ሚስጥር ቁጥር ስናስገባ 4 digit ያለው ቁጥር ነው ምናስገባው በተጨማሪ በአሻራ እና በ ፌስ ስካን በማድረግ ብትጨምሩ,5,2024-07-28,CBE,Google Play Store,NEGATIVE,0.9553380012512207,other
Nays,5,2024-07-28,CBE,Google Play Store,NEGATIVE,0.9894011616706848,other
Wow best,5,2024-07-28,CBE,Google Play Store,POSITIVE,0.9998389482498169,other
Very nice but network plm,5,2024-07-28,CBE,Google Play Store,POSITIVE,0.7899072170257568,other
Very very limited service,3,2024-07-28,CBE,Google Play Store,NEGATIVE,0.9995602965354919,customer_support
"Make it like telebirr, internet service fee free",3,2024-07-28,CBE,Google Play Store,POSITIVE,0.8337737917900085,customer_support
Thank very much,5,2024-07-28,CBE,Google Play Store,POSITIVE,0.9998160004615784,other
Cbe mobile banking is very active. Thank you!,5,2024-07-27,CBE,Google Play Store,POSITIVE,0.9998363256454468,other
Subscription,5,2024-07-27,CBE,Google Play Store,POSITIVE,0.9259040951728821,other
ምርጥ አፕልኬሽን ጊዜንም ገንዘብም የሚቆጥብ,5,2024-07-27,CBE,Google Play Store,NEGATIVE,0.8832126259803772,other
Very simple and fast,5,2024-07-27,CBE,Google Play Store,POSITIVE,0.9997982382774353,performance
Its the bast application in my country,5,2024-07-27,CBE,Google Play Store,POSITIVE,0.9994379878044128,other
awonderful app,5,2024-07-27,CBE,Google Play Store,NEGATIVE,0.9943115711212158,other
Right choice.,5,2024-07-27,CBE,Google Play Store,POSITIVE,0.9998522996902466,other
V good,5,2024-07-27,CBE,Google Play Store,POSITIVE,0.9984826445579529,other
የመተግበሪያው የይለፍ ቃል በተጨማሪ የጣት አሻራ ቢኖረው።,4,2024-07-26,CBE,Google Play Store,NEGATIVE,0.9239574670791626,other
A+,5,2024-07-26,CBE,Google Play Store,POSITIVE,0.9992320537567139,other
በጣም ጠቃም,5,2024-07-26,CBE,Google Play Store,NEGATIVE,0.7850580215454102,other
its a disaster really,1,2024-07-26,CBE,Google Play Store,NEGATIVE,0.9998002648353577,other
Xilaun tadel,5,2024-07-25,CBE,Google Play Store,POSITIVE,0.9673154354095459,other
Cool cool,5,2024-07-25,CBE,Google Play Store,POSITIVE,0.9998539686203003,other
Exceptional,5,2024-07-25,CBE,Google Play Store,POSITIVE,0.9998514652252197,other
It is not fast,1,2024-07-25,CBE,Google Play Store,NEGATIVE,0.99720698595047,performance
Good application and Best for use,5,2024-07-25,CBE,Google Play Store,POSITIVE,0.9998144507408142,other
Tanks have,5,2024-07-25,CBE,Google Play Store,NEGATIVE,0.9952101111412048,other
Nice app considering what is out in the market in Ethiopian banking it can be better regarding no. Of recent transaction to display,5,2024-07-24,CBE,Google Play Store,POSITIVE,0.9633951187133789,transactions
Super !,5,2024-07-23,CBE,Google Play Store,POSITIVE,0.9995549321174622,other
No safaricom network,1,2024-07-23,CBE,Google Play Store,NEGATIVE,0.998711109161377,other
like Commercial Bank Ethiopia,5,2024-07-23,CBE,Google Play Store,POSITIVE,0.8521137237548828,other
its not working properly boring app ever,1,2024-07-23,CBE,Google Play Store,NEGATIVE,0.9997456669807434,other
GREAT,5,2024-07-23,CBE,Google Play Store,POSITIVE,0.9998630285263062,other
በጣም አሪፍ ሁሌ የሚተማመኑበት ባንክ ነው,5,2024-07-23,CBE,Google Play Store,NEGATIVE,0.9046949148178101,other
It's fast and secure,5,2024-07-22,CBE,Google Play Store,POSITIVE,0.9998146891593933,performance
Muluken mekonen abrbe,5,2024-07-22,CBE,Google Play Store,NEGATIVE,0.9372318983078003,other
👌,5,2024-07-22,CBE,Google Play Store,NEGATIVE,0.6970561742782593,other
Jafer Ahmed umer,5,2024-07-22,CBE,Google Play Store,POSITIVE,0.7615384459495544,other
Very fast and efficient application.,5,2024-07-22,CBE,Google Play Store,POSITIVE,0.9998385906219482,performance
it's good work,5,2024-07-21,CBE,Google Play Store,POSITIVE,0.9998471736907959,other
This is very helpfull app. It workes for me even whil i am abroud. Good job CBE !!!,5,2024-07-21,CBE,Google Play Store,POSITIVE,0.9984155893325806,customer_support
ገቢ እና ወጪን ይዘላል.. አስተካክሉት,2,2024-07-21,CBE,Google Play Store,NEGATIVE,0.9230992197990417,other
Please protect my security and protect my rewards because some body tries hack me!!,5,2024-07-20,CBE,Google Play Store,NEGATIVE,0.9908030033111572,other
I liked it,5,2024-07-20,CBE,Google Play Store,POSITIVE,0.9998264908790588,other
good good,5,2024-07-20,CBE,Google Play Store,POSITIVE,0.9998282194137573,other
I like this apps,5,2024-07-19,CBE,Google Play Store,POSITIVE,0.9996740818023682,other
It was verified and important apps but some customer service officer did know how to verifying,5,2024-07-19,CBE,Google Play Store,POSITIVE,0.6079267859458923,customer_support
"I have not seen anything like it in the Ethiopian banking industry. It is very easy to use, fast, and offers a wide range of services. However, I would like to suggest a future modification: currently, the app only displays transactions for one month. It would be beneficial if it could show transactions for more than one month, including yearly transactions. Please consider this request. Thank you, Commercial Bank of Ethiopia, for this innovative app.",5,2024-07-19,CBE,Google Play Store,POSITIVE,0.9677926301956177,"performance, transactions, customer_support"
ሀሪፍ,1,2024-07-19,CBE,Google Play Store,NEGATIVE,0.6970561742782593,other
Why app don't work,5,2024-07-19,CBE,Google Play Store,NEGATIVE,0.9992460012435913,other
"This app is very good. But, Sometimes it doesn't work properly by the problem of network.",4,2024-07-19,CBE,Google Play Store,NEGATIVE,0.9964278340339661,other
Nb one,5,2024-07-19,CBE,Google Play Store,POSITIVE,0.9453076124191284,other
It's Nice app ever!!!,5,2024-07-19,CBE,Google Play Store,POSITIVE,0.9998113512992859,other
Bareeda Garuu maaliifi haqaadeema nagahee duraa,5,2024-07-19,CBE,Google Play Store,NEGATIVE,0.9940953254699707,other
I am Delighted to being the member of this leading Bank!,5,2024-07-18,CBE,Google Play Store,POSITIVE,0.9998785257339478,other
Maliif bakka jalqaba account bananne malee Hojiin egalchiisuun hin dandaamu?,5,2024-07-18,CBE,Google Play Store,NEGATIVE,0.9913634061813354,login_issues
No 1 banking application in Ethiopia,5,2024-07-17,CBE,Google Play Store,NEGATIVE,0.8776190280914307,other
Wenderfull I loved it so much!!!!!,5,2024-07-17,CBE,Google Play Store,POSITIVE,0.999843955039978,other
It's good app for me,1,2024-07-16,CBE,Google Play Store,POSITIVE,0.9998619556427002,other
Trustfull,5,2024-07-16,CBE,Google Play Store,POSITIVE,0.9998231530189514,other
💚💛💋🙏🙏🙏,5,2024-07-16,CBE,Google Play Store,NEGATIVE,0.6970561742782593,other
Good service but need imrove mostly bcause some times no work,4,2024-07-16,CBE,Google Play Store,NEGATIVE,0.9407732486724854,customer_support
ABDISA MOHAMMED I can get 4hf my friend how are you feeling I hope my friend is coming up with you tomorrow at the same place you can get it done before the election results I think we need to we can do it together my friend how are things going for my friend,1,2024-07-15,CBE,Google Play Store,POSITIVE,0.9898977279663086,other
Fuke,5,2024-07-15,CBE,Google Play Store,NEGATIVE,0.9990154504776001,other
"Very poor, not connect properly, deduct money with out report",1,2024-07-15,CBE,Google Play Store,NEGATIVE,0.9997842907905579,other
Refek neser,5,2024-07-15,CBE,Google Play Store,POSITIVE,0.9620752334594727,other
"Yesterday, system hackers have taken money out of my CBE account due to problems related with the CBE BIRR SMS and internet banking systems.You must further increase security of the system.I am willing to give further details if necessary. System hackers have unlocked the programning of cash transfer, I understood.",1,2024-07-15,CBE,Google Play Store,NEGATIVE,0.8956344127655029,"login_issues, transactions"
amisalesh banica,5,2024-07-15,CBE,Google Play Store,NEGATIVE,0.9772166013717651,other
It good.but there gambler's in using mobile banking I lose 5000birr.,5,2024-07-14,CBE,Google Play Store,NEGATIVE,0.9973481893539429,other
10 Q,5,2024-07-14,CBE,Google Play Store,POSITIVE,0.984188437461853,other
mal,5,2024-07-14,CBE,Google Play Store,NEGATIVE,0.9996137022972107,other
"""get your verification code from your nearest branch"" ia the first amazing dialogue your face, when you try to setup your CBE App. It is a way back system that requires you to go physically. You should have sent a verification codes either via phone number or email address. You better change this analogue system to the digital one! 😀",2,2024-07-13,CBE,Google Play Store,NEGATIVE,0.9945490956306458,other
unable to access my account in the US.,1,2024-07-13,CBE,Google Play Store,NEGATIVE,0.9997978806495667,login_issues
It is easy to use.,5,2024-07-13,CBE,Google Play Store,POSITIVE,0.9993453621864319,other
Fast service,5,2024-07-13,CBE,Google Play Store,POSITIVE,0.9991244673728943,"performance, customer_support"
about inactive solutions want be!!!,1,2024-07-13,CBE,Google Play Store,NEGATIVE,0.995563268661499,other
አረ ወጪ ገቢዬን በስርአት አሳዪኝ 🙏🙏🙏 ሂሳቦች ብሎ የሚያመጣው የተዘበራረቀ,3,2024-07-12,CBE,Google Play Store,NEGATIVE,0.9366678595542908,other
Its easy and comfortable thanks,5,2024-07-12,CBE,Google Play Store,POSITIVE,0.9998701810836792,other
Excellent bank,5,2024-07-12,CBE,Google Play Store,POSITIVE,0.9998515844345093,other
it a great app and it really made ma day,5,2024-07-11,CBE,Google Play Store,POSITIVE,0.9997878670692444,other
Woow,5,2024-07-11,CBE,Google Play Store,NEGATIVE,0.9802446365356445,other
Good jib,5,2024-07-11,CBE,Google Play Store,POSITIVE,0.9998526573181152,other
Awesome!!,5,2024-07-11,CBE,Google Play Store,POSITIVE,0.9998700618743896,other
its goid app,5,2024-07-11,CBE,Google Play Store,NEGATIVE,0.9347065687179565,other
Best application for transition,5,2024-07-11,CBE,Google Play Store,POSITIVE,0.9994475245475769,other
Mohamedahmed224mohamed ahmed,5,2024-07-10,CBE,Google Play Store,POSITIVE,0.8677036166191101,other
I like all service,1,2024-07-10,CBE,Google Play Store,POSITIVE,0.999650239944458,customer_support
ከፒን ይልቅ በአሻራ እንዲከፈት ማረግ አለባቹሁ።,1,2024-07-10,CBE,Google Play Store,NEGATIVE,0.9200406074523926,other
Good app compared with other bank app,5,2024-07-10,CBE,Google Play Store,POSITIVE,0.9996248483657837,other
Proud to be CBE's Customer,5,2024-07-10,CBE,Google Play Store,POSITIVE,0.9998657703399658,other
Very interesting application and very useful .,5,2024-07-09,CBE,Google Play Store,POSITIVE,0.9998726844787598,other
Happy,2,2024-07-08,CBE,Google Play Store,POSITIVE,0.9998753070831299,other
Too best to did,5,2024-07-08,CBE,Google Play Store,NEGATIVE,0.9743470549583435,other
Disaster,1,2024-07-08,CBE,Google Play Store,NEGATIVE,0.9997738003730774,other
"Very good app, but why we don't see the statements?",4,2024-07-08,CBE,Google Play Store,POSITIVE,0.5289440751075745,other
Letebrhan leteberhan,5,2024-07-07,CBE,Google Play Store,NEGATIVE,0.9486526250839233,other
Good and comfortable,5,2024-07-07,CBE,Google Play Store,POSITIVE,0.9998598098754883,other
ሃሪፈ አብሌኬሺን ሰለሆነ ይጠቀሙ,5,2024-07-07,CBE,Google Play Store,NEGATIVE,0.8616323471069336,other
Very faster than ussd mode,5,2024-07-06,CBE,Google Play Store,POSITIVE,0.9988300204277039,performance
could not see balance and account to account t not working,3,2024-07-06,CBE,Google Play Store,NEGATIVE,0.9993937015533447,login_issues
A life Time,2,2024-07-06,CBE,Google Play Store,POSITIVE,0.9988065958023071,other
It is stable and safe.,5,2024-07-06,CBE,Google Play Store,POSITIVE,0.9998321533203125,other
8838𝑒𝑎 935🄹🅄🆀😃😃😃😃፨፨፨፨ገ😃፨፧፨ቸዟዟዞ😂😂😂 😁😁🅿😀😅😁😁😁😁,2,2024-07-06,CBE,Google Play Store,NEGATIVE,0.9489790797233582,other
I don't agreed what you are doing on my account regarding of commission payment of this apk. bcz I'm paying for transfer to other so why commission pyt is necessary or tell us and we can go to other banks if your users more bigger than you think 🙄 Is it 5birr is balance pls diminish it,1,2024-07-05,CBE,Google Play Store,NEGATIVE,0.9994580149650574,"login_issues, transactions"
this is good app,5,2024-07-05,CBE,Google Play Store,POSITIVE,0.9998615980148315,other
It is really a great app.,5,2024-07-05,CBE,Google Play Store,POSITIVE,0.9998568296432495,other
Very stupid service bank,1,2024-07-05,CBE,Google Play Store,NEGATIVE,0.9997678399085999,customer_support
"Splendid, fast and accurate service",5,2024-07-05,CBE,Google Play Store,POSITIVE,0.9998788833618164,"performance, customer_support"
the best one❤,5,2024-07-04,CBE,Google Play Store,POSITIVE,0.9998503923416138,other
Its very nice app,5,2024-07-04,CBE,Google Play Store,POSITIVE,0.9998563528060913,other
CBE The Ethiopian Nations Bank.,5,2024-07-04,CBE,Google Play Store,POSITIVE,0.9852977395057678,other
Perfect & good too work at,5,2024-07-03,CBE,Google Play Store,POSITIVE,0.999839186668396,other
Sometimes delayed,3,2024-07-03,CBE,Google Play Store,NEGATIVE,0.9903796911239624,other
Fast and user friendly app,5,2024-07-03,CBE,Google Play Store,POSITIVE,0.9990848302841187,"performance, ui_ux"
Really great banking app,5,2024-07-03,CBE,Google Play Store,POSITIVE,0.9998076558113098,other
Politician,5,2024-07-02,CBE,Google Play Store,POSITIVE,0.9490412473678589,other
That is the trusted bank In Ethiopia 🇪🇹,5,2024-07-02,CBE,Google Play Store,POSITIVE,0.9976717829704285,other
absolute poor.,1,2024-07-02,CBE,Google Play Store,NEGATIVE,0.9997938275337219,other
Very nice app i never seen such flexible,3,2024-07-02,CBE,Google Play Store,POSITIVE,0.9997349381446838,other
no network for today why,1,2024-07-02,CBE,Google Play Store,NEGATIVE,0.9994381070137024,other
"Poor application. Let me list down if you could update the main features. It say error while the money has already sent. We can't get the transaction record (it has limited date) or somtimes the listed record transactions and the details are not the same while we enter to see further details. So if you can, try to see telebirr application and how much simple it is then try to update frequently.",1,2024-07-02,CBE,Google Play Store,NEGATIVE,0.9996870756149292,"transactions, bugs"
It's 💥💥👌,5,2024-07-02,CBE,Google Play Store,POSITIVE,0.9126973748207092,other
Easy and fast to use this apps. Only you have to add to transfer others telebirr! Thanks CBE,5,2024-07-01,CBE,Google Play Store,POSITIVE,0.9942166805267334,"performance, transactions"
Easy to use and well functioning with limited Internet access. Fantastic app.,5,2024-07-01,CBE,Google Play Store,POSITIVE,0.9960766434669495,login_issues
CBE mobail Banking is very good.,5,2024-07-01,CBE,Google Play Store,POSITIVE,0.999852180480957,other
It is a good app,4,2024-07-01,CBE,Google Play Store,POSITIVE,0.9998643398284912,other
It's essentially for an easy life.,3,2024-07-01,CBE,Google Play Store,POSITIVE,0.9488908648490906,other
It's the best in Ethiopia,5,2024-06-30,CBE,Google Play Store,POSITIVE,0.9998635053634644,other
Good night,5,2024-06-30,CBE,Google Play Store,POSITIVE,0.999847412109375,other
Very good app & constant ever,5,2024-06-30,CBE,Google Play Store,POSITIVE,0.9998607635498047,other
The best one,5,2024-06-30,CBE,Google Play Store,POSITIVE,0.9998371601104736,other
The screen shot doesn't work.,2,2024-06-30,CBE,Google Play Store,NEGATIVE,0.9997966885566711,other
It is greatly helpful if upgraded to work offline like *889#.,5,2024-06-30,CBE,Google Play Store,POSITIVE,0.9902747869491577,customer_support
Ethiopia,5,2024-06-29,CBE,Google Play Store,POSITIVE,0.9780409336090088,other
i am tesfalegn,4,2024-06-29,CBE,Google Play Store,POSITIVE,0.7693716287612915,other
የማያጠቅም ባንክ👎👎👎👎👎👎👎👎👎👎👎👎👎👎👎👎👎👎👎👎👎👎👎👎👎👎,1,2024-06-29,CBE,Google Play Store,NEGATIVE,0.7850580215454102,other
Taliilaa gutaa Dhugoo xiqii,5,2024-06-29,CBE,Google Play Store,NEGATIVE,0.9825242161750793,other
Wow amazing to this app,5,2024-06-28,CBE,Google Play Store,POSITIVE,0.9998506307601929,other
This is a scammer bank how could you guys take 53 bir for 20k transfer illegal!!! Not deserve 2 star even,1,2024-06-28,CBE,Google Play Store,NEGATIVE,0.9992114305496216,transactions
Its good aplication make it easy my money transfer and make it more secure,5,2024-06-27,CBE,Google Play Store,POSITIVE,0.9979432225227356,transactions
"It is best, recommend you guys to use.",5,2024-06-27,CBE,Google Play Store,POSITIVE,0.9997081160545349,other
Woow its good app for All banking service,5,2024-06-27,CBE,Google Play Store,NEGATIVE,0.9928423166275024,customer_support
700000 a,5,2024-06-26,CBE,Google Play Store,POSITIVE,0.9575417041778564,other
Muhammad Kadire Mahamad,5,2024-06-26,CBE,Google Play Store,POSITIVE,0.9473906755447388,other
I says thanks,1,2024-06-26,CBE,Google Play Store,POSITIVE,0.9998050332069397,other
Really satisfying app,5,2024-06-26,CBE,Google Play Store,POSITIVE,0.9998656511306763,other
The Best Mobile Banking App,5,2024-06-26,CBE,Google Play Store,POSITIVE,0.9998278617858887,other
"The app is very nice to use but why you guys are cutting 10birr for each transaction to telebirr? Please, consider all market segments, there are students and labour workers. We all are not that rich 10birr+ service fee to be cut. CBE please, consider these thing.",3,2024-06-25,CBE,Google Play Store,NEGATIVE,0.995618462562561,"transactions, customer_support"
Good job. Invest and invent more!,5,2024-06-25,CBE,Google Play Store,POSITIVE,0.9998677968978882,other
Passport payment,1,2024-06-25,CBE,Google Play Store,POSITIVE,0.9757188558578491,transactions
Nice one of and to be able skills in a good time for me and the first half of all time taking,5,2024-06-25,CBE,Google Play Store,POSITIVE,0.9998672008514404,other
"couldn't view receipt & can not get help, no telephone contacts. etches",2,2024-06-25,CBE,Google Play Store,NEGATIVE,0.9986035227775574,customer_support
It's perfect,5,2024-06-24,CBE,Google Play Store,POSITIVE,0.9998714923858643,other
I didn't like the topup system writings of phone number part,3,2024-06-24,CBE,Google Play Store,NEGATIVE,0.9981499910354614,other
Nice app !!but not tomuch,4,2024-06-24,CBE,Google Play Store,POSITIVE,0.9263148307800293,other
More or less it is Good Application.Go Ahead.,5,2024-06-24,CBE,Google Play Store,POSITIVE,0.9996052384376526,other
Mikias Gitom,5,2024-06-23,CBE,Google Play Store,POSITIVE,0.9570354223251343,other
Nice bank,5,2024-06-23,CBE,Google Play Store,POSITIVE,0.9998055100440979,other
ጥሩ ነው ነገር ግን አብዛኛውን ጊዜ Transaction History አይመዘግብም አልፎ አልፎ አንዳንድ ቢያስቀምጥ እንኳ Order/በቅድምተከተል አይቀመጥም በተጨማሪ Message ያልደረም ከሆነ በጠም አስቸጋሪ ከመሆኑም በላይ በስራችን ላይ ጫና እያደረሰብን ነው ከደንበኞች በቀላሉ መገበያየት አስቻጋሪ ነው እና ይህ ይስተካከል እንላለን !!,2,2024-06-23,CBE,Google Play Store,NEGATIVE,0.9623077511787415,transactions
I dont know when it works and dont but its not working more than working,1,2024-06-22,CBE,Google Play Store,NEGATIVE,0.9993124008178711,bugs
Working,5,2024-06-21,CBE,Google Play Store,POSITIVE,0.9987824559211731,other
Cbe mobile app number one,5,2024-06-21,CBE,Google Play Store,POSITIVE,0.9881458282470703,other
"It nice app,but it's not working using wifi ,if you can try to fix .",5,2024-06-21,CBE,Google Play Store,NEGATIVE,0.9987931251525879,other
Nice application,5,2024-06-21,CBE,Google Play Store,POSITIVE,0.9998229146003723,other
amazing app,5,2024-06-21,CBE,Google Play Store,POSITIVE,0.9998670816421509,other
Fast an easy to use,5,2024-06-21,CBE,Google Play Store,POSITIVE,0.9993991851806641,performance
MUMe hasenhusen,5,2024-06-20,CBE,Google Play Store,NEGATIVE,0.9936703443527222,other
እ. ብ. ጥ. ነው,5,2024-06-20,CBE,Google Play Store,NEGATIVE,0.948600709438324,other
Keep walking with technology,5,2024-06-19,CBE,Google Play Store,POSITIVE,0.9996848106384277,other
ፈጣን እና ምቹ,5,2024-06-19,CBE,Google Play Store,NEGATIVE,0.8337246179580688,other
CBE mobile banking now becoming the best.,5,2024-06-19,CBE,Google Play Store,POSITIVE,0.999601423740387,other
What a nice app for business man thanks CBE,5,2024-06-18,CBE,Google Play Store,POSITIVE,0.9997591376304626,other
Very important!,5,2024-06-17,CBE,Google Play Store,POSITIVE,0.9998403787612915,other
Smart 🤗🤗🤗,5,2024-06-17,CBE,Google Play Store,POSITIVE,0.9998408555984497,other
There is a glitch regarding the transaction history. Recent transaction history are browsed almost after a day. Which makes it very inconvenient for the users.,2,2024-06-16,CBE,Google Play Store,NEGATIVE,0.9983526468276978,transactions
It is user friendly app,5,2024-06-16,CBE,Google Play Store,POSITIVE,0.9946581721305847,ui_ux
Very good application,5,2024-06-15,CBE,Google Play Store,POSITIVE,0.9998687505722046,other
My best,5,2024-06-15,CBE,Google Play Store,POSITIVE,0.9997593760490417,other
My password,5,2024-06-15,CBE,Google Play Store,POSITIVE,0.7843292951583862,login_issues
❤❤❤,5,2024-06-15,CBE,Google Play Store,NEGATIVE,0.6970561742782593,other
best aplk,5,2024-06-15,CBE,Google Play Store,POSITIVE,0.9996923208236694,other
"One of the poorest app for 2 main reasons 1-works only with internet connection 2-Even with best internet acess, it usally says failed synchronization .",1,2024-06-15,CBE,Google Play Store,NEGATIVE,0.9997078776359558,other
Wow this App 👏 👌,5,2024-06-15,CBE,Google Play Store,POSITIVE,0.9990670084953308,other
Likely,5,2024-06-15,CBE,Google Play Store,POSITIVE,0.9988023042678833,other
Fast and secure,5,2024-06-14,CBE,Google Play Store,POSITIVE,0.9998388290405273,performance
"Fast, user-friendly, easy-to-use",5,2024-06-14,CBE,Google Play Store,POSITIVE,0.9983606934547424,"performance, ui_ux"
It's not so much fast,1,2024-06-14,CBE,Google Play Store,NEGATIVE,0.9997789263725281,performance
app bayyee si'atafi baredadha,5,2024-06-13,CBE,Google Play Store,POSITIVE,0.7815437912940979,other
Only smart!!!!,5,2024-06-13,CBE,Google Play Store,POSITIVE,0.9933844208717346,other
ከሃገር ውጭ ላለው ዜጋ በምን አይነት መልኩ አካውንት ሊከፍት ይችላል,5,2024-06-13,CBE,Google Play Store,NEGATIVE,0.9366678595542908,other
Really very comfortable application!,5,2024-06-13,CBE,Google Play Store,POSITIVE,0.9997982382774353,other
😀😀😀😀😀,1,2024-06-12,CBE,Google Play Store,NEGATIVE,0.6970561742782593,other
Great and simple to use.,5,2024-06-12,CBE,Google Play Store,POSITIVE,0.9998792409896851,other
Fine,5,2024-06-12,CBE,Google Play Store,POSITIVE,0.9998335838317871,other
10 q,5,2024-06-12,CBE,Google Play Store,POSITIVE,0.984188437461853,other
Use full,5,2024-06-12,CBE,Google Play Store,POSITIVE,0.9933939576148987,other
The worst app,1,2024-06-12,CBE,Google Play Store,NEGATIVE,0.9997969269752502,other
electronics maintenance🤐,5,2024-06-11,CBE,Google Play Store,NEGATIVE,0.5444009900093079,other
Wow nw,5,2024-06-11,CBE,Google Play Store,POSITIVE,0.9985764026641846,other
Backup,5,2024-06-10,CBE,Google Play Store,NEGATIVE,0.9964532852172852,other
It was ok but resently it has become unuseable to say the list. It does not sincronise and I have not been able to make use of it.,1,2024-06-10,CBE,Google Play Store,NEGATIVE,0.9953666925430298,other
dONE,5,2024-06-10,CBE,Google Play Store,POSITIVE,0.985146701335907,other
Mat,5,2024-06-10,CBE,Google Play Store,POSITIVE,0.9149277806282043,other
"Improve the transaction history it misleading when you don't update the transaction correctly, and make it record the monthly Fee that deducted from our account, at this point the messages are more reliable",3,2024-06-08,CBE,Google Play Store,NEGATIVE,0.9905937910079956,"login_issues, transactions"
This so good! But some time it's not work.!,3,2024-06-08,CBE,Google Play Store,NEGATIVE,0.9912421703338623,other
It's the worst app ever,1,2024-06-08,CBE,Google Play Store,NEGATIVE,0.999796450138092,other
lelisa sabsibe photo,5,2024-06-07,CBE,Google Play Store,NEGATIVE,0.8101926445960999,other
1OK,2,2024-06-06,CBE,Google Play Store,POSITIVE,0.5096977949142456,other
I S I N J A A L A T A M T O T A,5,2024-06-06,CBE,Google Play Store,NEGATIVE,0.6477185487747192,other
dawnlode,5,2024-06-05,CBE,Google Play Store,POSITIVE,0.7696382999420166,other
Fast and reliable service,5,2024-06-05,CBE,Google Play Store,POSITIVE,0.999779999256134,"performance, customer_support"
fast and very easy to use.,5,2024-06-05,CBE,Google Play Store,POSITIVE,0.9996473789215088,performance
👍👍👍👍👍👍👍👍,5,2024-06-05,CBE,Google Play Store,NEGATIVE,0.6970561742782593,other
አንጋፋውና የአገሪቱ ዋልታ የኢትዮጵያ ንግድ ባንክ ችግሮቹን እየፈቻ ወደፊት እንደሚገሰግስ ባለሙሉ ቸስፋ ነኝ ክብር ለሚገባው ክብር እንስጥ,5,2024-06-05,CBE,Google Play Store,NEGATIVE,0.9582905173301697,other
Good 👍👍👍😊,5,2024-06-05,CBE,Google Play Store,POSITIVE,0.9998576641082764,other
Recent transactions are all mixed up Rtgs doesn't show up for confirmation or in texts,1,2024-06-04,CBE,Google Play Store,NEGATIVE,0.9995436072349548,transactions
Jamsi for make,5,2024-06-04,CBE,Google Play Store,POSITIVE,0.8920077085494995,other
Nice but please active always.,4,2024-06-03,CBE,Google Play Store,POSITIVE,0.9997498393058777,other
Tiga,5,2024-06-03,CBE,Google Play Store,POSITIVE,0.9692228436470032,other
Nuradin mahamad abdala,4,2024-06-03,CBE,Google Play Store,POSITIVE,0.9689999222755432,other
Its good i like it,5,2024-06-03,CBE,Google Play Store,POSITIVE,0.9998488426208496,other
fast,5,2024-06-03,CBE,Google Play Store,POSITIVE,0.9989494681358337,performance
Best apk ever,5,2024-06-02,CBE,Google Play Store,POSITIVE,0.9998413324356079,other
Poorly functioning,1,2024-06-01,CBE,Google Play Store,NEGATIVE,0.9997856020927429,other
This application is very useful and incredible especially by it's speed.,5,2024-05-31,CBE,Google Play Store,POSITIVE,0.9998774528503418,performance
"it said ""None available""",1,2024-05-31,CBE,Google Play Store,NEGATIVE,0.9997686743736267,other
"it's very good and fast application sometimes there is a little bit of congestion,fix it.",5,2024-05-31,CBE,Google Play Store,POSITIVE,0.9986794590950012,performance
"If It fails, you become the richest person over night. 😊",5,2024-05-30,CBE,Google Play Store,POSITIVE,0.9418790340423584,other
Best App but it doesn't show me the debited birr and the right balance,5,2024-05-30,CBE,Google Play Store,NEGATIVE,0.9967633485794067,other
Something else to eat it,3,2024-05-30,CBE,Google Play Store,POSITIVE,0.9977501034736633,other
very good app but the transaction and deposit day some times wrong!,5,2024-05-30,CBE,Google Play Store,NEGATIVE,0.9981801509857178,transactions
This app is more relable and good to use .,4,2024-05-30,CBE,Google Play Store,POSITIVE,0.9956617951393127,other
very fast and secured app for my money,5,2024-05-29,CBE,Google Play Store,POSITIVE,0.9900829195976257,performance
Best and easy,5,2024-05-29,CBE,Google Play Store,POSITIVE,0.9998441934585571,other
Abdl,5,2024-05-29,CBE,Google Play Store,POSITIVE,0.5991650819778442,other
Shek Usmail Ahmad,5,2024-05-28,CBE,Google Play Store,POSITIVE,0.9134021997451782,other
Easy to use and a lot of functionalities! Keep your eyes on two things: 1. The transactions shown in the Recent section are messed up (every time I refresh it it shows different output of order and messed transaction list) 2. What if we can transfer to other Telebirr number Finally the transaction fee for transfers made other than CBE acc is expensive.,4,2024-05-28,CBE,Google Play Store,NEGATIVE,0.9994989633560181,transactions
ይህ አፕ በጣም አጋዥ ስራን ሚያፋጥን ነው ግን ያለፈውን ሙሉ ታሪክ አያሳይም,5,2024-05-26,CBE,Google Play Store,NEGATIVE,0.9489790797233582,other
the app not fast enough,5,2024-05-26,CBE,Google Play Store,NEGATIVE,0.9990071654319763,performance
Imporrant,5,2024-05-26,CBE,Google Play Store,NEGATIVE,0.9904332160949707,other
It make's life simple and easy keep it up!,5,2024-05-25,CBE,Google Play Store,POSITIVE,0.9998579025268555,other
I wish your help,5,2024-05-25,CBE,Google Play Store,POSITIVE,0.5286440849304199,customer_support
Bad and bad application,1,2024-05-24,CBE,Google Play Store,NEGATIVE,0.9997835755348206,other
"Yaaa ,a nice app",5,2024-05-24,CBE,Google Play Store,POSITIVE,0.9997228980064392,other
Daily internal account to account transfer must be amended since its internal transactions,4,2024-05-24,CBE,Google Play Store,NEGATIVE,0.9856992363929749,"login_issues, transactions"
Very Good Service,5,2024-05-24,CBE,Google Play Store,POSITIVE,0.9998648166656494,customer_support
Smart app,5,2024-05-23,CBE,Google Play Store,POSITIVE,0.999789297580719,other
Top,5,2024-05-23,CBE,Google Play Store,POSITIVE,0.9997069239616394,other
Andualem akifle,5,2024-05-23,CBE,Google Play Store,NEGATIVE,0.5713645219802856,other
Why is it not working well it is not even showing me the money I have,5,2024-05-23,CBE,Google Play Store,NEGATIVE,0.99979168176651,other
This app is not working other bank,2,2024-05-22,CBE,Google Play Store,NEGATIVE,0.9995473027229309,other
Samsung A31,1,2024-05-22,CBE,Google Play Store,POSITIVE,0.8897342681884766,other
Applicationu arf new gn andande yaschegiral ahuninm hizbu benante bedemb eskireka mesrat new plus be meskot yemiseru serategnoch ke lela bank sinetsatser le dembegna kibir yelachewm endefelegut new yemiaerut +telebirr only own telebirr bicha bayhon le leloch yeminilikibet amarach bifeter...Thanks,4,2024-05-22,CBE,Google Play Store,NEGATIVE,0.9636374711990356,other
👎,1,2024-05-21,CBE,Google Play Store,NEGATIVE,0.6970561742782593,other
there is no statement or transaction history its basic thing,5,2024-05-21,CBE,Google Play Store,NEGATIVE,0.9994646906852722,transactions
very good👍🏾👍🏾👍🏾👍🏾👍🏾👍🏾👍🏾👍🏾👍🏾,5,2024-05-21,CBE,Google Play Store,POSITIVE,0.8243645429611206,other
Is excellent i ever seen,5,2024-05-21,CBE,Google Play Store,POSITIVE,0.9998756647109985,other
Wawa,5,2024-05-21,CBE,Google Play Store,NEGATIVE,0.7590286731719971,other
Best financial app,5,2024-05-20,CBE,Google Play Store,POSITIVE,0.9997140765190125,other
"Can got 0 ⭐ Please ! this App is completely Scam Becouse I made payment in other bank option in the App but the APP (-) mY BALANCE BUT NO successful notification to get screen shoot, no SMS and no Transaction history and I alerdy lost my mony becous my clint also does not get the mony i sent! I pay but I didn't got mony! stey away frim CBE",1,2024-05-19,CBE,Google Play Store,NEGATIVE,0.9994651675224304,transactions
"It is nice app, but I couldn't see back transactions, it is restricted for recent transactions only.",3,2024-05-19,CBE,Google Play Store,NEGATIVE,0.9567428231239319,transactions
I like this application and It's very useful,1,2024-05-19,CBE,Google Play Store,POSITIVE,0.9998237490653992,other
"The app is functional with some failures, need much work on the user experience.",3,2024-05-19,CBE,Google Play Store,NEGATIVE,0.9973728656768799,other
"I am a business man i use this app long time, but it is very poor there is no filter to search the transactions of one Acc. If want to now how many times i send or receive.",1,2024-05-19,CBE,Google Play Store,NEGATIVE,0.9984638690948486,transactions
The app doesn't support amharic characters For writing payment reason. It suppose to support writing in amharic(geez) alphabet,2,2024-05-18,CBE,Google Play Store,NEGATIVE,0.9992852807044983,"transactions, customer_support"
It is a good app. It only requires the account holder to use it regularly. It will be better if you make it available every time the user needs it whether he uses it regularly or not. Why is it closed?,5,2024-05-18,CBE,Google Play Store,POSITIVE,0.9958025813102722,login_issues
"Simple, fast and secure",5,2024-05-17,CBE,Google Play Store,POSITIVE,0.9998189806938171,performance
"It is helpful app which can be used easily but one important thing, when you send or receive a money it does not appear the hour and the minutes. You don't know if it is afternoon or morning. It is better the receipt to have date and time.",4,2024-05-17,CBE,Google Play Store,NEGATIVE,0.993380069732666,customer_support
Great 👌,5,2024-05-17,CBE,Google Play Store,POSITIVE,0.9997692704200745,other
I Like the Apps,5,2024-05-17,CBE,Google Play Store,POSITIVE,0.9994787573814392,other
Face id,5,2024-05-17,CBE,Google Play Store,NEGATIVE,0.9037889838218689,other
Very good apps. Thus help other for thier problem.,5,2024-05-17,CBE,Google Play Store,POSITIVE,0.9981616139411926,customer_support
It's very interesting,4,2024-05-17,CBE,Google Play Store,POSITIVE,0.9998812675476074,other
Cbe provides a greatest mobile banking service in Ethiopia.,4,2024-05-17,CBE,Google Play Store,POSITIVE,0.9995653033256531,customer_support
Sabaafiin,5,2024-05-16,CBE,Google Play Store,NEGATIVE,0.950391411781311,other
Bast app I know I don't forget this app in my bank account,5,2024-05-16,CBE,Google Play Store,POSITIVE,0.99916672706604,login_issues
Nuguse hanku,5,2024-05-15,CBE,Google Play Store,POSITIVE,0.6810349225997925,other
Short and Great app,5,2024-05-15,CBE,Google Play Store,POSITIVE,0.9988779425621033,other
Ilove this app easy use,5,2024-05-15,CBE,Google Play Store,POSITIVE,0.8557814955711365,other
"Recent service fee change is ridiculous. Plus making transfer to other banks and Telebirr wallet is even crazier. You suppose to be an exemplary institution, but you are doing the opposite.",2,2024-05-14,CBE,Google Play Store,NEGATIVE,0.9890774488449097,"transactions, customer_support"
Hulem yemitemamenibet bank new,5,2024-05-14,CBE,Google Play Store,NEGATIVE,0.5689398050308228,other
Best of best apk,5,2024-05-13,CBE,Google Play Store,POSITIVE,0.9997125267982483,other
Best App but how can i use more two or more CBE app in one app.,5,2024-05-13,CBE,Google Play Store,NEGATIVE,0.9918330907821655,other
Talented man,5,2024-05-13,CBE,Google Play Store,POSITIVE,0.999841570854187,other
Jabadhaa,5,2024-05-13,CBE,Google Play Store,NEGATIVE,0.8808907270431519,other
nice App,5,2024-05-13,CBE,Google Play Store,POSITIVE,0.9998061060905457,other
This app have no fingerprints unlock and have problem with safaricom topup,1,2024-05-13,CBE,Google Play Store,NEGATIVE,0.9990941286087036,other
Best Apo,5,2024-05-13,CBE,Google Play Store,POSITIVE,0.9997413754463196,other
Dont work,5,2024-05-13,CBE,Google Play Store,NEGATIVE,0.998325765132904,bugs
Galataa,5,2024-05-12,CBE,Google Play Store,POSITIVE,0.9978405237197876,other
"Amazing, very friendly and awesome application. Only one drwaback is that you are not willy to make it active after blocking the mobile banking via 951. I am not still using once blocked. You send me to the branch banks but they don't have enough skill to help.",5,2024-05-12,CBE,Google Play Store,POSITIVE,0.5467404127120972,customer_support
Better,4,2024-05-12,CBE,Google Play Store,POSITIVE,0.999264657497406,other
Good app but it fail to send on time the commission money is unnecessary and also their are some bug like recent transaction page don't show the recent one ...... Try to improve it's back system as a bank system people want it in different situations so it has to work every time as could as possible if you don't get it when you want why we use mobile banking not branch service as I conclusion personally I like the bank because it is CBE but not their digital banking system Thanks,2,2024-05-12,CBE,Google Play Store,NEGATIVE,0.9978784322738647,"transactions, customer_support, bugs"
"Amazing App. But sometimes the app won't show the account balance. It says ""no accounts available""",5,2024-05-12,CBE,Google Play Store,NEGATIVE,0.9966975450515747,login_issues
አሪፍ ነው አፑ ግን አዘምኑት ከ ፒን ውጪ የጣት አሻራ ቢኖረው አሪፍ ነው,5,2024-05-12,CBE,Google Play Store,NEGATIVE,0.9510265588760376,other
"Best prgresive app, and good fetures",5,2024-05-12,CBE,Google Play Store,POSITIVE,0.9995377063751221,other
Simple,5,2024-05-11,CBE,Google Play Store,POSITIVE,0.9996788501739502,other
I am comfortable,5,2024-05-11,CBE,Google Play Store,POSITIVE,0.9998629093170166,other
It's fantastic app,4,2024-05-11,CBE,Google Play Store,POSITIVE,0.9998770952224731,other
One of the best bank,5,2024-05-11,CBE,Google Play Store,POSITIVE,0.999859094619751,other
Be smart,5,2024-05-11,CBE,Google Play Store,POSITIVE,0.9996169805526733,other
Active,5,2024-05-10,CBE,Google Play Store,POSITIVE,0.9998134970664978,other
"This app is very nice, it eases complicated services. The only thing the developer to modify is the app doesn't show recent credit as soon as the credit seen by text message",5,2024-05-10,CBE,Google Play Store,POSITIVE,0.9819045662879944,customer_support
Well,5,2024-05-10,CBE,Google Play Store,POSITIVE,0.9995703101158142,other
Caalaamahammad,5,2024-05-10,CBE,Google Play Store,NEGATIVE,0.5228583812713623,other
Good content but some times sent money but on pending,4,2024-05-10,CBE,Google Play Store,NEGATIVE,0.8957778811454773,transactions
It is a very weak app it does not even show transaction history. If there are 3 transactions in a day it shows two and does not show the rest.,1,2024-05-09,CBE,Google Play Store,NEGATIVE,0.9997816681861877,transactions
ሀይ,5,2024-05-09,CBE,Google Play Store,NEGATIVE,0.6970561742782593,other
It is very important apk.,5,2024-05-09,CBE,Google Play Store,POSITIVE,0.9989751577377319,other
It is amazing app,5,2024-05-09,CBE,Google Play Store,POSITIVE,0.9998784065246582,other
Itis excellent application i ever seen i Ethiopia! But if biometric is added it more usable ! Thank you!,5,2024-05-09,CBE,Google Play Store,POSITIVE,0.9996392726898193,other
Mobile banking,5,2024-05-09,CBE,Google Play Store,POSITIVE,0.9076536893844604,other
Very huge and amazing banking sistem,5,2024-05-09,CBE,Google Play Store,POSITIVE,0.9998422861099243,other
CBE juneydi alii,5,2024-05-08,CBE,Google Play Store,POSITIVE,0.9652054309844971,other
When pressing the download screen shot it downloads it two times please fix it,3,2024-05-08,CBE,Google Play Store,NEGATIVE,0.9749733209609985,other
It is gode,5,2024-05-08,CBE,Google Play Store,POSITIVE,0.5118229389190674,other
Asitemamagn yebank agar,5,2024-05-08,CBE,Google Play Store,NEGATIVE,0.8478448987007141,other
Try to make simple more and more to fit with the need of customer's And try to make secure even if the customer use the app incorrectly ok thank you,5,2024-05-07,CBE,Google Play Store,POSITIVE,0.9842203855514526,other
I Was a customor of comricial bank of ethiopia,5,2024-05-07,CBE,Google Play Store,POSITIVE,0.8467269539833069,other
𝑻𝒉𝒊𝒔 𝒂𝒑𝒑𝒍𝒊𝒄𝒂𝒕𝒊𝒐𝒏 𝒊𝒔 𝒗𝒆𝒓𝒚 𝒈𝒐𝒐𝒅,4,2024-05-07,CBE,Google Play Store,NEGATIVE,0.8832126259803772,other
It's golden,5,2024-05-07,CBE,Google Play Store,POSITIVE,0.9998506307601929,other
It is very best app,5,2024-05-06,CBE,Google Play Store,POSITIVE,0.9998175501823425,other
Poor Bank Poor banking system Poor app,1,2024-05-06,CBE,Google Play Store,NEGATIVE,0.9997742772102356,other
Ajwisks,5,2024-05-05,CBE,Google Play Store,NEGATIVE,0.9727841019630432,other
Amazing app I ever see in this territory,5,2024-05-05,CBE,Google Play Store,POSITIVE,0.9998619556427002,other
Very good 😊 but it have errors,3,2024-05-05,CBE,Google Play Store,NEGATIVE,0.9758657217025757,bugs
💚💛❤,4,2024-05-05,CBE,Google Play Store,NEGATIVE,0.6970561742782593,other
Ana taanan 0 turee oso jiraate,1,2024-05-05,CBE,Google Play Store,NEGATIVE,0.9820274114608765,other
Sadam Dafhj,1,2024-05-05,CBE,Google Play Store,NEGATIVE,0.9899955987930298,other
Wow👍,5,2024-05-05,CBE,Google Play Store,NEGATIVE,0.6970561742782593,other
Greet,5,2024-05-04,CBE,Google Play Store,POSITIVE,0.9988817572593689,other
"CBE Mobile banking app is very easy, simple and full of technology. I thank the innovator of this system🙏🙏🙏🙏",5,2024-05-04,CBE,Google Play Store,POSITIVE,0.999760091304779,other
how to use?,1,2024-05-04,CBE,Google Play Store,NEGATIVE,0.9966146349906921,other
Ayalew Asefa weledemichel /አያሌው አሰፋ ወ/ሚካኤል,1,2024-05-04,CBE,Google Play Store,NEGATIVE,0.9654581546783447,other
Cbe ye mafia leba yhehinu nachew hidden fee ykortalu transfer lay ye wsha ljoch,1,2024-05-03,CBE,Google Play Store,NEGATIVE,0.9905182719230652,transactions
አንዳንዴ የቀሪ ሒሳብ ዝርዝር አያሳይም ከዛ ውጪ i love it .😍. !,5,2024-05-03,CBE,Google Play Store,POSITIVE,0.9998421669006348,other
It is nice app & simple to use it,4,2024-05-03,CBE,Google Play Store,POSITIVE,0.9997854828834534,other
so good,5,2024-05-03,CBE,Google Play Store,POSITIVE,0.999841570854187,other
Mama,5,2024-05-03,CBE,Google Play Store,POSITIVE,0.9806767702102661,other
Good oppotion.,5,2024-05-03,CBE,Google Play Store,POSITIVE,0.9998562335968018,other
Excellent app thanks CBE,5,2024-05-02,CBE,Google Play Store,POSITIVE,0.9998289346694946,other
"It is a very nice and easy app to use. There is only one thing i would like you to add. If you could transfer from your account to another person's telebirr account, it only works to your own phone number",5,2024-05-02,CBE,Google Play Store,NEGATIVE,0.943772554397583,"login_issues, transactions"
Amazing app !!,5,2024-05-02,CBE,Google Play Store,POSITIVE,0.9998714923858643,other
Nice application but not work properly on iphone,5,2024-05-02,CBE,Google Play Store,NEGATIVE,0.9935483336448669,other
Good and easily application thanks,5,2024-05-01,CBE,Google Play Store,POSITIVE,0.9998650550842285,other
"Unable to use the app for around a month! (It cames with an error message ""None available"" everytime I try to transfer). What a Worst app!!!",1,2024-05-01,CBE,Google Play Store,NEGATIVE,0.9998192191123962,"transactions, bugs"
Concshe,5,2024-05-01,CBE,Google Play Store,NEGATIVE,0.9505506753921509,other
this updated version is ANNOYING!! Doesn't work at all!! 😡👺🤬😾,1,2024-05-01,CBE,Google Play Store,NEGATIVE,0.9998082518577576,other
have no option for transaction export,1,2024-05-01,CBE,Google Play Store,NEGATIVE,0.998234748840332,transactions
it is good,5,2024-05-01,CBE,Google Play Store,POSITIVE,0.9998494386672974,other
Great !!! I am happy for this app.,5,2024-05-01,CBE,Google Play Store,POSITIVE,0.9998687505722046,other
hey cbe. we love to use Commercial Bank of Ethiopia but we can't transfer money to international by using the CBE app by using SWIFT,1,2024-05-01,CBE,Google Play Store,NEGATIVE,0.956305742263794,transactions
"Terrible application. every time when I have transactions, say an error while the transaction is already done, doesn't show the recent updates balances and transaction.",1,2024-04-30,CBE,Google Play Store,NEGATIVE,0.9997162222862244,"transactions, bugs"
I'm satisfied with this app.❤❤,5,2024-04-30,CBE,Google Play Store,POSITIVE,0.9992724061012268,other
good service,5,2024-04-30,CBE,Google Play Store,POSITIVE,0.9998499155044556,customer_support
Google sesetm,5,2024-04-29,CBE,Google Play Store,NEGATIVE,0.947047770023346,other
Its better app,5,2024-04-29,CBE,Google Play Store,POSITIVE,0.9824732542037964,other
Great service,5,2024-04-29,CBE,Google Play Store,POSITIVE,0.9998434782028198,customer_support
"- It is best application , but you have to integret the tele- birr service to any mobile service number by titening the security tunnels rather than own mobile service number only",3,2024-04-29,CBE,Google Play Store,NEGATIVE,0.9982616305351257,customer_support
It's best and easy to use I like how it works,5,2024-04-28,CBE,Google Play Store,POSITIVE,0.999847412109375,other
It's easy to use and safe,4,2024-04-28,CBE,Google Play Store,POSITIVE,0.9997370839118958,other
wow serane yakelale,5,2024-04-27,CBE,Google Play Store,POSITIVE,0.9981223940849304,other
ንግጽ ባንድ በጣም ጥሩ አስተማማኝ ነው,5,2024-04-27,CBE,Google Play Store,NEGATIVE,0.9046949148178101,other
It is not that hard to list the number of transactions in their order,1,2024-04-27,CBE,Google Play Store,POSITIVE,0.9641419649124146,transactions
It's very nice app,3,2024-04-26,CBE,Google Play Store,POSITIVE,0.9998631477355957,other
Very poor application it doesn't work in all smart phones☺️☺️☺️,1,2024-04-26,CBE,Google Play Store,NEGATIVE,0.9998040795326233,other
Not work properly.,1,2024-04-26,CBE,Google Play Store,NEGATIVE,0.9997949004173279,other
It's the best mobile banking application ever!,4,2024-04-26,CBE,Google Play Store,POSITIVE,0.9998086094856262,other
To be honest It's a great app,5,2024-04-25,CBE,Google Play Store,POSITIVE,0.999839186668396,other
best Ethiopian bank,5,2024-04-25,CBE,Google Play Store,POSITIVE,0.9997190833091736,other
Really thank for your service,5,2024-04-25,CBE,Google Play Store,POSITIVE,0.9998273849487305,customer_support
"I like this app very much, commercial bank of Ethiopia became one of the banks that I Can Always Rely on.",5,2024-04-25,CBE,Google Play Store,POSITIVE,0.9992803931236267,other
Amusing app,5,2024-04-24,CBE,Google Play Store,POSITIVE,0.999824583530426,other
Reeding,1,2024-04-24,CBE,Google Play Store,NEGATIVE,0.8305798172950745,other
Andegna new,3,2024-04-24,CBE,Google Play Store,POSITIVE,0.9478287696838379,other
I am interested,5,2024-04-24,CBE,Google Play Store,POSITIVE,0.9998247027397156,other
I am happy using this app,5,2024-04-24,CBE,Google Play Store,POSITIVE,0.9998403787612915,other
"Bad App and Bad institution It Can not show a transaction list Correctly It shows a very Messed up Transaction position Before Leaving the Country i beg them Please, I am going to leave the country, please make internet banking active for me, but they told me that the application will work anywhere, And Now it did not work after I left the country, it made me unable to move my money.",1,2024-04-23,CBE,Google Play Store,NEGATIVE,0.9996753931045532,transactions
ቯጨጨየኘቨሀሀ!ሐኘረd,1,2024-04-23,CBE,Google Play Store,POSITIVE,0.9833803176879883,other
"I am unable to use mobile banking for around a month. It says ""None available"" when I try to transfer or buy airtime.",1,2024-04-22,CBE,Google Play Store,NEGATIVE,0.9996745586395264,transactions
Super,5,2024-04-22,CBE,Google Play Store,POSITIVE,0.998783528804779,other
It don't work The application is Doesn't work,4,2024-04-22,CBE,Google Play Store,NEGATIVE,0.9997579455375671,other
Stupid thief app,1,2024-04-22,CBE,Google Play Store,NEGATIVE,0.9997450709342957,other
It's good app but one thing shoukd be add on history sort by option,5,2024-04-21,CBE,Google Play Store,POSITIVE,0.714386522769928,other
Best app except ballance update is slow,4,2024-04-21,CBE,Google Play Store,NEGATIVE,0.9924665093421936,performance
good at using CBE to family and friends and consider it as the fastest and trusted Bank,5,2024-04-21,CBE,Google Play Store,POSITIVE,0.9996986389160156,performance
"Worest apk even it doesn't show recent transactions, resending issues. The account will be reduced without showing the money I sent.",1,2024-04-21,CBE,Google Play Store,NEGATIVE,0.9973080158233643,"login_issues, transactions"
best app i hope the transaction list be recorded more than 5 months,5,2024-04-21,CBE,Google Play Store,NEGATIVE,0.9345016479492188,transactions
Thank you ok,5,2024-04-21,CBE,Google Play Store,POSITIVE,0.9998583793640137,other
v.good app !,4,2024-04-20,CBE,Google Play Store,POSITIVE,0.9991782307624817,other
One of the fastest mobile banking app in Ethiopia thank you CBE 🙏,5,2024-04-20,CBE,Google Play Store,POSITIVE,0.999321699142456,performance
Wow this Mobllie banking transfer app is amazing and easy to access and use for the mobile credit transaction keep going!!!,1,2024-04-20,CBE,Google Play Store,POSITIVE,0.9995823502540588,"login_issues, transactions"
Its good But if its give as our profile its more interesting,5,2024-04-20,CBE,Google Play Store,POSITIVE,0.993671178817749,other
Not bad,2,2024-04-20,CBE,Google Play Store,POSITIVE,0.9995881915092468,other
በጣም ምርጥ app እና በጣም ቀልጣፋ system አለው ብዙ ስራዎቼን አቅልሎኛል ጊዜዬን እንድጠቀም የምፈልገውን እቃ ካለሁበት ቦታ ሆኜ እንድገዛ እረድቶኛል,4,2024-04-20,CBE,Google Play Store,NEGATIVE,0.962063729763031,other
Nice.....it is providing services exceptionally quickly. thanks 👂,4,2024-04-20,CBE,Google Play Store,POSITIVE,0.9998071789741516,customer_support
🥇 goud,5,2024-04-19,CBE,Google Play Store,POSITIVE,0.6736807227134705,other
tztz sesr,1,2024-04-18,CBE,Google Play Store,POSITIVE,0.6630195379257202,other
"When I tray to open the app it says ""The device is Rooted"" haw can i solve it?",1,2024-04-18,CBE,Google Play Store,NEGATIVE,0.9984388947486877,other
fast and short step app.,5,2024-04-18,CBE,Google Play Store,POSITIVE,0.8786548376083374,performance
Best option,5,2024-04-18,CBE,Google Play Store,POSITIVE,0.9991809725761414,other
God jab CBE,5,2024-04-17,CBE,Google Play Store,NEGATIVE,0.9950202703475952,other
The bank workers is the wrost ever but the app is best i aporeciate the developers,5,2024-04-16,CBE,Google Play Store,NEGATIVE,0.6344679594039917,other
🙏🙏🙏🙏🙏,4,2024-04-16,CBE,Google Play Store,NEGATIVE,0.6970561742782593,other
My Cbe,5,2024-04-16,CBE,Google Play Store,POSITIVE,0.9967065453529358,other
grow business,5,2024-04-15,CBE,Google Play Store,POSITIVE,0.999657392501831,other
"It's very bad. It deserves 0 stars. It doesn't show some transactions,it misplace transactions,it misplace dates,it shows nonsense errors and so more. I just rate it to 2 stars for helping me a lot.",2,2024-04-14,CBE,Google Play Store,NEGATIVE,0.997934103012085,"transactions, customer_support, bugs"
It is good but not fast,1,2024-04-14,CBE,Google Play Store,POSITIVE,0.999695897102356,performance
Best 👌,5,2024-04-14,CBE,Google Play Store,POSITIVE,0.9997019171714783,other
"That's good,but it deserves security l.",4,2024-04-14,CBE,Google Play Store,POSITIVE,0.998637855052948,other
Nice app I like it too,5,2024-04-14,CBE,Google Play Store,POSITIVE,0.9998378753662109,other
Wonderful,5,2024-04-13,CBE,Google Play Store,POSITIVE,0.9998772144317627,other
Am happy for this application,5,2024-04-13,CBE,Google Play Store,POSITIVE,0.99981290102005,other
One of the most useless app in the country. Doesn't work almost 99 percent of the time.,1,2024-04-13,CBE,Google Play Store,NEGATIVE,0.9997437596321106,other
It is hard to open,1,2024-04-13,CBE,Google Play Store,NEGATIVE,0.9997842907905579,other
an amazing app fast and secure,5,2024-04-13,CBE,Google Play Store,POSITIVE,0.9998646974563599,performance
Of LLC do my go of,5,2024-04-13,CBE,Google Play Store,POSITIVE,0.989998996257782,other
"It is more secure and reliable app, I recommend for every customer",5,2024-04-13,CBE,Google Play Store,POSITIVE,0.9993264675140381,other
It is a very convenient app to use.,4,2024-04-13,CBE,Google Play Store,POSITIVE,0.9936892986297607,other
Worriest ever app i have faced,1,2024-04-13,CBE,Google Play Store,NEGATIVE,0.9949446320533752,other
pure trash,5,2024-04-13,CBE,Google Play Store,NEGATIVE,0.9997366070747375,other
But today it's not working,5,2024-04-13,CBE,Google Play Store,NEGATIVE,0.9996294975280762,other
እንዲህ አይነት ቀላል፣ ያማረ እና ለአጠቃቀም ምቹ መሆኑ እንድንወደው አድርጎናል።,4,2024-04-12,CBE,Google Play Store,NEGATIVE,0.9489790797233582,other
Yigerem,5,2024-04-12,CBE,Google Play Store,POSITIVE,0.9281471371650696,other
Poor application most times it says error while sending then it actually sent money so u have to double check if its an error or it sent cash. recent transaction don't update as fast sometimes it even misplaces date and bring forth a transaction done a day or 2 back at the top.the only thing remotely good is the UI interface,1,2024-04-12,CBE,Google Play Store,NEGATIVE,0.9995055198669434,"performance, transactions, ui_ux, bugs"
Thief institution,1,2024-04-11,CBE,Google Play Store,NEGATIVE,0.9887773394584656,other
👍👍👍👍best,5,2024-04-11,CBE,Google Play Store,NEGATIVE,0.6970561742782593,other
Shifee diquuallm,5,2024-04-11,CBE,Google Play Store,NEGATIVE,0.979961633682251,other
"Why are we unable to transfer more than 10,000 to another bank?",4,2024-04-11,CBE,Google Play Store,NEGATIVE,0.9995083808898926,transactions
Not compatible,1,2024-04-11,CBE,Google Play Store,NEGATIVE,0.9997866749763489,other
My favorite app,5,2024-04-11,CBE,Google Play Store,POSITIVE,0.9983345866203308,other
it is good app,5,2024-04-11,CBE,Google Play Store,POSITIVE,0.9998652935028076,other
Okkee,5,2024-04-10,CBE,Google Play Store,POSITIVE,0.9986886382102966,other
Diroo Abaraa Fataee,5,2024-04-10,CBE,Google Play Store,NEGATIVE,0.9567403793334961,other
ገንዘብ በላኩኝ ቁጥር 10 ብር ይቆርጣል። Even ከ 10 ብር በታች ልኬ 10 ብር ይቆረጣል። ይህ ደሞ ህጋዊ አሰራር አይመስለኝምና የባንክ አገልግሎትም እንድቀይር እያስገደደኝ ነው። ይሄንን ጎጂ ተግባር ብታቆሙ የተሻለ ነው።,1,2024-04-10,CBE,Google Play Store,NEGATIVE,0.9715598225593567,other
Haqii lgiishiina,5,2024-04-10,CBE,Google Play Store,NEGATIVE,0.5830010771751404,other
"It's good, but not too much",3,2024-04-09,CBE,Google Play Store,NEGATIVE,0.901918888092041,other
this app really helped me a lot,5,2024-04-09,CBE,Google Play Store,POSITIVE,0.9990789890289307,customer_support
Oka new,5,2024-04-09,CBE,Google Play Store,POSITIVE,0.9680660367012024,other
it's very good app,5,2024-04-09,CBE,Google Play Store,POSITIVE,0.9998728036880493,other
Very nice app and simple,5,2024-04-09,CBE,Google Play Store,POSITIVE,0.9998612403869629,other
Mensru behru,5,2024-04-08,CBE,Google Play Store,POSITIVE,0.9792591333389282,other
Smoth and fast,3,2024-04-07,CBE,Google Play Store,NEGATIVE,0.7229177951812744,performance
dange.zeleke,5,2024-04-07,CBE,Google Play Store,NEGATIVE,0.852927029132843,other
Very nice application. Well updated!!!!,5,2024-04-07,CBE,Google Play Store,POSITIVE,0.9998432397842407,other
Im very interesting in this app,5,2024-04-06,CBE,Google Play Store,POSITIVE,0.9995555281639099,other
is My account so please help me Please please,5,2024-04-06,CBE,Google Play Store,POSITIVE,0.9566996097564697,"login_issues, customer_support"
The best experience ever I have seen. Keep it up.,5,2024-04-06,CBE,Google Play Store,POSITIVE,0.9998445510864258,other
Same what nework problems,5,2024-04-06,CBE,Google Play Store,NEGATIVE,0.9984573125839233,other
Its good but it dosnt show updated statment,3,2024-04-05,CBE,Google Play Store,POSITIVE,0.9813015460968018,other
"please include transfer to its own telebirr Merchant account for the trader. We cannot transfer money from our CBE account to our telebirr Merchant account, all transfer from our account considered as payment.",4,2024-04-05,CBE,Google Play Store,NEGATIVE,0.9981817007064819,"login_issues, transactions"
Excellent easy to interact swift time saving. I really enjoy using this app didn't really expect it to be so W⁰ºo0W,5,2024-04-05,CBE,Google Play Store,POSITIVE,0.9979984164237976,other
Not active as needed,1,2024-04-05,CBE,Google Play Store,NEGATIVE,0.9997757077217102,other
Include Fayda National ID payment,5,2024-04-04,CBE,Google Play Store,NEGATIVE,0.9430541396141052,transactions
It is easy and simple to use it.,5,2024-04-04,CBE,Google Play Store,POSITIVE,0.9983181953430176,other
Excellence and facilitant spp,5,2024-04-04,CBE,Google Play Store,POSITIVE,0.9995875954627991,other
Best Bank,5,2024-04-04,CBE,Google Play Store,POSITIVE,0.9997438788414001,other
CBE is the best bank in the country,5,2024-04-03,CBE,Google Play Store,POSITIVE,0.9998123049736023,other
I am happy with the application.,5,2024-04-03,CBE,Google Play Store,POSITIVE,0.9998646974563599,other
One of the best apps,5,2024-04-03,CBE,Google Play Store,POSITIVE,0.9998611211776733,other
አብራርከማል,1,2024-04-03,CBE,Google Play Store,NEGATIVE,0.6970561742782593,other
Recently it is not performing well after the system modification works,4,2024-04-02,CBE,Google Play Store,NEGATIVE,0.9997363686561584,other
Umar tamama,1,2024-04-01,CBE,Google Play Store,POSITIVE,0.9582631587982178,other
"If you make 2 transfers with the same amount, it will ask to verify, but no option to do so.",3,2024-04-01,CBE,Google Play Store,NEGATIVE,0.9975554347038269,transactions
CBE is the best money transaction app ever that I have seen in Ethiopia,5,2024-04-01,CBE,Google Play Store,POSITIVE,0.999471127986908,transactions
"Easy to use ,clear and pricise, fast confortable for all customers. Kip it up cbe",5,2024-04-01,CBE,Google Play Store,POSITIVE,0.9680495262145996,performance
Thunks,5,2024-04-01,CBE,Google Play Store,NEGATIVE,0.9986586570739746,other
goood,5,2024-03-31,CBE,Google Play Store,NEGATIVE,0.9943867921829224,other
ምንም ነገር እየሰራልን አይደለም ችግራችሁ ከመሰለፍ ገላገለን ብለን ሳንጨርስ ሊሰራልን አልቻለም እባካችሁን ሲስተማችሁን አስተካክሉልን,3,2024-03-31,CBE,Google Play Store,NEGATIVE,0.9528432488441467,other
Garbage,1,2024-03-31,CBE,Google Play Store,NEGATIVE,0.9998012185096741,other
good cbe,5,2024-03-31,CBE,Google Play Store,POSITIVE,0.9997676014900208,other
"This app is smart app for me. For making it more the best, I suggest that it is good if the transactions list were up to 2 or 3 months or even more.",5,2024-03-31,CBE,Google Play Store,POSITIVE,0.9986910223960876,transactions
This app is very halpful,5,2024-03-31,CBE,Google Play Store,NEGATIVE,0.9965128302574158,other
I'm excited you,5,2024-03-30,CBE,Google Play Store,POSITIVE,0.9998534917831421,other
Free,5,2024-03-30,CBE,Google Play Store,POSITIVE,0.997825026512146,other
Birr selala bederegn nw,4,2024-03-30,CBE,Google Play Store,NEGATIVE,0.9516522288322449,other
"Always says INACTIVE, sometimes doesn't sync, other times says go to the nearest branch and when I go they take forever. How come I am not allowed to see all transactions?Mobile banking is for saving time and efficiency. Non is takingplace. Why should I be forced to use my account everyday? I should be able to use it whenever.",1,2024-03-30,CBE,Google Play Store,NEGATIVE,0.9984662532806396,login_issues
👉it can not download the receipt when we transferred what is the reason? please we need the receipt so that come on to solution!,1,2024-03-30,CBE,Google Play Store,NEGATIVE,0.9975576400756836,transactions
Wow easy and fast platform,5,2024-03-29,CBE,Google Play Store,POSITIVE,0.9997567534446716,performance
በጣም ጥሩ,5,2024-03-29,CBE,Google Play Store,NEGATIVE,0.7850580215454102,other
INDIVIGUALL TELEBIRR ACCOUNT IS NOT AVAILAVLE WHY,2,2024-03-29,CBE,Google Play Store,NEGATIVE,0.9996083378791809,login_issues
fake,5,2024-03-28,CBE,Google Play Store,NEGATIVE,0.9996473789215088,other
Instel,5,2024-03-26,CBE,Google Play Store,POSITIVE,0.9897595643997192,other
ሠላም ይሁን,5,2024-03-26,CBE,Google Play Store,NEGATIVE,0.7850580215454102,other
"Nice app. But i know woman who got robbed her phone and they tranfered all money that she got because they got her password from her phone. Please do not save the password localy in the phone. Make a post request to validate the password or use oauth methods. That is much safer you can look at apps like paypal,payooneer ...",3,2024-03-26,CBE,Google Play Store,NEGATIVE,0.9966602325439453,login_issues
Useless hackable bank!,1,2024-03-26,CBE,Google Play Store,NEGATIVE,0.9997863173484802,other
it doesn't generate financial statements. it is good to allow us to generate our transaction in PDF file,2,2024-03-26,CBE,Google Play Store,POSITIVE,0.9922699928283691,transactions
Very nice app thanks for the create,5,2024-03-26,CBE,Google Play Store,POSITIVE,0.9998451471328735,other
ወንዱ,5,2024-03-25,CBE,Google Play Store,NEGATIVE,0.6970561742782593,other
Totally dissatisfied,1,2024-03-25,CBE,Google Play Store,NEGATIVE,0.9997655749320984,other
Please help me to use cbe android on this device.,5,2024-03-25,CBE,Google Play Store,NEGATIVE,0.9918177127838135,customer_support
"The password should be stronger, including letters, numbers, and special characters.",1,2024-03-24,CBE,Google Play Store,NEGATIVE,0.996536135673523,login_issues
Best app ever I enjoyed,5,2024-03-23,CBE,Google Play Store,POSITIVE,0.9998306035995483,other
Easy way to use,5,2024-03-23,CBE,Google Play Store,POSITIVE,0.9934499859809875,other
"1- Always mixes up sequence of transaction history and also takea very long to update those 2- doesnt generate the reciept page when you transfer to other banks, mostly displays an error image. 3- struggles to work in places with 2G connection. Generally its a good app since the USSD is a nightmare we will be ok with this.",2,2024-03-23,CBE,Google Play Store,POSITIVE,0.8552926182746887,"transactions, bugs"
"𝚙𝚎𝚘𝚙𝚕𝚎 𝚌𝚊𝚗 𝚎𝚊𝚜𝚕𝚢 𝚊𝚌𝚝𝚒𝚟𝚊𝚝𝚎 𝚝𝚑𝚎𝚒𝚛 𝚌𝚞𝚛𝚛𝚎𝚗𝚌𝚒𝚎𝚜,𝚊𝚗𝚍 𝚖𝚘𝚜𝚝 𝚘𝚏 𝚝𝚑𝚎 𝚜𝚢𝚜𝚝𝚎𝚖𝚜 𝚜𝚖𝚘𝚘𝚝𝚑𝚕𝚢 𝚒𝚗𝚝𝚎𝚛 𝚊𝚌𝚝 𝚋𝚢 𝚊𝚌𝚌𝚘𝚞𝚗𝚝𝚜 𝚝𝚑𝚊𝚝 𝚏𝚘𝚠𝚗𝚍 𝚒𝚗 𝚝𝚑𝚎 𝚍𝚎𝚟𝚒𝚌𝚎 𝚊𝚜 𝚌𝚞𝚜𝚝𝚘𝚖𝚎𝚛𝚜 𝚗𝚎𝚎𝚍𝚎𝚍.",5,2024-03-22,CBE,Google Play Store,NEGATIVE,0.9613829851150513,other
Big apps,5,2024-03-22,CBE,Google Play Store,POSITIVE,0.9986055493354797,other
ጓግል,3,2024-03-21,CBE,Google Play Store,NEGATIVE,0.6970561742782593,other
Good to have this app on my phone.,5,2024-03-21,CBE,Google Play Store,POSITIVE,0.9993547797203064,other
Open mobile banking,5,2024-03-20,CBE,Google Play Store,POSITIVE,0.9937334656715393,other
Good!,5,2024-03-20,CBE,Google Play Store,POSITIVE,0.9998268485069275,other
It stacked and not opened,1,2024-03-20,CBE,Google Play Store,NEGATIVE,0.9996546506881714,other
Betam michu kelal nw,5,2024-03-20,CBE,Google Play Store,POSITIVE,0.7848201990127563,other
Need better Work on system,5,2024-03-20,CBE,Google Play Store,NEGATIVE,0.9990301132202148,other
Nice one,5,2024-03-19,CBE,Google Play Store,POSITIVE,0.9998481273651123,other
It's a very interesting app to have a safe money transaction. Appreciate it,4,2024-03-19,CBE,Google Play Store,POSITIVE,0.9996427297592163,transactions
Ved,5,2024-03-19,CBE,Google Play Store,NEGATIVE,0.6331740617752075,other
Not good,1,2024-03-19,CBE,Google Play Store,NEGATIVE,0.9997889399528503,other
it is so use full!!,5,2024-03-19,CBE,Google Play Store,NEGATIVE,0.9897404909133911,other
Waa,4,2024-03-18,CBE,Google Play Store,NEGATIVE,0.9928324222564697,other
This app is verry interesting app ever almost add free and when comparing with other compitant banks app this app more great it work on less data best RTOS👌👌👌,5,2024-03-18,CBE,Google Play Store,NEGATIVE,0.5611922144889832,other
Best solution for easy life !,4,2024-03-18,CBE,Google Play Store,POSITIVE,0.9993915557861328,other
Dowelled frome Google appe stor,4,2024-03-18,CBE,Google Play Store,NEGATIVE,0.9940987825393677,other
Nice app i like it,5,2024-03-18,CBE,Google Play Store,POSITIVE,0.9998552799224854,other
It doesn't work smoothly,1,2024-03-18,CBE,Google Play Store,NEGATIVE,0.9997738003730774,other
This good app,5,2024-03-17,CBE,Google Play Store,POSITIVE,0.9998703002929688,other
easy and excellent app,5,2024-03-17,CBE,Google Play Store,POSITIVE,0.9998570680618286,other
Beter than all others I have account with commercial bank of Ethiopia this chance is a higher profile gift to up grading the livelihood of the poor ones as well as the government revenue,4,2024-03-17,CBE,Google Play Store,POSITIVE,0.9990053772926331,login_issues
The security is very weak and cyber attacks will always happen. Adjust the security,1,2024-03-17,CBE,Google Play Store,NEGATIVE,0.9969480633735657,other
Amazing apps are Ethiopian bank,5,2024-03-16,CBE,Google Play Store,POSITIVE,0.9997383952140808,other
Betam harif app new,5,2024-03-16,CBE,Google Play Store,NEGATIVE,0.9658843278884888,other
Amazing system,5,2024-03-16,CBE,Google Play Store,POSITIVE,0.9998695850372314,other
Commercial bank of Ethiopia experiances their best service to the customer handling and excellent offer they give and relialble bank that best describes them,5,2024-03-16,CBE,Google Play Store,POSITIVE,0.9993696808815002,customer_support
always network error why ....,1,2024-03-16,CBE,Google Play Store,NEGATIVE,0.9995074272155762,bugs
Always crush its stupid app,1,2024-03-16,CBE,Google Play Store,NEGATIVE,0.9997749924659729,other
This Great app for me I like to rate this with 5 star solid.B/c It works well overall. So hello everyone enjoy the apps,5,2024-03-16,CBE,Google Play Store,POSITIVE,0.9998342990875244,other
Time saver,5,2024-03-16,CBE,Google Play Store,POSITIVE,0.9863924384117126,other
ጥሩ አይደለም,1,2024-03-16,CBE,Google Play Store,NEGATIVE,0.7850580215454102,other
Its trash,1,2024-03-16,CBE,Google Play Store,NEGATIVE,0.9994691014289856,other
Add pagination instead of loading all txns at once. Simple,4,2024-03-16,CBE,Google Play Store,NEGATIVE,0.7467529773712158,other
Its. Bad,1,2024-03-16,CBE,Google Play Store,NEGATIVE,0.9997761845588684,other
It is a very good facility,5,2024-03-16,CBE,Google Play Store,POSITIVE,0.9998798370361328,other
"I'm having trouble with the application, I can't see my balance or send money using the application. This is very disappointing as I have been experiencing this for a while.",1,2024-03-16,CBE,Google Play Store,NEGATIVE,0.9997668862342834,transactions
Yohanes and zefan,1,2024-03-15,CBE,Google Play Store,POSITIVE,0.9939892292022705,other
Gorgeous app i really like this app.,5,2024-03-15,CBE,Google Play Store,POSITIVE,0.9998513460159302,other
Good app and easy to use,5,2024-03-15,CBE,Google Play Store,POSITIVE,0.9998326301574707,other
Better and easy to use it,5,2024-03-15,CBE,Google Play Store,POSITIVE,0.9994625449180603,other
"This is my first time to use this app. You have done great work. I Appreciate your effort ,do more to make this app more effective.",5,2024-03-15,CBE,Google Play Store,POSITIVE,0.9997367262840271,other
እጅግ በጣም ያማረ የኮመርሺያል አስተላላፊ መተግበርያ ሁኖ አግኝቸዋለሁ። እናመሠግናለን,5,2024-03-14,CBE,Google Play Store,NEGATIVE,0.9366678595542908,other
It's Well !!,3,2024-03-14,CBE,Google Play Store,POSITIVE,0.9998515844345093,other
This app is a good app,5,2024-03-14,CBE,Google Play Store,POSITIVE,0.9998512268066406,other
Actually I do not used it yet.,5,2024-03-14,CBE,Google Play Store,NEGATIVE,0.9948974251747131,other
"It is not working, informs its synced but, when you request for transaction he doesnt process it",1,2024-03-14,CBE,Google Play Store,NEGATIVE,0.9994101524353027,transactions
"It's full of crashing features, can't sync real time need 3,4 touching doesn't work many times. In fact it's not working now I'm afraid if I uninstalled it I will be forced to go to the branch to activate it again so here I'm stuck with the app unable to access my money",1,2024-03-14,CBE,Google Play Store,NEGATIVE,0.9986022114753723,"login_issues, bugs"
I like very much,5,2024-03-13,CBE,Google Play Store,POSITIVE,0.9998595714569092,other
"After the recent update, the app crashs on its own and is glitchy",1,2024-03-13,CBE,Google Play Store,NEGATIVE,0.9996917247772217,bugs
Abdurezak Abdljalil Side,5,2024-03-12,CBE,Google Play Store,POSITIVE,0.7661614418029785,other
The best service cbe ever gave us,5,2024-03-12,CBE,Google Play Store,POSITIVE,0.9997140765190125,customer_support
This app have not working please more approve it.,5,2024-03-12,CBE,Google Play Store,NEGATIVE,0.9984723925590515,other
Subcrib,5,2024-03-12,CBE,Google Play Store,NEGATIVE,0.5461663007736206,other
my phone is camon 20 pro but it can't install on phone it is so bored 😴😴😴,1,2024-03-12,CBE,Google Play Store,NEGATIVE,0.9984760880470276,other
We're going to stop using not only this apk additional to stop all CBE services. bcz of when to use the apk it doesn't work properly/ doesn't sync /.... + started from last 2 months they're cut 5 birr without our permission for commission. + Cut 10 birr from us when transfer to telebirr... Uuuu CBE'jobs,1,2024-03-12,CBE,Google Play Store,NEGATIVE,0.9997157454490662,"transactions, customer_support"
Accountant and computer senice,5,2024-03-12,CBE,Google Play Store,NEGATIVE,0.9725161194801331,login_issues
It's too smooth and easy to use version😎,5,2024-03-12,CBE,Google Play Store,POSITIVE,0.6982237100601196,other
Best and easy to use but the limitations is the when someone want to send birr from cbe to tele birr the transfer fee is higher and this is not correct,2,2024-03-11,CBE,Google Play Store,NEGATIVE,0.9993891716003418,transactions
Best for save time,5,2024-03-11,CBE,Google Play Store,POSITIVE,0.9913964867591858,other
Very disgusted,1,2024-03-11,CBE,Google Play Store,NEGATIVE,0.9997909665107727,other
The new version get worse I can't even check my balance let alone doing other stuff.,2,2024-03-11,CBE,Google Play Store,NEGATIVE,0.9997318387031555,other
"It's fast,very good App...",5,2024-03-11,CBE,Google Play Store,POSITIVE,0.9998705387115479,performance
The new one is not working on my phone disliked it,1,2024-03-11,CBE,Google Play Store,NEGATIVE,0.9990218877792358,other
Better than the previous version. The update is good 👍,5,2024-03-11,CBE,Google Play Store,POSITIVE,0.9997403025627136,other
C. Cc x. M x x. S sx. ## xc c c b_.4.m. C c. Exx xn2 Dodds s 7. 33f N.gn Cd 7 y n bbe4. Mrn4,5,2024-03-11,CBE,Google Play Store,NEGATIVE,0.9963127970695496,other
Add statement request through email and others.,3,2024-03-10,CBE,Google Play Store,NEGATIVE,0.9670511484146118,other
Got worse after the update. Now it doesn't do anything after logging in.,1,2024-03-10,CBE,Google Play Store,NEGATIVE,0.99968421459198,other
It simply isn't working. Example: I can't access my account statement in order to find out how much I sent to Mr X or Y over the last six months or so. Nor is your FAQ section helpful. I suggest that you review the efficacy of your app.,1,2024-03-09,CBE,Google Play Store,NEGATIVE,0.9997946619987488,"login_issues, customer_support"
Less,2,2024-03-09,CBE,Google Play Store,NEGATIVE,0.9940166473388672,other
Applicationiin kun akka ati barbaaddetti hin hoojjatu maali rakkoon isaa,5,2024-03-09,CBE,Google Play Store,NEGATIVE,0.9875172972679138,other
❤️❤️❤️❤️❤️❤️❤️💯💯💯💯💯💯💯,5,2024-03-09,CBE,Google Play Store,NEGATIVE,0.6970561742782593,other
No customer service help and it's in general doesn't fill out the global app's estandard. It was felt.,1,2024-03-09,CBE,Google Play Store,NEGATIVE,0.9991623163223267,customer_support
በጣም አስቸጋሪ ሁኔታ ውስጥ ገብተናል በንግድ ባንክ የተለያዩ አማራጮች ብንጠቀምም የፍጥነት ሁኔታው አሁንም ሊሻሻል አልቻለም!,4,2024-03-09,CBE,Google Play Store,POSITIVE,0.9769911170005798,other
It's goo,5,2024-03-09,CBE,Google Play Store,NEGATIVE,0.996632993221283,other
"The application get stacked the whole day ( March 9, 2024); it is a big head ache on daily work",1,2024-03-09,CBE,Google Play Store,NEGATIVE,0.9987149238586426,other
The seystem is not good an commmercial bank it so poor and it not good.at all,1,2024-03-09,CBE,Google Play Store,NEGATIVE,0.9998062252998352,other
Nice app!,5,2024-03-09,CBE,Google Play Store,POSITIVE,0.9998137354850769,other
I can't transfer to telebirr and takes time to scan,1,2024-03-09,CBE,Google Play Store,NEGATIVE,0.9991583824157715,transactions
nice application to tract the money I have on commercial bank ethiopia,5,2024-03-09,CBE,Google Play Store,POSITIVE,0.9937793612480164,other
new paiment must raisec,5,2024-03-09,CBE,Google Play Store,POSITIVE,0.5196373462677002,other
You deserve less than 1 star,1,2024-03-09,CBE,Google Play Store,NEGATIVE,0.9989110231399536,other
"Nice but sometimes, all little....",5,2024-03-09,CBE,Google Play Store,POSITIVE,0.8079720139503479,other
Doesn't work when a lot of people are using CBE services and usually on weekends. Customer service not helpful or doesn't even respond.,1,2024-03-09,CBE,Google Play Store,NEGATIVE,0.9992057681083679,customer_support
"Sometimes it work , and sometimes it doesn't fix that up",1,2024-03-09,CBE,Google Play Store,NEGATIVE,0.9979684948921204,other
It is easy to use and good applicarion .thanks to cbe,5,2024-03-09,CBE,Google Play Store,POSITIVE,0.9998658895492554,other
የሞተ አፕ ተበላሽቷል,1,2024-03-09,CBE,Google Play Store,NEGATIVE,0.8337246179580688,other
"Sometimes it brings a contradicting notifications. First I saw an internet poll form. After I filled it, another message comes that advises users not fill any forms sent or bank did not send such documents. Sometimes the app gets stack without any prior notices. It happened quite numerical times with me. Otherwise great app. I think a followup maintenance and improvements needed",3,2024-03-09,CBE,Google Play Store,NEGATIVE,0.8952962756156921,other
Worst app ever,1,2024-03-09,CBE,Google Play Store,NEGATIVE,0.9997803568840027,other
"1.Very unstable, continuously crashes. 2.There is an incredible amount of balance and transaction synchronization errors. 3.Have tries to make a transfer of 60k since yesterday still not able to due to errors popups with no message to explain error. For a bank, that is quite embarrassing and dangerous.",1,2024-03-09,CBE,Google Play Store,NEGATIVE,0.9985709190368652,"transactions, bugs"
በሽተኛ አፕ ነው ሲፍለግ አይሰራም,1,2024-03-09,CBE,Google Play Store,NEGATIVE,0.8832126259803772,other
It's nice app,5,2024-03-09,CBE,Google Play Store,POSITIVE,0.9998639822006226,other
Always have network issue Even my network work fine,2,2024-03-09,CBE,Google Play Store,NEGATIVE,0.708084762096405,other
This app worse 😭,1,2024-03-09,CBE,Google Play Store,NEGATIVE,0.9986075758934021,other
Brachewen enkuan mawetat atchlum,1,2024-03-09,CBE,Google Play Store,NEGATIVE,0.977895975112915,other
most of the time its not working,2,2024-03-09,CBE,Google Play Store,NEGATIVE,0.9983423948287964,other
It's the best app but it doesn't respond quickly,3,2024-03-09,CBE,Google Play Store,NEGATIVE,0.9877771735191345,other
Optional It doesn't work for me. What i can do?,5,2024-03-09,CBE,Google Play Store,NEGATIVE,0.9993543028831482,other
App Kun baay'ee bareedadha! Natti tole jira!,5,2024-03-09,CBE,Google Play Store,NEGATIVE,0.9499156475067139,other
It is very good. I enjoy using it.,5,2024-03-09,CBE,Google Play Store,POSITIVE,0.9998779296875,other
Very smart financial apps,5,2024-03-08,CBE,Google Play Store,POSITIVE,0.9998250603675842,other
The best app.,3,2024-03-08,CBE,Google Play Store,POSITIVE,0.9998536109924316,other
This is not working without Ethiopia Not downloaded,5,2024-03-08,CBE,Google Play Store,POSITIVE,0.9833074808120728,other
Is wired appp,1,2024-03-08,CBE,Google Play Store,NEGATIVE,0.739621639251709,other
Modern Digital Application,5,2024-03-08,CBE,Google Play Store,POSITIVE,0.9987479448318481,other
Reta Girma,1,2024-03-08,CBE,Google Play Store,POSITIVE,0.8284564018249512,other
Paving the way for simple life.,5,2024-03-07,CBE,Google Play Store,POSITIVE,0.9989718198776245,other
"very poor, it doesn't load while searching for extended time",1,2024-03-07,CBE,Google Play Store,NEGATIVE,0.9970237612724304,other
Ali wow,5,2024-03-07,CBE,Google Play Store,POSITIVE,0.9991018772125244,other
Excellent App and easy to use.,4,2024-03-07,CBE,Google Play Store,POSITIVE,0.9998433589935303,other
Best ever banking app,5,2024-03-06,CBE,Google Play Store,POSITIVE,0.9997472167015076,other
"The app got dumber in the last update. Poorly organized, redundant item across different categories. I wrote this review with my phone barred from calls because I couldn't settle my bill from your old ""utilities"" or the newly added ""utility"" tab.",1,2024-03-06,CBE,Google Play Store,NEGATIVE,0.9998112320899963,transactions
yes do it,5,2024-03-06,CBE,Google Play Store,POSITIVE,0.9996446371078491,other
The app has good flexibility for day to day activities and stuff but it takes unessential amount of money for no valid reason which is very disappointing,3,2024-03-06,CBE,Google Play Store,NEGATIVE,0.9993488192558289,other
Hamzaa tobba,5,2024-03-06,CBE,Google Play Store,POSITIVE,0.7093594074249268,other
Good app and smooth services.,5,2024-03-05,CBE,Google Play Store,POSITIVE,0.9998457431793213,customer_support
Pay for Beneficiary and sharing success reports are not working on the latest update.,2,2024-03-05,CBE,Google Play Store,NEGATIVE,0.9996094107627869,other
Full transaction statment,2,2024-03-05,CBE,Google Play Store,POSITIVE,0.9567457437515259,transactions
❤❤❤🙏,5,2024-03-05,CBE,Google Play Store,NEGATIVE,0.6970561742782593,other
"Easy to use, and effective!",5,2024-03-05,CBE,Google Play Store,POSITIVE,0.9998635053634644,other
"The worst app ever made! I transfered money to abyssinia bank account, deducted the money from my cbe account but never made it through to my abyssinia account! I hate this app and bank! Idk why they are making me wait a whole week to return my money! Even there call center 951 doesn't work! Shame!",1,2024-03-05,CBE,Google Play Store,NEGATIVE,0.999782383441925,"login_issues, transactions"
very nice app,5,2024-03-04,CBE,Google Play Store,POSITIVE,0.9998562335968018,other
"Very nice, but requires paid network.",3,2024-03-04,CBE,Google Play Store,NEGATIVE,0.8431804776191711,other
Adding fingerprint access would greatly improve the experience.,4,2024-03-04,CBE,Google Play Store,POSITIVE,0.9934448003768921,login_issues
i tried to transfer 20k to other bank the transaction failed but it deducted from my balance and the other day i tried to transfer 15k to telebirr then it failed again also deducted from balance i dont even know how to trust it after now,1,2024-03-03,CBE,Google Play Store,NEGATIVE,0.9994760155677795,transactions
Our commercial,5,2024-03-03,CBE,Google Play Store,NEGATIVE,0.9894965291023254,other
Really good app to transfer money and receive,2,2024-03-03,CBE,Google Play Store,POSITIVE,0.9997550845146179,transactions
"It is nice, but sometimes it doesn't sync fast",5,2024-03-03,CBE,Google Play Store,NEGATIVE,0.9938971400260925,performance
By jf.as.,5,2024-03-03,CBE,Google Play Store,POSITIVE,0.9747878313064575,other
Easy Fast and siitable,5,2024-03-03,CBE,Google Play Store,POSITIVE,0.9985766410827637,performance
"CBE banks are deducting 5 birr from customers' accounts every month without authorization, and their customer service is subpar. Therefore, I will rate them 1 star.",1,2024-03-03,CBE,Google Play Store,NEGATIVE,0.9973382353782654,"login_issues, customer_support"
It is nice to save time,5,2024-03-02,CBE,Google Play Store,POSITIVE,0.9998152852058411,other
effective and efficient app.,5,2024-03-02,CBE,Google Play Store,POSITIVE,0.9998667240142822,other
If we can get a chance to win,5,2024-03-02,CBE,Google Play Store,POSITIVE,0.9993139505386353,other
Sometimes the app doesn't not working,4,2024-03-02,CBE,Google Play Store,NEGATIVE,0.9997143149375916,other
"It is great Mobile banking app ever, for Uncolonized state. [Mama Ethiopia].",5,2024-03-02,CBE,Google Play Store,POSITIVE,0.9992755055427551,other
"Please add new future more and more ,no update is available for it still and I cannot access statement means this future is not available... Am waiting please",5,2024-03-02,CBE,Google Play Store,NEGATIVE,0.9988375306129456,login_issues
I really appreciate your M B perfectly on top of the century,5,2024-03-02,CBE,Google Play Store,POSITIVE,0.9998708963394165,other
I am really appreciate this app,5,2024-03-01,CBE,Google Play Store,POSITIVE,0.9998102784156799,other
Perfect app,5,2024-03-01,CBE,Google Play Store,POSITIVE,0.9998340606689453,other
This app is good but the only difficulty with the app is it needs high speed network which makes it challenging to access it in some places,3,2024-03-01,CBE,Google Play Store,NEGATIVE,0.9859204888343811,"login_issues, performance"
Thanks for commercial bank of Ethiopia,5,2024-03-01,CBE,Google Play Store,POSITIVE,0.9995036125183105,other
thaku,5,2024-03-01,CBE,Google Play Store,POSITIVE,0.785947859287262,other
Nice Bank,5,2024-02-29,CBE,Google Play Store,POSITIVE,0.9998055100440979,other
It is good and Okay thanks,5,2024-02-29,CBE,Google Play Store,POSITIVE,0.9998511075973511,other
Why the latest update didn't work on Wifi very well?,5,2024-02-29,CBE,Google Play Store,NEGATIVE,0.9996882677078247,other
The most important banking application.,5,2024-02-29,CBE,Google Play Store,POSITIVE,0.9932181239128113,other
One of a kind,5,2024-02-29,CBE,Google Play Store,POSITIVE,0.9994718432426453,other
አሪፍ ነው,5,2024-02-29,CBE,Google Play Store,NEGATIVE,0.7850580215454102,other
Easy and fast 👌,5,2024-02-28,CBE,Google Play Store,POSITIVE,0.9993515610694885,performance
Well noted,5,2024-02-28,CBE,Google Play Store,POSITIVE,0.9998531341552734,other
8e,2,2024-02-28,CBE,Google Play Store,POSITIVE,0.6845310926437378,other
Best app to my needs. keep up the good job,5,2024-02-28,CBE,Google Play Store,POSITIVE,0.9996019005775452,other
It has a problem of synchronization. Please fix it.,1,2024-02-28,CBE,Google Play Store,NEGATIVE,0.99946528673172,other
have network issue its just rotate,3,2024-02-28,CBE,Google Play Store,NEGATIVE,0.9870569109916687,other
Very useful application which really helps me to use even while I was outside of the country. Thanks.,5,2024-02-28,CBE,Google Play Store,POSITIVE,0.9997733235359192,customer_support
i believe that the updated mobile application will answer many of the users question and it is recommended that iphone users use the one downloaded from the app store rather than the one downloaded from the play store.,5,2024-02-27,CBE,Google Play Store,POSITIVE,0.8650612831115723,other
All are wel and i have one quastion where arr merjed account,5,2024-02-27,CBE,Google Play Store,NEGATIVE,0.9799261689186096,login_issues
Best app👍,5,2024-02-27,CBE,Google Play Store,POSITIVE,0.9997019171714783,other
Very Good service,5,2024-02-27,CBE,Google Play Store,POSITIVE,0.9998648166656494,customer_support
👏👏👏👏👏👍👍👍👍👍👍,5,2024-02-27,CBE,Google Play Store,NEGATIVE,0.6970561742782593,other
5 star,5,2024-02-27,CBE,Google Play Store,POSITIVE,0.9964116215705872,other
Whats wrong the app following the new update? I can't even see my balance now. I used old app for more than three years from Europe and every thing was perfect. Now you it looks like the app is not stable. Thank you for spoiling it.,5,2024-02-27,CBE,Google Play Store,NEGATIVE,0.9952940344810486,other
"Wow cbe keep up the good work, the interface is very attractive,the processing speed is good(needs to put some effort),canceling or aborting any proceeding task seems impossible(of course the payment process should not be interrupted...i do agree)...all in all, I'm hoping this will be resolved soon by the updates...",4,2024-02-27,CBE,Google Play Store,POSITIVE,0.9992352724075317,"performance, transactions, ui_ux"
Please add an option transfer to other tellebirr wallet,5,2024-02-27,CBE,Google Play Store,NEGATIVE,0.9879323840141296,transactions
Saffisaan baay'ee fooyyee qaba,5,2024-02-27,CBE,Google Play Store,NEGATIVE,0.9635881185531616,other
Good app but no chance for money withdrawal option for cardless,4,2024-02-27,CBE,Google Play Store,NEGATIVE,0.9036113023757935,other
Excellent app which transfers money to another immediately with out waiting that is amazing keep it up....,5,2024-02-27,CBE,Google Play Store,POSITIVE,0.9998088479042053,transactions
"Very weak and slow to sync and show the balance, pls improve it",1,2024-02-27,CBE,Google Play Store,NEGATIVE,0.9974678754806519,performance
Very very much tanks CBE birr,5,2024-02-27,CBE,Google Play Store,NEGATIVE,0.8396635055541992,other
waw its grate app,4,2024-02-26,CBE,Google Play Store,NEGATIVE,0.9838654398918152,other
It's great. በጣም ቀላል ፣ምቹ ፣አስተማማኝ ፣ቀልጣፋ አገልግሎት ። ባሉበት ቦታ ሆነው የሚገለገልበት ባንክ ። መስተካከል ያለበት :- sort by date transaction list and print monthly statement,5,2024-02-26,CBE,Google Play Store,POSITIVE,0.9997827410697937,transactions
Nice business 😜,3,2024-02-26,CBE,Google Play Store,POSITIVE,0.9998316764831543,other
Nice one app,5,2024-02-26,CBE,Google Play Store,POSITIVE,0.9998261332511902,other
🤑🤑🤑 very good,5,2024-02-26,CBE,Google Play Store,POSITIVE,0.9998682737350464,other
Best Application Thanks so much commercial Bank of Ethiopia,5,2024-02-26,CBE,Google Play Store,POSITIVE,0.9995447993278503,other
It's good and perfect app,1,2024-02-26,CBE,Google Play Store,POSITIVE,0.9998782873153687,other
Nice app ever,5,2024-02-26,CBE,Google Play Store,POSITIVE,0.9998384714126587,other
good work,5,2024-02-26,CBE,Google Play Store,POSITIVE,0.9998413324356079,other
It would be nice to have an offline option.,3,2024-02-26,CBE,Google Play Store,NEGATIVE,0.9062644243240356,other
what abaot my mobile banking code? I'm forgetting my password,5,2024-02-25,CBE,Google Play Store,NEGATIVE,0.9996271133422852,login_issues
Wow new,5,2024-02-25,CBE,Google Play Store,POSITIVE,0.9996795654296875,other
Smart cbe noor,5,2024-02-25,CBE,Google Play Store,POSITIVE,0.9984419941902161,other
Transaction report not showing properly,1,2024-02-25,CBE,Google Play Store,NEGATIVE,0.9997908473014832,transactions
መዘመን የማይችል ድንክ ባንክ። በቃ ሁሉንም ነገር እጅግ በተንዛዛ አካሔድ ለመስራት የሚፈልግ፣ ከቢዝነስ ይልቅ ፖለቲካ ያጠቃው Backward ! Even ጥቃቅን ችግሮችን ለማስተካከል ብዙ ጊዜን የሚያቃጥል ባንክ ፤ Online ማስተካከያዎች የሌሉት እና ህንፃ ብቻ...!,1,2024-02-25,CBE,Google Play Store,NEGATIVE,0.9922203421592712,other
I really don't like it 😕,1,2024-02-25,CBE,Google Play Store,NEGATIVE,0.9944806098937988,other
Wana nachu serayen akelelachu yemechachu,5,2024-02-25,CBE,Google Play Store,NEGATIVE,0.9835545420646667,other
It simple to use but sometimes doesn't work,3,2024-02-25,CBE,Google Play Store,NEGATIVE,0.999349057674408,other
Gaariidha,5,2024-02-25,CBE,Google Play Store,POSITIVE,0.9923553466796875,other
what a great app is,5,2024-02-24,CBE,Google Play Store,POSITIVE,0.999834418296814,other
Mubail banking,5,2024-02-24,CBE,Google Play Store,NEGATIVE,0.5493656992912292,other
Thanks allot I brishye this app,4,2024-02-24,CBE,Google Play Store,POSITIVE,0.9983972907066345,other
wowwwww,5,2024-02-24,CBE,Google Play Store,POSITIVE,0.9820272326469421,other
aad ayuu udadaalayaa bangigu laakin lacagaha khidmada ah hadaayo macaamiisha,5,2024-02-24,CBE,Google Play Store,NEGATIVE,0.9938147068023682,other
Cool keep going,5,2024-02-24,CBE,Google Play Store,POSITIVE,0.9998706579208374,other
አሰተማማኝ አፐ,4,2024-02-24,CBE,Google Play Store,NEGATIVE,0.7850580215454102,other
Good service all 3rd gneration,5,2024-02-24,CBE,Google Play Store,POSITIVE,0.9996887445449829,customer_support
هلا احصن برانامج,5,2024-02-24,CBE,Google Play Store,NEGATIVE,0.7098617553710938,other
Good app for me,5,2024-02-24,CBE,Google Play Store,POSITIVE,0.9998420476913452,other
Commercial Ba...,5,2024-02-24,CBE,Google Play Store,NEGATIVE,0.9084188938140869,other
"When you try to search for a help (chat, hotline, email, phone) you see the bottom ""Help"" which redirectes you to !!!Donations to various charity organisations. Please dear CBE IT department , when user searches for help it is to get assistance not to give money. What you named help other banks call ""Charity"" ""Donate"" etc. And yes users need HELP. Not everyone has opportunity to run 5 times per day to the branch and try to find why the money he transferred is disappeared.",1,2024-02-24,CBE,Google Play Store,NEGATIVE,0.9944804906845093,"transactions, customer_support"
Fast and good app🙏,3,2024-02-24,CBE,Google Play Store,POSITIVE,0.999880313873291,performance
Maashaa Allah waan gaariidha.,5,2024-02-24,CBE,Google Play Store,NEGATIVE,0.978356659412384,other
Helpful,5,2024-02-24,CBE,Google Play Store,POSITIVE,0.9997673630714417,customer_support
Application replay,5,2024-02-24,CBE,Google Play Store,NEGATIVE,0.9792318344116211,other
አፑ እኔ ስልክ ላይ አልከፍት ወይም ኢንስቴል አላደርግ አለኝ፡፡ምን ላርገው,1,2024-02-24,CBE,Google Play Store,NEGATIVE,0.9510265588760376,other
I love sis app yeppp,5,2024-02-23,CBE,Google Play Store,POSITIVE,0.9995378255844116,other
Very simple and friendly,5,2024-02-23,CBE,Google Play Store,POSITIVE,0.9998691082000732,other
Excelent,1,2024-02-23,CBE,Google Play Store,POSITIVE,0.9998672008514404,other
It is busy more time why is it?,3,2024-02-23,CBE,Google Play Store,NEGATIVE,0.999244213104248,other
Nice the new update fix some bugs,5,2024-02-23,CBE,Google Play Store,POSITIVE,0.9907376170158386,bugs
Chemir,5,2024-02-23,CBE,Google Play Store,POSITIVE,0.9982925057411194,other
Very good takes,5,2024-02-23,CBE,Google Play Store,POSITIVE,0.9998725652694702,other
iPhone,5,2024-02-23,CBE,Google Play Store,POSITIVE,0.9254900813102722,other
Idf,1,2024-02-23,CBE,Google Play Store,NEGATIVE,0.8924204111099243,other
Very Very good news,5,2024-02-23,CBE,Google Play Store,POSITIVE,0.9998788833618164,other
Highest Neonatal Bank Don't like Only Contacts,5,2024-02-23,CBE,Google Play Store,NEGATIVE,0.885604977607727,other
SultanaShafii,4,2024-02-23,CBE,Google Play Store,POSITIVE,0.9595634341239929,other
it's great & useful app,4,2024-02-23,CBE,Google Play Store,POSITIVE,0.9998630285263062,other
Banking with CBE anywhere anytime.,5,2024-02-23,CBE,Google Play Store,POSITIVE,0.9610007405281067,other
Very fast and manageable,4,2024-02-23,CBE,Google Play Store,POSITIVE,0.9998089671134949,performance
mobile banking,5,2024-02-23,CBE,Google Play Store,POSITIVE,0.9076536893844604,other
ከዚ የበለጠ መዘመን አለባችሁ እንደ ቀደምትነታችሁ,5,2024-02-23,CBE,Google Play Store,NEGATIVE,0.9046949148178101,other
It doesn't update quickly and display balances please improve so we can rely on the online payments.,2,2024-02-23,CBE,Google Play Store,NEGATIVE,0.9949546456336975,transactions
Nice app keep it up,3,2024-02-23,CBE,Google Play Store,POSITIVE,0.9998499155044556,other
This app is helpfull but the only problem i am facing is I lost all my previous transaction and list of contacts(acc numbers those were saved in the app) when i updated the latest one. And how can i restor it pls,4,2024-02-23,CBE,Google Play Store,NEGATIVE,0.9996886253356934,"transactions, customer_support"
It is simple to use but network problems sometimes face,5,2024-02-23,CBE,Google Play Store,NEGATIVE,0.9983974099159241,other
The best app !!,5,2024-02-23,CBE,Google Play Store,POSITIVE,0.999862551689148,other
The Best app of banking sector,5,2024-02-23,CBE,Google Play Store,POSITIVE,0.9998453855514526,other
Transaction respondes with non available message,1,2024-02-23,CBE,Google Play Store,NEGATIVE,0.9919849634170532,transactions
"Please, still now, I am not accepting codes for activation of my account. help",5,2024-02-22,CBE,Google Play Store,NEGATIVE,0.9979119896888733,"login_issues, customer_support"
The app is so good,5,2024-02-22,CBE,Google Play Store,POSITIVE,0.9998621940612793,other
Unable to connect server eyale nw eskahun alkefetem,3,2024-02-22,CBE,Google Play Store,NEGATIVE,0.9996672868728638,other
Fast and easy to use if there is no network problem,5,2024-02-22,CBE,Google Play Store,POSITIVE,0.9975278973579407,performance
Five Star,5,2024-02-22,CBE,Google Play Store,POSITIVE,0.9985104203224182,other
"It's good but, sometimes it says none Avelable",5,2024-02-22,CBE,Google Play Store,POSITIVE,0.9927670955657959,other
Seyfedin,5,2024-02-22,CBE,Google Play Store,POSITIVE,0.9929232597351074,other
Good app for usurers,5,2024-02-21,CBE,Google Play Store,POSITIVE,0.9993696808815002,other
"It's good,but sometimes it's not work.",5,2024-02-21,CBE,Google Play Store,NEGATIVE,0.9966991543769836,other
"Good, but we expect more from you... (Please add fingerprint) like cbebirr",3,2024-02-21,CBE,Google Play Store,POSITIVE,0.9233328104019165,other
Good but sometimes it has network glitch,3,2024-02-21,CBE,Google Play Store,NEGATIVE,0.9847670197486877,other
It's progress very well Thanks,5,2024-02-21,CBE,Google Play Store,POSITIVE,0.9998551607131958,other
need more work.,3,2024-02-20,CBE,Google Play Store,NEGATIVE,0.9982244372367859,other
Goid app,5,2024-02-20,CBE,Google Play Store,NEGATIVE,0.6629154682159424,other
Horrible !!!,1,2024-02-20,CBE,Google Play Store,NEGATIVE,0.9997498393058777,other
Jibrili jamal musaa,3,2024-02-20,CBE,Google Play Store,NEGATIVE,0.8282860517501831,other
Sweet 10q,5,2024-02-20,CBE,Google Play Store,POSITIVE,0.9986732006072998,other
The best mobile app.,5,2024-02-20,CBE,Google Play Store,POSITIVE,0.9998425245285034,other
This app is very bad.it not work so fast,1,2024-02-20,CBE,Google Play Store,NEGATIVE,0.9992645382881165,performance
"It is the most irritating banking app ever you should update it, it is very irritating tbh.",1,2024-02-20,CBE,Google Play Store,NEGATIVE,0.9996726512908936,other
I like this App!,5,2024-02-20,CBE,Google Play Store,POSITIVE,0.9997571110725403,other
Engineer,5,2024-02-20,CBE,Google Play Store,POSITIVE,0.9784975647926331,other
It was good but now I can't get the same access,5,2024-02-20,CBE,Google Play Store,NEGATIVE,0.9777231812477112,login_issues
Very best apps,5,2024-02-19,CBE,Google Play Store,POSITIVE,0.9998601675033569,other
"This is quite good than before, and well updated, specifically reciept after transaction is well organized. But still, the statement is limited. Work on this how to link with our email to control transactions.",3,2024-02-19,CBE,Google Play Store,NEGATIVE,0.9449958205223083,transactions
Good keep it up,5,2024-02-19,CBE,Google Play Store,POSITIVE,0.9998568296432495,other
All transactions history has to be shown .,3,2024-02-19,CBE,Google Play Store,NEGATIVE,0.9780997633934021,transactions
Gadisa Dino Abdi CBE MOBIEL BANKING,5,2024-02-19,CBE,Google Play Store,POSITIVE,0.8576377630233765,other
የመስመር ቁጥሬ የተረሳ ስለሆነ አስታውሰኝ,5,2024-02-19,CBE,Google Play Store,NEGATIVE,0.8832126259803772,other
Muhammed sani seid,5,2024-02-19,CBE,Google Play Store,POSITIVE,0.9567592740058899,other
Woow i like it,5,2024-02-19,CBE,Google Play Store,POSITIVE,0.9978851675987244,other
"It is my great and urget issue ,ie there must be personal account lock by using mobile app due to some times staffs and other bodies are accesseing by pertending customer signature .hence Personal post no debit have to be applicabe inorder to protect customer account from any suspected actions takes place",1,2024-02-18,CBE,Google Play Store,POSITIVE,0.584727942943573,login_issues
Why my app speed quality is low,3,2024-02-18,CBE,Google Play Store,NEGATIVE,0.9997453093528748,performance
Goog,5,2024-02-18,CBE,Google Play Store,NEGATIVE,0.9989757537841797,other
"This app is very simple, fast and easy",5,2024-02-18,CBE,Google Play Store,POSITIVE,0.9988698363304138,performance
Not working very well,1,2024-02-18,CBE,Google Play Store,NEGATIVE,0.9997863173484802,other
Not that much,3,2024-02-17,CBE,Google Play Store,NEGATIVE,0.9996957778930664,other
Very good app.,5,2024-02-17,CBE,Google Play Store,POSITIVE,0.9998669624328613,other
፦፦፧፨፧፦፧፧፧፨፧፧፦፧፦፧፦፤,4,2024-02-17,CBE,Google Play Store,NEGATIVE,0.9593424201011658,other
fantastic app,5,2024-02-17,CBE,Google Play Store,POSITIVE,0.9998588562011719,other
👍 👍 👍 👍 👍,5,2024-02-17,CBE,Google Play Store,NEGATIVE,0.8832126259803772,other
Aza,1,2024-02-17,CBE,Google Play Store,NEGATIVE,0.8711429238319397,other
"App kana hedduun jaalladhe,warri kana hojjettan galata guddaa nu biraa qabdu.",5,2024-02-17,CBE,Google Play Store,NEGATIVE,0.9909539818763733,other
The APP is very fast that is good,4,2024-02-16,CBE,Google Play Store,POSITIVE,0.9998610019683838,performance
"1. Still no biometric sign in option 2. Annoying welcome notification 3. Not able to share payment receipts just from the app 4. Different interface from one mobile device to the other one. 5. In general, the app requires overhaul to cope with other mobile banking services of banks.",1,2024-02-16,CBE,Google Play Store,NEGATIVE,0.9973040819168091,"transactions, ui_ux, customer_support"
It's good but i can't send money for other tell birr account i don't like this ....,4,2024-02-16,CBE,Google Play Store,NEGATIVE,0.9894452691078186,"login_issues, transactions"
Bad active,1,2024-02-16,CBE,Google Play Store,NEGATIVE,0.9996800422668457,other
It's a quiet good and smoothly accessible app which allows users to transfer and deposit but it would have been very great if there was a chance for topping up or Adding balance to your account.,3,2024-02-16,CBE,Google Play Store,POSITIVE,0.9987009763717651,"login_issues, transactions"
"Best app. Easy to use, free from virus, and interesting features contained.",5,2024-02-16,CBE,Google Play Store,POSITIVE,0.9997631907463074,other
Nice app but the transaction history is not accurate and it doesn't sync at times.,3,2024-02-16,CBE,Google Play Store,NEGATIVE,0.9993508458137512,transactions
Very active app. Good Technology !,5,2024-02-15,CBE,Google Play Store,POSITIVE,0.9998667240142822,other
This app is one of the best mobile banking in 🇪🇹,5,2024-02-15,CBE,Google Play Store,POSITIVE,0.9997138381004333,other
Keepup Very Good!,5,2024-02-15,CBE,Google Play Store,POSITIVE,0.999860405921936,other
the latest update was best❤❤,5,2024-02-15,CBE,Google Play Store,POSITIVE,0.6054219603538513,other
👍good Job's,5,2024-02-15,CBE,Google Play Store,POSITIVE,0.9596217274665833,other
Fast and easy,5,2024-02-15,CBE,Google Play Store,POSITIVE,0.9994889497756958,performance
Best exp....,5,2024-02-15,CBE,Google Play Store,POSITIVE,0.9988239407539368,other
it's really frustrating 😕 it works on it's own terms 😒,1,2024-02-15,CBE,Google Play Store,NEGATIVE,0.9972551465034485,other
It is good.,5,2024-02-15,CBE,Google Play Store,POSITIVE,0.9998525381088257,other
its fast & good app so 10q,3,2024-02-15,CBE,Google Play Store,POSITIVE,0.9984733462333679,performance
"Good ,easy and reliable",5,2024-02-15,CBE,Google Play Store,POSITIVE,0.9998639822006226,other
cool,4,2024-02-15,CBE,Google Play Store,POSITIVE,0.9998509883880615,other
It is easy and fast app,4,2024-02-14,CBE,Google Play Store,POSITIVE,0.9992641806602478,performance
The New realese is just WOW every feature is very importat and mostly the verification was an important feature. Thank you CBE APP Developer team👍,4,2024-02-14,CBE,Google Play Store,POSITIVE,0.9902398586273193,other
Best app Galaatooma appiin kun bareedadha,5,2024-02-14,CBE,Google Play Store,POSITIVE,0.9888036847114563,other
Everything is good. Specially its simplicity. But it is better if there were transaction feature for more than one account in separate,4,2024-02-14,CBE,Google Play Store,POSITIVE,0.9701989889144897,"login_issues, transactions"
This version is annoying . all the accounts i have been transfered are removed . No suggustion :-( :-( :-(,1,2024-02-14,CBE,Google Play Store,NEGATIVE,0.9995853304862976,"login_issues, transactions"
Good application it's useful to make life easy,5,2024-02-14,CBE,Google Play Store,POSITIVE,0.9997712969779968,other
Excellent service,5,2024-02-14,CBE,Google Play Store,POSITIVE,0.9998576641082764,customer_support
"It's been long time since i stepped on a door of a bank. I send, receive a mony, pay my utilities and do all the finantial stuffs. I loved it!! But I think the security should be more. stronger. Like making the code 6 degits. Thank You!",4,2024-02-14,CBE,Google Play Store,POSITIVE,0.9827175736427307,other
"Trasaction Reports are not full, the list only shows the last 10 transactions, I need to see every transaction I made , and make a contact us page on your app too, other than that it's a good app",3,2024-02-14,CBE,Google Play Store,NEGATIVE,0.9892452955245972,transactions
i said Wow for this app,5,2024-02-14,CBE,Google Play Store,POSITIVE,0.999482274055481,other
Best of all mobile bank,5,2024-02-14,CBE,Google Play Store,POSITIVE,0.9996142387390137,other
Well done really . especially what you done recently is amazing.,5,2024-02-14,CBE,Google Play Store,POSITIVE,0.999873161315918,other
This application is so easy and Comfortable to use I love it !!!!,5,2024-02-14,CBE,Google Play Store,POSITIVE,0.9998341798782349,other
Best performance was seen recently.,5,2024-02-14,CBE,Google Play Store,POSITIVE,0.9997273087501526,performance
wow!!! so much nice app!!!,5,2024-02-14,CBE,Google Play Store,POSITIVE,0.9998427629470825,other
Very slow,3,2024-02-14,CBE,Google Play Store,NEGATIVE,0.9997065663337708,performance
Easy to use. Love it.,5,2024-02-14,CBE,Google Play Store,POSITIVE,0.9998807907104492,other
Very problematic... doesn't work when needed,2,2024-02-14,CBE,Google Play Store,NEGATIVE,0.9996688365936279,other
Best financial apk,5,2024-02-14,CBE,Google Play Store,POSITIVE,0.9995772242546082,other
i need a way to register online without going to branch n you have to provide that service.... your services are something like you are still living in the 20th century.,1,2024-02-13,CBE,Google Play Store,POSITIVE,0.9952548742294312,customer_support
It is very used application,5,2024-02-13,CBE,Google Play Store,POSITIVE,0.9983174800872803,other
Too many bugs e.g the sync never works I have to go frequently to get fixes,2,2024-02-13,CBE,Google Play Store,NEGATIVE,0.9994400143623352,bugs
Nice and easy to use,4,2024-02-13,CBE,Google Play Store,POSITIVE,0.9998689889907837,other
It is perfect!,5,2024-02-13,CBE,Google Play Store,POSITIVE,0.9998688697814941,other
You are doing good .,5,2024-02-13,CBE,Google Play Store,POSITIVE,0.9998452663421631,other
This app doesn't run on rooted devices 😥,4,2024-02-13,CBE,Google Play Store,NEGATIVE,0.9851086735725403,other
Please fix the error popping up after a successful transfer to other bank. It appears as if the transfer is not successful.,4,2024-02-13,CBE,Google Play Store,NEGATIVE,0.9996015429496765,"transactions, bugs"
Very good App,5,2024-02-13,CBE,Google Play Store,POSITIVE,0.9998675584793091,other
Not good enough,1,2024-02-13,CBE,Google Play Store,NEGATIVE,0.9997830986976624,other
I like and satisfy by using commercial bank of Ethiopia thanks,5,2024-02-13,CBE,Google Play Store,POSITIVE,0.9996438026428223,other
Could you please add a finger print option,5,2024-02-13,CBE,Google Play Store,NEGATIVE,0.991972804069519,other
That's so wonderful and secure,3,2024-02-13,CBE,Google Play Store,POSITIVE,0.9998791217803955,other
filannoo bareeda,1,2024-02-13,CBE,Google Play Store,NEGATIVE,0.936464250087738,other
It would be best design if you guys include the fingerprint option,5,2024-02-13,CBE,Google Play Store,NEGATIVE,0.9964771866798401,ui_ux
"The latest update is creating a lot of problems. For instance, I had to reopen the app like 10 times to fix the ""NetWork error"" issue.",3,2024-02-13,CBE,Google Play Store,NEGATIVE,0.9995371103286743,bugs
"The new update is horrible. Unreliable. I can't send money nor check my balance. Set your priorities straight, CBE",1,2024-02-13,CBE,Google Play Store,NEGATIVE,0.9997532963752747,transactions
Best banking system,5,2024-02-13,CBE,Google Play Store,POSITIVE,0.9997945427894592,other
አሁን ያለው ጥሩ ሆኖ እያለ፣ ያለ ATM ካርድ ATM Machine መጠቀም የሚያስችል ቢሆን የበለጠ ተመራጭ ያደርጋል።,4,2024-02-13,CBE,Google Play Store,NEGATIVE,0.9740146994590759,other
boaring app,1,2024-02-13,CBE,Google Play Store,NEGATIVE,0.946174681186676,other
The new updated version crush several times it need to be fixed asap,4,2024-02-13,CBE,Google Play Store,NEGATIVE,0.9971708655357361,other
Good modification,5,2024-02-13,CBE,Google Play Store,POSITIVE,0.9997087121009827,other
Exelent,5,2024-02-13,CBE,Google Play Store,POSITIVE,0.9989122152328491,other
It's nice app but some times it's not tell us the right balance specially on Saturday and Sunday,3,2024-02-13,CBE,Google Play Store,NEGATIVE,0.9964755177497864,other
"Its fast, easy to use and interactive app!",5,2024-02-13,CBE,Google Play Store,POSITIVE,0.9993152618408203,performance
Abuke,5,2024-02-13,CBE,Google Play Store,NEGATIVE,0.6919677257537842,other
Best of best app I love it,5,2024-02-12,CBE,Google Play Store,POSITIVE,0.999830961227417,other
The new version is amazing,5,2024-02-12,CBE,Google Play Store,POSITIVE,0.9998832941055298,other
Wow ahun temechegn beteley degmo deresegn view maletachn atm mazezachn nice cbe,5,2024-02-12,CBE,Google Play Store,NEGATIVE,0.7068725824356079,other
"It's very good app and It's best than any banks app. but the only problem I got is the financial status display is limited, it's shows very few transactions",3,2024-02-12,CBE,Google Play Store,NEGATIVE,0.9479435086250305,transactions
I really appreciate CBE app's move toward excellence. The receipt option included in CBE app's is very nice.,5,2024-02-12,CBE,Google Play Store,POSITIVE,0.9997504353523254,other
The Updated version of the app is awesome. Really Enjoyable to got sealed Receipts with barcode.🙏🙏,5,2024-02-12,CBE,Google Play Store,POSITIVE,0.9998071789741516,other
yase,5,2024-02-12,CBE,Google Play Store,POSITIVE,0.9850412011146545,other
Its nice,5,2024-02-12,CBE,Google Play Store,POSITIVE,0.999854326248169,other
It has limitation yet improve,3,2024-02-12,CBE,Google Play Store,NEGATIVE,0.764388918876648,other
It just keeps getting worse. You no longer have the frequently sent accounts log which was the best feature of this app.,3,2024-02-12,CBE,Google Play Store,NEGATIVE,0.9991925358772278,login_issues
Worst update ever 👎 👎,1,2024-02-12,CBE,Google Play Store,NEGATIVE,0.9997960925102234,other
Still you roll a same problem with the new updates. When we do mobile transfer after we write short Reason and finish it says Error by writing the amount to transfer and your commission. It do the same thing again and again. Finally the person who receive the money got three times...there is no such thing in other private banks. Only the giant Commercial Bank of Ethiopia have this problem always. Why why why ? Is it difficult for you to get solutions ?,1,2024-02-12,CBE,Google Play Store,NEGATIVE,0.9991092085838318,"transactions, bugs"
Gadisa aduna,4,2024-02-12,CBE,Google Play Store,POSITIVE,0.9894249439239502,other
Dear CBE Team Please include the international card balance details in the CBE app.,5,2024-02-12,CBE,Google Play Store,POSITIVE,0.9921247363090515,other
Commercial bank of Ethiopia is Our best best bank alwayes found where we go. I love my bank.,5,2024-02-12,CBE,Google Play Store,POSITIVE,0.9998329877853394,other
Urgent fix the app is not working,1,2024-02-12,CBE,Google Play Store,NEGATIVE,0.9997707009315491,other
So 👍😎cooling,5,2024-02-12,CBE,Google Play Store,NEGATIVE,0.9548000693321228,other
Tinsae Samuel,5,2024-02-12,CBE,Google Play Store,POSITIVE,0.9700904488563538,other
Oh,5,2024-02-12,CBE,Google Play Store,POSITIVE,0.9806591272354126,other
Merah,1,2024-02-12,CBE,Google Play Store,POSITIVE,0.9743911027908325,other
Maybe the only nun crushing banking app in ET??,4,2024-02-12,CBE,Google Play Store,NEGATIVE,0.998245358467102,other
Best👌,5,2024-02-12,CBE,Google Play Store,NEGATIVE,0.6970561742782593,other
The worest apps specially when you in emergecy. Really annoig app sorry to say this but I have too.,1,2024-02-11,CBE,Google Play Store,NEGATIVE,0.9827283024787903,other
What's new in the latest update? Is it an in-app notification that cannot be opened?,3,2024-02-11,CBE,Google Play Store,NEGATIVE,0.99964439868927,other
Good of good,5,2024-02-11,CBE,Google Play Store,POSITIVE,0.9998457431793213,other
Good update 👍👍 Scanning Qr code for receipt and receive money via qr code is good. But please make the CBEBirr app work easly like this it's not working on android version under 8.,5,2024-02-11,CBE,Google Play Store,NEGATIVE,0.9983869791030884,other
what the app!!! i really really like this app. the best thing CBE done.,5,2024-02-11,CBE,Google Play Store,POSITIVE,0.9997349381446838,other
I like it this version,5,2024-02-11,CBE,Google Play Store,POSITIVE,0.9998375177383423,other
Excellent Application that's easy for use.,5,2024-02-11,CBE,Google Play Store,POSITIVE,0.999822199344635,other
Too fast also make transaction easily and secure but i have question in visa replacement and new,5,2024-02-11,CBE,Google Play Store,NEGATIVE,0.9788790941238403,"performance, transactions"
This app make me easy my life,5,2024-02-11,CBE,Google Play Store,POSITIVE,0.997969925403595,other
Best Banking system,5,2024-02-11,CBE,Google Play Store,POSITIVE,0.9997945427894592,other
Excellent!!,5,2024-02-11,CBE,Google Play Store,POSITIVE,0.9998663663864136,other
I am X employee after retirement I use the bank's digital service. What I experienced on employees assigned their knowledge to handle responsible tasks but thinking not knowing what will underestimate their post but they pretend to take risk where they will fail to handle and reveal inefficient operation. Anyhow the fact to learn modern technology effecting need to dare risks with strict follow system developed with good performance and personality.,5,2024-02-11,CBE,Google Play Store,POSITIVE,0.7420662641525269,"performance, customer_support"
Amazing service,5,2024-02-11,CBE,Google Play Store,POSITIVE,0.9998700618743896,customer_support
Still developing,1,2024-02-11,CBE,Google Play Store,POSITIVE,0.9923727512359619,other
"Continuous updates of the app makes it easy, fast, and secure to use. I feel safe and secured to use this app. Thanks CBE🙏",5,2024-02-11,CBE,Google Play Store,POSITIVE,0.9994807839393616,performance
It gives fast service!,1,2024-02-11,CBE,Google Play Store,POSITIVE,0.9997308850288391,"performance, customer_support"
Better and good technology,5,2024-02-11,CBE,Google Play Store,POSITIVE,0.9998735189437866,other
5 Star bank good,5,2024-02-11,CBE,Google Play Store,POSITIVE,0.9998034834861755,other
Proportional,4,2024-02-11,CBE,Google Play Store,POSITIVE,0.998945415019989,other
The new updated version is very satisfaying,5,2024-02-11,CBE,Google Play Store,POSITIVE,0.9988885521888733,other
"After updating the latest version, the app is no longer able to synchronize. Urgent fixation needed.",1,2024-02-11,CBE,Google Play Store,NEGATIVE,0.9996662139892578,other
"After I installed the app, when I tried to send money before, it would bring me the people I sent, but now this thing is gone, so why is the suggestion left? Other than that, it is a great application that is easy to use and accessible",3,2024-02-11,CBE,Google Play Store,POSITIVE,0.9151156544685364,"login_issues, transactions"
Improved performance with the new version.,5,2024-02-11,CBE,Google Play Store,POSITIVE,0.9997287392616272,performance
Updating isn't working,2,2024-02-11,CBE,Google Play Store,NEGATIVE,0.999670147895813,other
Fayis Ateyib Asmani,4,2024-02-11,CBE,Google Play Store,POSITIVE,0.8104615807533264,other
This app is help as more and more,5,2024-02-11,CBE,Google Play Store,POSITIVE,0.9291544556617737,customer_support
አመሰገናለው,5,2024-02-11,CBE,Google Play Store,NEGATIVE,0.6970561742782593,other
Helpful application,5,2024-02-11,CBE,Google Play Store,POSITIVE,0.9996803998947144,customer_support
After the new update it is not working at all it doesnot sync and all form of transfer is not working,1,2024-02-11,CBE,Google Play Store,NEGATIVE,0.9997695088386536,transactions
Preferable and No #1 mobile banking appn!!just wow... 🙏,4,2024-02-11,CBE,Google Play Store,POSITIVE,0.9314732551574707,other
✌️,5,2024-02-11,CBE,Google Play Store,NEGATIVE,0.6970561742782593,other
The weirdest bank ever. Weird customer service weird network.....,1,2024-02-11,CBE,Google Play Store,NEGATIVE,0.9976019263267517,customer_support
Awesome 😎,5,2024-02-11,CBE,Google Play Store,POSITIVE,0.9998607635498047,other
Yeroo tokkoo tokkoo app kuni hin hojatu rakkoo qaba.,1,2024-02-11,CBE,Google Play Store,NEGATIVE,0.993311882019043,other
I'm good man,5,2024-02-11,CBE,Google Play Store,POSITIVE,0.9998459815979004,other
This app makes me upset. When they update the app they are updating bug not the functionality of the system.,1,2024-02-11,CBE,Google Play Store,NEGATIVE,0.9996194839477539,bugs
በጣም ቀፋፊ እና አስጠሊታ ባንክ እና app ነው። ሰው urgent ችግር ቢገጥመው እንዴት ሊሆን ነው ቆይ?,1,2024-02-11,CBE,Google Play Store,NEGATIVE,0.9772588014602661,other
Easy way,5,2024-02-11,CBE,Google Play Store,POSITIVE,0.9982763528823853,other
Nice idea,5,2024-02-11,CBE,Google Play Store,POSITIVE,0.9998304843902588,other
"Network error becha nw milw,wede branch mehede alben endatlu becha??",2,2024-02-11,CBE,Google Play Store,NEGATIVE,0.998620867729187,bugs
Why is the app malfunctioning after the update??? It was just fine before the update...🤔🤔🤔🤔🤔🤔🤔🤔🤔🤔,1,2024-02-11,CBE,Google Play Store,NEGATIVE,0.9987189769744873,other
The app stops working,1,2024-02-11,CBE,Google Play Store,NEGATIVE,0.999688982963562,other
Seeee,5,2024-02-11,CBE,Google Play Store,POSITIVE,0.9975987076759338,other
Since I updated the app its not working,2,2024-02-11,CBE,Google Play Store,NEGATIVE,0.9997418522834778,other
This version is not working well the old version works with out any problem. Please make adjustment in thjs version.,1,2024-02-11,CBE,Google Play Store,NEGATIVE,0.9994366765022278,other
"To transfer 10br to telebirr you charge 10br, not just for 10 birr, the same for 1 birr too. what a rubbish",1,2024-02-11,CBE,Google Play Store,NEGATIVE,0.9997101426124573,transactions
Nice up,4,2024-02-11,CBE,Google Play Store,POSITIVE,0.9998586177825928,other
"It says ""Network error!"" after update @feb 11, 24",3,2024-02-11,CBE,Google Play Store,NEGATIVE,0.9997256398200989,bugs
❤,5,2024-02-11,CBE,Google Play Store,NEGATIVE,0.6970561742782593,other
Nice work,5,2024-02-11,CBE,Google Play Store,POSITIVE,0.9998576641082764,other
Okok,5,2024-02-10,CBE,Google Play Store,POSITIVE,0.9870408177375793,other
Commercial 🏦 ofEthiopia,1,2024-02-10,CBE,Google Play Store,NEGATIVE,0.9871764779090881,other
Faster,5,2024-02-10,CBE,Google Play Store,POSITIVE,0.9990760087966919,performance
Every fill is a chance to rize,5,2024-02-10,CBE,Google Play Store,POSITIVE,0.998916745185852,other
The leading bank,5,2024-02-10,CBE,Google Play Store,POSITIVE,0.9994661211967468,other
Quick transaction and no delays Sometimes ithasa glitch butost of the time great. And the glitch is out side working hours it said transaction failure while your balance is reduced So if you haven't noticed you repeat the same process and your balance gets reduced every time.,4,2024-02-10,CBE,Google Play Store,NEGATIVE,0.9840124845504761,transactions
Its ok,1,2024-02-09,CBE,Google Play Store,POSITIVE,0.9997120499610901,other
CBE is an example of poor service quality.,1,2024-02-09,CBE,Google Play Store,NEGATIVE,0.9997761845588684,customer_support
it is more useful we are free from matter due to availability of this app,5,2024-02-09,CBE,Google Play Store,NEGATIVE,0.5869274735450745,other
Wow Its amazing,5,2024-02-09,CBE,Google Play Store,POSITIVE,0.9998601675033569,other
Bast of one,5,2024-02-09,CBE,Google Play Store,POSITIVE,0.9996422529220581,other
Always there is a problem on your mobile banking service why don't you update your system,1,2024-02-09,CBE,Google Play Store,NEGATIVE,0.9991738200187683,customer_support
Smart app I love it 👍,5,2024-02-09,CBE,Google Play Store,POSITIVE,0.9998773336410522,other
Very god active app i liked it,4,2024-02-08,CBE,Google Play Store,POSITIVE,0.9986065030097961,other
ምድረ ገፋፊ በ እያንዳንዱ transfer ብር የሚግጡ ሌቦች,1,2024-02-08,CBE,Google Play Store,NEGATIVE,0.960119366645813,transactions
The balance history presents absurdly. Make it either from recent to old or from old to present. It is messed up and vague.,1,2024-02-08,CBE,Google Play Store,NEGATIVE,0.9996509552001953,other
Why mb app not download,5,2024-02-08,CBE,Google Play Store,NEGATIVE,0.995570719242096,other
Easy and safe app,5,2024-02-07,CBE,Google Play Store,POSITIVE,0.9993730187416077,other
ከእሁድ ውጪ በጣም ጥሩ ነው።እሁድ እሁድ ግን ከባንኩ ሰራተኞች እኩል አይሰራም። ይሁን እሱንስ ማን አየበት😂,4,2024-02-07,CBE,Google Play Store,NEGATIVE,0.9593424201011658,other
Nice app except sometimes the sync is not working!,4,2024-02-07,CBE,Google Play Store,NEGATIVE,0.6417405009269714,other
Loved,5,2024-02-07,CBE,Google Play Store,POSITIVE,0.999881386756897,other
የተረገመ app አይሰራም Guys ወይ ንግድ ባንክ 😓,1,2024-02-07,CBE,Google Play Store,NEGATIVE,0.968076229095459,other
Very goods,5,2024-02-07,CBE,Google Play Store,POSITIVE,0.9984033703804016,other
I dont think so,3,2024-02-07,CBE,Google Play Store,NEGATIVE,0.9905399084091187,other
"Bad, it's not working for me since one week",1,2024-02-07,CBE,Google Play Store,NEGATIVE,0.9982202649116516,other
Support,5,2024-02-07,CBE,Google Play Store,POSITIVE,0.9996964931488037,customer_support
Easy and goood app,5,2024-02-07,CBE,Google Play Store,NEGATIVE,0.9840876460075378,other
Very poor app ?! What the heck happened in this app ???😭😭,1,2024-02-07,CBE,Google Play Store,NEGATIVE,0.9997965693473816,other
It is not working properly ....!!!!,1,2024-02-07,CBE,Google Play Store,NEGATIVE,0.9997870326042175,other
It's best👍. But it stops while changing simcard.,5,2024-02-06,CBE,Google Play Store,NEGATIVE,0.991491973400116,other
good app thank u,5,2024-02-06,CBE,Google Play Store,POSITIVE,0.9998486042022705,other
Garidh,3,2024-02-06,CBE,Google Play Store,NEGATIVE,0.8019179105758667,other
good app and very inspiring,5,2024-02-06,CBE,Google Play Store,POSITIVE,0.9998812675476074,other
it is good but sometime not working,5,2024-02-06,CBE,Google Play Store,NEGATIVE,0.9850043058395386,other
My 1st choce,5,2024-02-06,CBE,Google Play Store,NEGATIVE,0.977944552898407,other
Verification code,5,2024-02-05,CBE,Google Play Store,NEGATIVE,0.7330441474914551,other
It is so bad to fast buy,1,2024-02-05,CBE,Google Play Store,NEGATIVE,0.9998154044151306,performance
U'r good but sometimes your network was unstable,5,2024-02-05,CBE,Google Play Store,NEGATIVE,0.9980840682983398,other
👏👏👏,5,2024-02-05,CBE,Google Play Store,NEGATIVE,0.6970561742782593,other
Sahilu.mihirete,5,2024-02-05,CBE,Google Play Store,NEGATIVE,0.9835426807403564,other
"Nice app but when i forget my password to reset it must be uninstall the existing and add the new one ,so this not good",5,2024-02-05,CBE,Google Play Store,NEGATIVE,0.9996261596679688,login_issues
"The biggest bank in Ethiopia, still couldn't figure out a simple bank statement and transaction history. ዝፍዝፍ ሁላ",1,2024-02-04,CBE,Google Play Store,NEGATIVE,0.9971755743026733,transactions
Best 👌 app,5,2024-02-04,CBE,Google Play Store,POSITIVE,0.9992192983627319,other
It is great,5,2024-02-04,CBE,Google Play Store,POSITIVE,0.9998801946640015,other
Need learn more,2,2024-02-04,CBE,Google Play Store,NEGATIVE,0.7655409574508667,other
Stupid mind always creat bad app!!,1,2024-02-04,CBE,Google Play Store,NEGATIVE,0.9997578263282776,other
Simplify business interesting app,5,2024-02-04,CBE,Google Play Store,POSITIVE,0.9989895224571228,other
Arif app new,4,2024-02-04,CBE,Google Play Store,NEGATIVE,0.5203984975814819,other
To wine,5,2024-02-04,CBE,Google Play Store,POSITIVE,0.997132420539856,other
Ameru kedr,5,2024-02-03,CBE,Google Play Store,POSITIVE,0.9108748435974121,other
Ariff new But its need More comparability,5,2024-02-03,CBE,Google Play Store,NEGATIVE,0.9974787831306458,other
Makes everything easy!,5,2024-02-03,CBE,Google Play Store,POSITIVE,0.9997155070304871,other
It make my life easy,5,2024-02-03,CBE,Google Play Store,POSITIVE,0.9991549253463745,other
Use for me,5,2024-02-03,CBE,Google Play Store,NEGATIVE,0.9579566717147827,other
Well done👏,5,2024-02-03,CBE,Google Play Store,POSITIVE,0.998879611492157,other
"Needs urgent fix, account balance os not showing and says none available when trying to send money.Your customer service line is also non functional, they pick up the phone and say nothing.It is unacceptable from such a huge bank.We deserve better after you tax us for sending our own money through your platform.",1,2024-02-03,CBE,Google Play Store,NEGATIVE,0.9997625946998596,"login_issues, transactions, customer_support"
"This app history is not showing ordered form of transactions, and also after a sending transaction is made, sms is not being sent",1,2024-02-03,CBE,Google Play Store,NEGATIVE,0.9987708926200867,transactions
"It's so convenient, so much improved, you get a message right after you send it.",5,2024-02-03,CBE,Google Play Store,POSITIVE,0.8609573841094971,other
I'm CBE costumer for more than ten years And mobile banking almost three years I have to say CBE is the leading app so far,5,2024-02-03,CBE,Google Play Store,POSITIVE,0.9895802140235901,other
Too difficult to sign in.,4,2024-02-02,CBE,Google Play Store,NEGATIVE,0.9997864365577698,other
Easy and fast,5,2024-02-02,CBE,Google Play Store,POSITIVE,0.9995583891868591,performance
the best banking app,5,2024-02-02,CBE,Google Play Store,POSITIVE,0.9998378753662109,other
100 % Awesome love it,5,2024-02-02,CBE,Google Play Store,POSITIVE,0.9998857975006104,other
የከፍተኛ ከተማአመት,5,2024-02-02,CBE,Google Play Store,NEGATIVE,0.7850580215454102,other
Very poor app. I had to make 8 transfers of the same amount as the app did confirm success of the first or second or third etc. transfers. I had to pay etb 13 birr 8 times each for service charge.,1,2024-02-02,CBE,Google Play Store,NEGATIVE,0.9995830655097961,"transactions, customer_support"
The best bank!!!,5,2024-02-02,CBE,Google Play Store,POSITIVE,0.9998733997344971,other
666🇦🇱🇦🇱🇦🇱🇦🇱,4,2024-02-02,CBE,Google Play Store,NEGATIVE,0.6970561742782593,other
Excellent app.,4,2024-02-02,CBE,Google Play Store,POSITIVE,0.9998461008071899,other
Interesting,5,2024-02-02,CBE,Google Play Store,POSITIVE,0.9998446702957153,other
Well done,5,2024-02-01,CBE,Google Play Store,POSITIVE,0.9998384714126587,other
It has very good function.the challenge with it is : it asks a varification key every time you install even for same device.,3,2024-02-01,CBE,Google Play Store,POSITIVE,0.9989655017852783,other
fast and simple,5,2024-01-31,CBE,Google Play Store,POSITIVE,0.9997392296791077,performance
Easy and simple.,5,2024-01-31,CBE,Google Play Store,POSITIVE,0.9996637105941772,other
Excelent app,5,2024-01-31,CBE,Google Play Store,POSITIVE,0.9983735084533691,other
"It's not working, it doesn't display my balance and it doesn't send or recieve any money",1,2024-01-31,CBE,Google Play Store,NEGATIVE,0.9996024966239929,other
It is nice app,5,2024-01-31,CBE,Google Play Store,POSITIVE,0.9998478889465332,other
አፑ ምንም አይነት አፕዴት አልቀበል ብሎኝ የተወሰነ ምርጫዎች የሉትም። ለምሳሌ own telebirr....* የሚለው ምርጫ ባዶ ነው,1,2024-01-31,CBE,Google Play Store,NEGATIVE,0.9587446451187134,other
"Dark mode ❌, why? 🧐",2,2024-01-30,CBE,Google Play Store,NEGATIVE,0.998484194278717,other
Urgent fix required for the app!,1,2024-01-30,CBE,Google Play Store,NEGATIVE,0.9715988636016846,other
Am very satisfied by your apply,5,2024-01-30,CBE,Google Play Store,POSITIVE,0.9988873600959778,other
Especially important,1,2024-01-29,CBE,Google Play Store,POSITIVE,0.9997853636741638,other
I like it thanks,4,2024-01-29,CBE,Google Play Store,POSITIVE,0.9998262524604797,other
"It is good app for me ,easy to use i prefare it.",5,2024-01-29,CBE,Google Play Store,POSITIVE,0.9996516704559326,other
Abreham tsgaye,3,2024-01-29,CBE,Google Play Store,POSITIVE,0.9458283185958862,other
It takes 10 birr when you send monet to telebirr. No matter how much the amont is.,1,2024-01-29,CBE,Google Play Store,NEGATIVE,0.9980728626251221,other
Very nice app.....tnx cbe,1,2024-01-29,CBE,Google Play Store,POSITIVE,0.9995126724243164,other
"A spectacular app, cutting-edge technology, thanks for your service.",5,2024-01-29,CBE,Google Play Store,POSITIVE,0.9998216032981873,customer_support
It perfect and good app for me,5,2024-01-28,CBE,Google Play Store,POSITIVE,0.9998761415481567,other
The best online service anywhere in the world working very fast Zero problem thanks CBE!!,5,2024-01-27,CBE,Google Play Store,POSITIVE,0.9997442364692688,"performance, customer_support"
Is the best,5,2024-01-27,CBE,Google Play Store,POSITIVE,0.9998418092727661,other
It's nice and favorable,5,2024-01-27,CBE,Google Play Store,POSITIVE,0.9998569488525391,other
Shall we stop using the mobile banking app.what is your intention with putting 10 birr charge on every transaction. How can u manage on charging 10 birr on 5 birr transaction it's not fair. Upgrade your inconsiderate system.,1,2024-01-27,CBE,Google Play Store,NEGATIVE,0.9995918869972229,transactions
Use it,5,2024-01-27,CBE,Google Play Store,POSITIVE,0.9939365983009338,other
"It is a good app. But it is better to add the following features in the next version, 1) Add ATM withdrawal option 2) Password reset option 4) Finger print option 3) E-receipt",4,2024-01-26,CBE,Google Play Store,POSITIVE,0.7158312201499939,login_issues
Best application that make community life easy,5,2024-01-26,CBE,Google Play Store,POSITIVE,0.9997268319129944,other
Why this app was miss some transuctions,5,2024-01-26,CBE,Google Play Store,NEGATIVE,0.9995310306549072,other
Yes it is what I need Thnks,5,2024-01-25,CBE,Google Play Store,POSITIVE,0.9979584217071533,other
For the last two weeks the app is not working. Please address the issue as quickly as possible. Urgent action is needed!!,1,2024-01-25,CBE,Google Play Store,NEGATIVE,0.9915724992752075,other
በጣም ፈጣን ነው የበለጠ አሻሽሉት,5,2024-01-25,CBE,Google Play Store,NEGATIVE,0.8832126259803772,other
🤑🤑🤑🤑🤑🤑🤑🤑🤑🤑🤑🤑🤑🤑🤑🤑🤑🤑🤑🤑🤑🤢🤢🤢🤢🤢🤢🤑🤑🤑🤑🤑🤑🤑🤑🤑🤑🤑🤑🤑🤑🤑🤑🤑🤑,5,2024-01-25,CBE,Google Play Store,NEGATIVE,0.6970561742782593,other
Very good and simple for use,3,2024-01-25,CBE,Google Play Store,POSITIVE,0.9998711347579956,other
"The app is broken, I can't see my balance or use any of the services ,when I try to transfer or do any thing else, error message ""none available ""appears. Please fix this problem.",1,2024-01-24,CBE,Google Play Store,NEGATIVE,0.999803364276886,"transactions, customer_support, bugs"
"The app that I use didn't transfer money to my telebirr account. There's no where to be found ""Transfer to Telebirr"". Only transfer to Telebirr agent is available and it require short code. It turns to be boring app ever.",1,2024-01-24,CBE,Google Play Store,NEGATIVE,0.9997456669807434,"login_issues, transactions"
Good ap,5,2024-01-24,CBE,Google Play Store,POSITIVE,0.9998272061347961,other
İs app is so hassle for use,1,2024-01-24,CBE,Google Play Store,NEGATIVE,0.9992096424102783,other
Top app,5,2024-01-24,CBE,Google Play Store,POSITIVE,0.9964098334312439,other
"The new version is useless it doesn't work at all, very disappointing.",1,2024-01-24,CBE,Google Play Store,NEGATIVE,0.9998109936714172,other
Its not working,1,2024-01-24,CBE,Google Play Store,NEGATIVE,0.9997598528862,other
Fast and reliable app .,5,2024-01-23,CBE,Google Play Store,POSITIVE,0.9997830986976624,performance
Good but do more on it,4,2024-01-23,CBE,Google Play Store,POSITIVE,0.999518871307373,other
I'm so happy in these Apps,5,2024-01-22,CBE,Google Play Store,POSITIVE,0.999871015548706,other
Nice app.,5,2024-01-22,CBE,Google Play Store,POSITIVE,0.9998321533203125,other
Perfect!,5,2024-01-21,CBE,Google Play Store,POSITIVE,0.9998676776885986,other
Good Well,5,2024-01-21,CBE,Google Play Store,POSITIVE,0.9998512268066406,other
It's good app.,5,2024-01-20,CBE,Google Play Store,POSITIVE,0.9998677968978882,other
It is easy to use and simplify everything,4,2024-01-20,CBE,Google Play Store,POSITIVE,0.9988002777099609,other
Please check this application best,5,2024-01-19,CBE,Google Play Store,POSITIVE,0.9972686767578125,other
Can't sync any more. I think it needs some updates,1,2024-01-19,CBE,Google Play Store,NEGATIVE,0.9994966983795166,other
waw very nice app,5,2024-01-19,CBE,Google Play Store,POSITIVE,0.9997734427452087,other
Not Best app,1,2024-01-19,CBE,Google Play Store,NEGATIVE,0.9947145581245422,other
it stops raining why?,1,2024-01-19,CBE,Google Play Store,NEGATIVE,0.9899783134460449,other
M-pesa lay genzab leke 100 ber belabegn,5,2024-01-18,CBE,Google Play Store,NEGATIVE,0.9760333299636841,other
Poor,2,2024-01-18,CBE,Google Play Store,NEGATIVE,0.9997912049293518,other
"1. It is good, flexible, simple and easy. But it can't serve offiline and didn't compliment with the ussd *889# 2. Checking Account balance is off and hidden under transfer.",4,2024-01-17,CBE,Google Play Store,NEGATIVE,0.990911066532135,"login_issues, transactions"
It says non available always disappointing,1,2024-01-16,CBE,Google Play Store,NEGATIVE,0.9921407103538513,other
Tha best one,1,2024-01-16,CBE,Google Play Store,POSITIVE,0.9996542930603027,other
This Application is super fast and Amazing performance. Thanks CBE,5,2024-01-15,CBE,Google Play Store,POSITIVE,0.9998694658279419,performance
Wonderful mobile Banking application,5,2024-01-15,CBE,Google Play Store,POSITIVE,0.9998483657836914,other
Most of the things work just fine. But the transaction history doesn't work properly/right.,2,2024-01-15,CBE,Google Play Store,NEGATIVE,0.9991469383239746,transactions
Pharmacy professional,1,2024-01-15,CBE,Google Play Store,POSITIVE,0.9641937613487244,other
"If Zero and negative rating is allowed the TCB bank's this application and *889# & +951 deserves -100. I am calling the bank TCB b/s they shouldn't allowed to use Ethiopia for Trash bank). ""None Available"" for all service b/s of their management uncalculated, illogical & greedious decision of service charges which wasn't stayed morethan 5 days. Why should I go to Addis Ababa just I opened my account in Addis I while I am living in Dire in the current era where all things are digitally connected?",1,2024-01-14,CBE,Google Play Store,NEGATIVE,0.9988952279090881,"login_issues, customer_support"
Very stable and easy to use it's way better than any other bank apps,4,2024-01-14,CBE,Google Play Store,POSITIVE,0.9996719360351562,other
Why verification online or sms?,1,2024-01-13,CBE,Google Play Store,NEGATIVE,0.9957148432731628,other
Bist,5,2024-01-13,CBE,Google Play Store,NEGATIVE,0.9946247935295105,other
😜😘😍,5,2024-01-13,CBE,Google Play Store,NEGATIVE,0.6970561742782593,other
It is fast and secure.,5,2024-01-12,CBE,Google Play Store,POSITIVE,0.9997017979621887,performance
Daldalaa 🇪🇹,5,2024-01-12,CBE,Google Play Store,NEGATIVE,0.9487408399581909,other
Exceptional one,5,2024-01-12,CBE,Google Play Store,POSITIVE,0.9998511075973511,other
"I haven't been seen on it any problems before but here i faced some obstacles to enter to my account it says me ""no account available"" so help me and solve this problem.",4,2024-01-11,CBE,Google Play Store,NEGATIVE,0.9994391798973083,"login_issues, customer_support"
"Always eventough I have enough balance I cant make bill payment saying insuffcient balance. I always have to ask other for adding me more extra money. If it is your marketing stategy to make people deposite more, thats not a strategy....its theft ለዛውም የማይረባ ብር ለመለቃቀም ብላችሁ",1,2024-01-11,CBE,Google Play Store,NEGATIVE,0.9972653388977051,transactions
I can not use the app after I reinstall it while I am abroad. It requested me to get security key from nearedt CBE branch. There is no CBE branch overseas. Due to this reason I can not acess my acount using the app!!! CBE should resolve this for diaspora customers.,3,2024-01-11,CBE,Google Play Store,NEGATIVE,0.9932500123977661,other
"It was better if it showed at least the last 20 transactions, and one good thing is you can search people from history by their name.",3,2024-01-11,CBE,Google Play Store,NEGATIVE,0.9986893534660339,transactions
the worst app and bank in Ethiopia ever. Yoy have to come to their branch to start your mobile banking and have way too high transaction fee and hidden cost for every transaction.,1,2024-01-11,CBE,Google Play Store,NEGATIVE,0.9997851252555847,transactions
Thank to God,5,2024-01-10,CBE,Google Play Store,POSITIVE,0.9998181462287903,other
I love this application it is easy to use and fast . i recomed that it may use with out network if it is possible,5,2024-01-10,CBE,Google Play Store,POSITIVE,0.9993597865104675,performance
Best 100%,5,2024-01-09,CBE,Google Play Store,POSITIVE,0.9998010993003845,other
እጅግ ፈጣን እጅግ ቀላል,5,2024-01-08,CBE,Google Play Store,NEGATIVE,0.8616323471069336,other
So best,5,2024-01-08,CBE,Google Play Store,POSITIVE,0.9997640252113342,other
Why it says critical update repeatdly and when I updated asks similar question,2,2024-01-08,CBE,Google Play Store,NEGATIVE,0.9979109168052673,other
Not user-friendly.,1,2024-01-08,CBE,Google Play Store,NEGATIVE,0.999613344669342,ui_ux
The most comfortable app... fast booom 🥰🥰,5,2024-01-07,CBE,Google Play Store,POSITIVE,0.9942854046821594,performance
Kelifa jemal,5,2024-01-07,CBE,Google Play Store,POSITIVE,0.9104511141777039,other
my rooted send me,5,2024-01-06,CBE,Google Play Store,POSITIVE,0.988437831401825,other
Best app ever.,5,2024-01-06,CBE,Google Play Store,POSITIVE,0.9997798800468445,other
No way to give negative feedback. toughen up!,5,2024-01-06,CBE,Google Play Store,NEGATIVE,0.9994754195213318,other
etc,5,2024-01-06,CBE,Google Play Store,POSITIVE,0.9157875776290894,other
For late some times but more is good work,2,2024-01-06,CBE,Google Play Store,POSITIVE,0.9989991784095764,other
Thanks for your help,5,2024-01-06,CBE,Google Play Store,POSITIVE,0.9996066689491272,customer_support
Gena salgeba new verification miteyikegn keyet endametaw new??,1,2024-01-06,CBE,Google Play Store,NEGATIVE,0.9961085915565491,other
It should be more secure if some one knows my pin which is very short 4 digit number can be cheated its worisome to use it,1,2024-01-06,CBE,Google Play Store,NEGATIVE,0.998948872089386,other
I found this app so useful. I'm a 17 years old and I used CBE for almost 2 and half years now I got this app so I don't go to any branch instead I use this app.,5,2024-01-06,CBE,Google Play Store,POSITIVE,0.9560343623161316,other
Mobile banking is very important.,5,2024-01-06,CBE,Google Play Store,POSITIVE,0.9978647828102112,other
Not working my application 20 days olmost I'm not in ethiophia now 😢,1,2024-01-06,CBE,Google Play Store,NEGATIVE,0.9938899278640747,other
"Woow nice app. I think the new update is very nice because after i update it, It didnt ask me to go to branch for authorization.",5,2024-01-05,CBE,Google Play Store,POSITIVE,0.9728565216064453,other
This app is not worthy to be trusted with handling large amount of money. Becareful with this kind of badly developed app.,2,2024-01-05,CBE,Google Play Store,NEGATIVE,0.9998118281364441,other
So easy. Faster!,4,2024-01-05,CBE,Google Play Store,POSITIVE,0.9985835552215576,performance
Up date it,2,2024-01-05,CBE,Google Play Store,POSITIVE,0.9997887015342712,other
wow it's amazing platform for sure. Speedy and fast transaction that everyone enjoy to it.,5,2024-01-05,CBE,Google Play Store,POSITIVE,0.9998680353164673,"performance, transactions"
Thank you!,5,2024-01-04,CBE,Google Play Store,POSITIVE,0.9998581409454346,other
"I have no words to appreciate, thanks. It simplifies our daily life.",5,2024-01-04,CBE,Google Play Store,POSITIVE,0.9910812973976135,other
Worst app in the world 🌎,1,2024-01-03,CBE,Google Play Store,NEGATIVE,0.9997952580451965,other
ሙሠማ ኸሊል 100,1,2024-01-03,CBE,Google Play Store,POSITIVE,0.8962825536727905,other
If you want change your phone device or if your app suddenly deleted you must go to Bank branch and pay CBE mobile banking activation payment again and again. this is not appropriate. additionally customer service at branch is disgusting,1,2024-01-03,CBE,Google Play Store,NEGATIVE,0.9997528195381165,"transactions, customer_support"
Haadha,5,2024-01-03,CBE,Google Play Store,POSITIVE,0.9941179752349854,other
Totally no response when calling on 951.,2,2024-01-03,CBE,Google Play Store,NEGATIVE,0.999561607837677,customer_support
Absolutely garbage,1,2024-01-03,CBE,Google Play Store,NEGATIVE,0.9997846484184265,other
It's very hubs new,5,2024-01-03,CBE,Google Play Store,POSITIVE,0.998822033405304,other
"What is this ""none available"" nonsense? The Mobile banking doesn't work either. I even went to a nearby bank to get it fixed but they don't even know what to do. This is so frustrating.",1,2024-01-03,CBE,Google Play Store,NEGATIVE,0.9997596144676208,other
INTERNET BANKING methba,5,2024-01-03,CBE,Google Play Store,NEGATIVE,0.5876557230949402,other
driver,5,2024-01-02,CBE,Google Play Store,POSITIVE,0.9928614497184753,other
More secured application,5,2024-01-02,CBE,Google Play Store,POSITIVE,0.9873523712158203,other
Nec,5,2024-01-02,CBE,Google Play Store,POSITIVE,0.9872690439224243,other
The app didn't function,1,2024-01-02,CBE,Google Play Store,NEGATIVE,0.9997503161430359,other
Good Job,5,2024-01-02,CBE,Google Play Store,POSITIVE,0.999835729598999,other
It is 🤙🤙🤙🤙,5,2024-01-02,CBE,Google Play Store,POSITIVE,0.7285858392715454,other
nice app for me to use,5,2024-01-02,CBE,Google Play Store,POSITIVE,0.9994801878929138,other
App is don't show balance,1,2024-01-01,CBE,Google Play Store,NEGATIVE,0.9996505975723267,other
why can't sync all day while there is Internet pls fix it ASAP,1,2024-01-01,CBE,Google Play Store,NEGATIVE,0.9977912902832031,other
Reliable,5,2024-01-01,CBE,Google Play Store,POSITIVE,0.999845027923584,other
cool app,3,2024-01-01,CBE,Google Play Store,POSITIVE,0.999824583530426,other
Pleas give me loan,5,2023-12-31,CBE,Google Play Store,NEGATIVE,0.97098708152771,other
Nice 👍,5,2023-12-31,CBE,Google Play Store,POSITIVE,0.9998424053192139,other
Fast and user friendly,5,2023-12-31,CBE,Google Play Store,POSITIVE,0.9990614056587219,"performance, ui_ux"
Very help full,5,2023-12-31,CBE,Google Play Store,POSITIVE,0.9949712753295898,customer_support
The home page is bad,3,2023-12-30,CBE,Google Play Store,NEGATIVE,0.9998125433921814,other
It has every solution for every Ethiopians,5,2023-12-30,CBE,Google Play Store,POSITIVE,0.9620835781097412,other
I love it it is perfect I am proud of my bank,5,2023-12-30,CBE,Google Play Store,POSITIVE,0.9998847246170044,other
I like the app it's simple and transparent,5,2023-12-30,CBE,Google Play Store,POSITIVE,0.9953048229217529,other
"It is light, excellent app.",4,2023-12-30,CBE,Google Play Store,POSITIVE,0.9998680353164673,other
wonderful app,5,2023-12-29,CBE,Google Play Store,POSITIVE,0.9998787641525269,other
Amazing ande best app,5,2023-12-29,CBE,Google Play Store,POSITIVE,0.999850869178772,other
It is the worst of all mobile banking apps,1,2023-12-29,CBE,Google Play Store,NEGATIVE,0.9998001456260681,other
The most stupidly incredible bank i didn't known how a system get so stupid,1,2023-12-29,CBE,Google Play Store,NEGATIVE,0.97756028175354,other
Horrible app ever,1,2023-12-29,CBE,Google Play Store,NEGATIVE,0.9995372295379639,other
The app is absolutely amazing with seamless functionalities. I never face any hurdles while using it. It deserves 5 stars!,5,2023-12-28,CBE,Google Play Store,POSITIVE,0.9998544454574585,other
It is very good up and it is to transfer money and pay for other things,3,2023-12-28,CBE,Google Play Store,POSITIVE,0.9998540878295898,transactions
take To Use Option,5,2023-12-28,CBE,Google Play Store,POSITIVE,0.8865401744842529,other
I'm always using the Apps safely.Thanks.,5,2023-12-27,CBE,Google Play Store,POSITIVE,0.999850869178772,other
The app close automatically when trying to request ATM replacement,3,2023-12-27,CBE,Google Play Store,NEGATIVE,0.9949482679367065,other
Unrealeble in many ways; double payment more than 5 times; frequent interruptions; and don't produce receipt more often. CBE - pls come up with a better version as we move more and more to e-payement.,3,2023-12-27,CBE,Google Play Store,NEGATIVE,0.9987244009971619,transactions
"The update made on the app. each time is good .but the recently added ""standing instruction ""menu doesnt contain a reverse/deletion mechanism if one wants to stop it.",3,2023-12-27,CBE,Google Play Store,NEGATIVE,0.9809026718139648,other
"Please stop taking 5 birr from each transaction we made it is very unfair and Ethswitch has to be legally stopped this action ... Very shameful,",1,2023-12-27,CBE,Google Play Store,NEGATIVE,0.9994274377822876,transactions
"Amazing platform, reliable and convincing mobile banking",5,2023-12-27,CBE,Google Play Store,POSITIVE,0.999863862991333,other
Very interesting,5,2023-12-26,CBE,Google Play Store,POSITIVE,0.999863862991333,other
"I have been using this app for one year.It Is an amazing application,I have never been used such like app in my life.It is very interactive ,compatiable with any android phones,easy to be used by any one irrespective of any level of education and very realiable to realized digital banking system all over the globe.I Wish all banking sectors will update their mobile banking system based on this app. CBE is My bank and I Proud of it Shumet Mamo Sassie",5,2023-12-26,CBE,Google Play Store,POSITIVE,0.998607337474823,other
"URGENT FIX REQUIRED!!! The app does not work anymore! Account balance is not displayed. Trying to use any service on the app shows error ""None available"". What is the point of an internet/mobile banking app if you cannot carry out banking services from your fingertips? I also don't want to reinstall because CBE activation code can only be recieved in the bank, which sounds very ridiculous. These days, banks send OTP to email, so customers can manage their account anywhere in the world.",1,2023-12-26,CBE,Google Play Store,NEGATIVE,0.9997559189796448,"login_issues, customer_support, bugs"
"Excellent. But, the service charge is insane 😭",5,2023-12-26,CBE,Google Play Store,NEGATIVE,0.7148556709289551,customer_support
From these week App is not functional,5,2023-12-26,CBE,Google Play Store,NEGATIVE,0.9996932744979858,other
Overall good but there are times when it does not sync,3,2023-12-25,CBE,Google Play Store,NEGATIVE,0.8878648281097412,other
It is a nice app,5,2023-12-24,CBE,Google Play Store,POSITIVE,0.9998472929000854,other
Not goof,3,2023-12-24,CBE,Google Play Store,POSITIVE,0.9890618920326233,other
Why is problem non available,2,2023-12-24,CBE,Google Play Store,NEGATIVE,0.9995332956314087,other
Thanks for all,5,2023-12-23,CBE,Google Play Store,POSITIVE,0.9997379183769226,other
How can to add two account,5,2023-12-23,CBE,Google Play Store,NEGATIVE,0.654619038105011,login_issues
USSD *889# ሆደን አቁስሎት ነበር ይህን አፕ ካስከፈትኩ ወድህ 889 ሞክሬው አላውቅም። ይሄ በጣም አሪፍ ነው።,5,2023-12-23,CBE,Google Play Store,NEGATIVE,0.9770868420600891,other
It's very especial app but it may have security problem b/c if I change sim card it work,5,2023-12-23,CBE,Google Play Store,NEGATIVE,0.9938650727272034,other
I am first-time to use this app.,5,2023-12-23,CBE,Google Play Store,POSITIVE,0.9906347393989563,other
"I like it, it is easy to use!",5,2023-12-23,CBE,Google Play Store,POSITIVE,0.9997544884681702,other
Clutch,5,2023-12-23,CBE,Google Play Store,POSITIVE,0.9969558715820312,other
አፑን በጫንኩ በሳምቱ አቆመ ወደ ባንኩ ብመላለስም ለ3 ጊዜ ፎርም ሙላ ከማለት ውጭ መፍትሄ የለም።,1,2023-12-22,CBE,Google Play Store,NEGATIVE,0.9570206999778748,other
First of all may almighty God bless the leader and mother of Africa Ethiopia and the people as well. Congratulations to ECB for sharing very interested and helpful application and more early to use Thanks,5,2023-12-22,CBE,Google Play Store,POSITIVE,0.9997771382331848,customer_support
unbelivable good start,5,2023-12-22,CBE,Google Play Store,POSITIVE,0.9998193383216858,other
The best way to get rid of my life thank you so much ❤️,5,2023-12-22,CBE,Google Play Store,POSITIVE,0.9993170499801636,other
Excellent apps,1,2023-12-21,CBE,Google Play Store,POSITIVE,0.9998579025268555,other
It's Good,5,2023-12-21,CBE,Google Play Store,POSITIVE,0.9998360872268677,other
I dont know why but the app is sudenly stop woking please update it,1,2023-12-20,CBE,Google Play Store,NEGATIVE,0.9993687272071838,other
Very bad.,1,2023-12-20,CBE,Google Play Store,NEGATIVE,0.9997778534889221,other
this application helps us in the fastest way and we can save our time and it is very good because it gives us complete quick response.,5,2023-12-20,CBE,Google Play Store,POSITIVE,0.9998152852058411,"performance, customer_support"
@PremiumBot,5,2023-12-19,CBE,Google Play Store,POSITIVE,0.9683266282081604,other
Aslame&dtamo,5,2023-12-19,CBE,Google Play Store,NEGATIVE,0.8848403692245483,other
So nice and easy to use,5,2023-12-19,CBE,Google Play Store,POSITIVE,0.9998767375946045,other
I found this app helpful and interesting.,5,2023-12-19,CBE,Google Play Store,POSITIVE,0.9994675517082214,customer_support
Abdi Tesjade,5,2023-12-18,CBE,Google Play Store,POSITIVE,0.8370030522346497,other
Excellent!,5,2023-12-18,CBE,Google Play Store,POSITIVE,0.9998645782470703,other
"I Wana to update this app ,because when I try to open it ,it's close up immediately",2,2023-12-18,CBE,Google Play Store,NEGATIVE,0.9908350706100464,other
ease to acces,4,2023-12-18,CBE,Google Play Store,POSITIVE,0.9996819496154785,other
Arif naw,1,2023-12-17,CBE,Google Play Store,NEGATIVE,0.7057700753211975,other
Oke,5,2023-12-17,CBE,Google Play Store,POSITIVE,0.5809581279754639,other
Love this app,5,2023-12-16,CBE,Google Play Store,POSITIVE,0.9998668432235718,other
"Extremely frustrating, correct balance is never displayed.",1,2023-12-16,CBE,Google Play Store,NEGATIVE,0.9985299110412598,other
"The CBE Mobile Banking App has truly exceeded my expectations. It offers a seamless and reliable banking experience right at my fingertips. From checking my account balance to transferring funds, the app performs flawlessly every time. It's impressive.",5,2023-12-16,CBE,Google Play Store,POSITIVE,0.9998515844345093,"login_issues, transactions"
best and simple service,5,2023-12-15,CBE,Google Play Store,POSITIVE,0.9997957348823547,customer_support
This app is amazing but it stopped working so can you fix the problem,2,2023-12-14,CBE,Google Play Store,NEGATIVE,0.9986060261726379,other
It's cool but I'm not satisfied,1,2023-12-14,CBE,Google Play Store,NEGATIVE,0.997960090637207,other
Best app.. with no complications.,5,2023-12-14,CBE,Google Play Store,POSITIVE,0.9982059001922607,other
"I have started using these apps since 2020, and I have experienced a suitable way to do digital money exchange and a simple way of transferring cash.",5,2023-12-14,CBE,Google Play Store,POSITIVE,0.9599631428718567,transactions
"It's simple, fast, easy to use and very pleasant. For me, it is a pleasant application of my bank that I always trust.",5,2023-12-14,CBE,Google Play Store,POSITIVE,0.9998780488967896,performance
Hihi,5,2023-12-14,CBE,Google Play Store,POSITIVE,0.9779518842697144,other
"Won't update my account balance, severely out of sync. When I checked at the ATM it was a completely different number. General cbe problem, but the transactions take 10 days to post from a POS transaction. Makes t extremely difficult to use.",1,2023-12-14,CBE,Google Play Store,NEGATIVE,0.9906953573226929,"login_issues, transactions"
Can we see our past transaction record more than recent on this app ??? Please it should have this option .If so tell me how if not please update thIs app soon to accommodate this to obtain as this bank deserves more and more capacity and update every day even every minutes as it represents the golden brand ETHIOPIAN!!!,1,2023-12-14,CBE,Google Play Store,NEGATIVE,0.9843029975891113,transactions
Its not update balance immediately,4,2023-12-13,CBE,Google Play Store,NEGATIVE,0.9936878085136414,other
Best app ever,5,2023-12-13,CBE,Google Play Store,POSITIVE,0.9997491240501404,other
ሂወትን ቀለል የሚያረግ ለኔ ሁሉም ነገሬ ነው cbe,5,2023-12-13,CBE,Google Play Store,NEGATIVE,0.5663173198699951,other
"It's very nice app, the connection is good as well. But It only allow water bill payment for addis abeba why is that",4,2023-12-13,CBE,Google Play Store,NEGATIVE,0.6481778025627136,transactions
It's good but not very good,5,2023-12-13,CBE,Google Play Store,NEGATIVE,0.9812166094779968,other
Wow good work 🤝,4,2023-12-13,CBE,Google Play Store,POSITIVE,0.9998650550842285,other
It's very important for me,5,2023-12-12,CBE,Google Play Store,POSITIVE,0.9997509121894836,other
"No words to explain abt this app, it's amazing",5,2023-12-12,CBE,Google Play Store,POSITIVE,0.9919798374176025,other
The transaction no orders,1,2023-12-12,CBE,Google Play Store,NEGATIVE,0.9981695413589478,transactions
my fav app in the history,5,2023-12-11,CBE,Google Play Store,POSITIVE,0.9957734942436218,other
"It's a beautiful app. But especially when transferring from one account to another, if a receipt is prepared stating the name of the sender and the name of the recipient and the amount of the money. Also, if people make a mistake when making a transfer, it would be nice to have a system where the mistake can be reversed.",5,2023-12-11,CBE,Google Play Store,NEGATIVE,0.9694399833679199,"login_issues, transactions"
It's very good app but sometimes the network is very poor,5,2023-12-11,CBE,Google Play Store,NEGATIVE,0.9985612034797668,other
Yes we Love this prowsser,3,2023-12-11,CBE,Google Play Store,POSITIVE,0.9998531341552734,other
It is fantastic,5,2023-12-11,CBE,Google Play Store,POSITIVE,0.9998805522918701,other
it's great app when ever!,5,2023-12-10,CBE,Google Play Store,POSITIVE,0.9998536109924316,other
it is not working well,1,2023-12-10,CBE,Google Play Store,NEGATIVE,0.9997767806053162,other
Good app continou!,1,2023-12-10,CBE,Google Play Store,POSITIVE,0.9998014569282532,other
Poor. Sent my money several time also when refresh i can see it statments and it deduct from my acount.,1,2023-12-10,CBE,Google Play Store,NEGATIVE,0.9991759657859802,transactions
Very nice and well designed! 🙏,5,2023-12-09,CBE,Google Play Store,POSITIVE,0.9998786449432373,ui_ux
It is not working when I transfer money to another my bank account. So I wish this all functions be avail. Thanks.,5,2023-12-09,CBE,Google Play Store,NEGATIVE,0.9958391189575195,"login_issues, transactions"
Worst application,1,2023-12-08,CBE,Google Play Store,NEGATIVE,0.9997836947441101,other
"Why it cannot generate key for customers by itself? The main reason the bank suggested this application is to reduce crowded customers from cbe bank branches. The hell your IT department is doing? Why they cannot improve this problem? I don't want to go to Branch bank, they don't know nothing about this application. They're so dumbest person I ever seen. Please try make it simple and very useful application. Don't paint bad color on the legacy of this bank.",1,2023-12-08,CBE,Google Play Store,NEGATIVE,0.9938645958900452,other
help me to get the money.n may,2,2023-12-08,CBE,Google Play Store,NEGATIVE,0.9954525828361511,customer_support
Good applications its very very,5,2023-12-08,CBE,Google Play Store,POSITIVE,0.9998639822006226,other
"I can't downloaded the recipts which is very important one's, please fix it",2,2023-12-08,CBE,Google Play Store,NEGATIVE,0.9969882369041443,other
This is the best mobile banking app i had ever seen in ethiopia.,5,2023-12-07,CBE,Google Play Store,POSITIVE,0.9997078776359558,other
ከንግድ ባንክ ወደ ቴሌብር 1000 ብር ላኩኝ ከዛ 10 ብር ተቆረጠብኝ። ይሄ እኮ ዘረፋ ነው።,1,2023-12-07,CBE,Google Play Store,NEGATIVE,0.9515414834022522,other
Nuriye ali yimam,5,2023-12-07,CBE,Google Play Store,POSITIVE,0.9372386336326599,other
It stakes,1,2023-12-07,CBE,Google Play Store,POSITIVE,0.9971217513084412,other
Harif new,5,2023-12-07,CBE,Google Play Store,POSITIVE,0.9566629528999329,other
😍😍😍,1,2023-12-06,CBE,Google Play Store,NEGATIVE,0.6970561742782593,other
Difficult to get transaction statement and receipt of single transaction.,2,2023-12-06,CBE,Google Play Store,NEGATIVE,0.9996800422668457,transactions
I like it's,5,2023-12-06,CBE,Google Play Store,POSITIVE,0.9998577833175659,other
"በጣም ምርጥ አፕ ነው። ግን በአፑ ውስጥ የተወሰነ ያልተሟሉ ጉድለቶች አሉበት ከነዚህም መሀከል ""የማብራት ሀይል ክፍያ መክፈያ ቦታ ላገኝ አልቸልኩበት እንጂ",5,2023-12-06,CBE,Google Play Store,NEGATIVE,0.9609392881393433,other
"Don't use CBE! They start to debated a customer balance without their allow, bad bank!",1,2023-12-05,CBE,Google Play Store,NEGATIVE,0.9921814203262329,other
I really love this app,5,2023-12-05,CBE,Google Play Store,POSITIVE,0.9998576641082764,other
It is not active for banking,2,2023-12-05,CBE,Google Play Store,NEGATIVE,0.99969482421875,other
Easy and familiar app,5,2023-12-05,CBE,Google Play Store,POSITIVE,0.9988467693328857,other
It is very funny and useless app. They developed the app either with lack of necessary technological knowledge or purposely to manipulate their customers. A huge shame for such kinda influential company.👎👎,1,2023-12-05,CBE,Google Play Store,NEGATIVE,0.9990667700767517,other
Good app! Really helped me a lot!,5,2023-12-05,CBE,Google Play Store,POSITIVE,0.9998612403869629,customer_support
Amazing app it's simple to use,5,2023-12-04,CBE,Google Play Store,POSITIVE,0.9998593330383301,other
Commission paid 5 birr that alot even if I didn't do any transactions they still cut 5 birr soon I will run out money because of this o regret using this. I'm student I don't make money they have to consider what they doing not just that after first time using it they will take/cut 50 birr for fee that unreasonable. DONT USE THIS APP !!!!!!!!!!!!!!!!!!!!!!!!!!!!!!!!!!!!!!!!!!!!!!!!!!!!!!!!!!!!!!!!!!!!!!!!!!!!!!!!!! I HAVE SCREENSHOT FOR EVIDENCE DONT REPLY ME THIS IS accusations,1,2023-12-03,CBE,Google Play Store,NEGATIVE,0.9971854090690613,transactions
"I used it for the past 2 years. I live outside of Ethiopia, so it was very convenient to deposit or transfer money to and from my account. However, recently i kept getting ""None available"" message and not even able to see my balance or pull out people previous account information. So i uninstall and installed it, now it is asking me a key code whice you normally get it from ur bank. As i said,I live outside of Ethio, so unable to use this app anymore.",2,2023-12-03,CBE,Google Play Store,NEGATIVE,0.9991703033447266,"login_issues, transactions"
It works for me very well. Thanks!,5,2023-12-03,CBE,Google Play Store,POSITIVE,0.99986732006073,other
Very useful but after update it's not working properly also transaction history don't display Cleary so pls fix these two things,3,2023-12-03,CBE,Google Play Store,NEGATIVE,0.9991331696510315,transactions
Nigidi.banki,5,2023-12-03,CBE,Google Play Store,NEGATIVE,0.9632765650749207,other
"Why is this not working on Sunday, specifically now. I'm disappointed about this. This is not expected from a large organization like CBE😡😡",1,2023-12-03,CBE,Google Play Store,NEGATIVE,0.9995985627174377,other
The best mobile banking app!!!,5,2023-12-02,CBE,Google Play Store,POSITIVE,0.9998388290405273,other
Mubarkenasradne,5,2023-12-02,CBE,Google Play Store,NEGATIVE,0.9569405913352966,other
10Q for Developers. Is nice app!!,5,2023-12-02,CBE,Google Play Store,POSITIVE,0.9996275901794434,other
Powerful app,4,2023-12-02,CBE,Google Play Store,POSITIVE,0.9998375177383423,other
Assess,5,2023-12-02,CBE,Google Play Store,POSITIVE,0.9912462830543518,other
It is good but modify it in away that shows 15 days statement,4,2023-12-02,CBE,Google Play Store,POSITIVE,0.5422472953796387,other
ጥሩነውለግዜውብቻእንዳይሆንእንጂ,3,2023-12-01,CBE,Google Play Store,NEGATIVE,0.6970561742782593,other
It is broken after the last update!!!,2,2023-12-01,CBE,Google Play Store,NEGATIVE,0.9996628761291504,other
not responsive most of the time.,2,2023-12-01,CBE,Google Play Store,NEGATIVE,0.9998055100440979,other
Not enough,1,2023-12-01,CBE,Google Play Store,NEGATIVE,0.9982920289039612,other
I love this App. It is important and helpful on every day activities. Thank you,5,2023-12-01,CBE,Google Play Store,POSITIVE,0.9998619556427002,customer_support
በጣም ምርጥ ነው,5,2023-12-01,CBE,Google Play Store,NEGATIVE,0.8337246179580688,other
It the best one 💯,5,2023-12-01,CBE,Google Play Store,POSITIVE,0.9998661279678345,other
Thanks for your service,5,2023-12-01,CBE,Google Play Store,POSITIVE,0.9997162222862244,customer_support
To.much bug multiple crash you can't even see your statements,1,2023-12-01,CBE,Google Play Store,NEGATIVE,0.9995056390762329,bugs
My Bank 🏦🏦,5,2023-11-30,CBE,Google Play Store,NEGATIVE,0.7867556214332581,other
I need help,5,2023-11-30,CBE,Google Play Store,NEGATIVE,0.9949355721473694,customer_support
Nice service CBE Bank,5,2023-11-29,CBE,Google Play Store,POSITIVE,0.9975516200065613,customer_support
Is very weird app really,1,2023-11-29,CBE,Google Play Store,NEGATIVE,0.9924265146255493,other
Update for iPhone,5,2023-11-29,CBE,Google Play Store,POSITIVE,0.6867945790290833,other
It's best,5,2023-11-26,CBE,Google Play Store,POSITIVE,0.999842643737793,other
በጣም ሀሪፍ እና ምቹ ነው ግን Recenet transaction አያሳይም .. ከድርጅት ጋር ለምንሰራ ሰዎች ደረሰኝ ያስፈልገናል ። ቶሎ መፍትሔ ቢያገኝ እና ቢስተካከል ጥሩ ነው,3,2023-11-26,CBE,Google Play Store,NEGATIVE,0.8213744759559631,transactions
"The previous version was better.if our wifi is weak this app is not working even by vpn.Learn from other banks,how to make simple and easy",2,2023-11-26,CBE,Google Play Store,NEGATIVE,0.9989443421363831,other
Well fine Well developed Fast,5,2023-11-26,CBE,Google Play Store,POSITIVE,0.9998550415039062,performance
Only limited transaction are shown.. the time of the transaction is not shown.,1,2023-11-26,CBE,Google Play Store,NEGATIVE,0.9935965538024902,transactions
"This app as much as good it was, it fails you in the middle of critical time . With the good reputation this bank has this app should've been something us customers should reply on. But I am very disappointed.",1,2023-11-26,CBE,Google Play Store,NEGATIVE,0.9997076392173767,other
Fails bu tcharges. Bad App,3,2023-11-25,CBE,Google Play Store,NEGATIVE,0.9997557997703552,other
absolutely magnificent app!!!,5,2023-11-25,CBE,Google Play Store,POSITIVE,0.9998737573623657,other
Kechalachu atawrdut wey aysera mnm tkm yelewmm,1,2023-11-25,CBE,Google Play Store,NEGATIVE,0.9929429888725281,other
Wow amazing app for all!❤️,5,2023-11-25,CBE,Google Play Store,POSITIVE,0.9997950196266174,other
It's very well to use,5,2023-11-25,CBE,Google Play Store,POSITIVE,0.9998446702957153,other
"Good job, try your best. You can do anything you need.",5,2023-11-24,CBE,Google Play Store,POSITIVE,0.9997162222862244,other
Worst bank worst app,1,2023-11-24,CBE,Google Play Store,NEGATIVE,0.9997875094413757,other
Its the best app,5,2023-11-24,CBE,Google Play Store,POSITIVE,0.9998475313186646,other
Best app i have seen.,5,2023-11-24,CBE,Google Play Store,POSITIVE,0.999203622341156,other
Very good but same time deos'n work properly,5,2023-11-23,CBE,Google Play Store,POSITIVE,0.996749758720398,other
Nice and easy application.,5,2023-11-23,CBE,Google Play Store,POSITIVE,0.9998646974563599,other
Shame to see one of the biggest bank in east africa. Have this app 1 .you try to send money.. it will fail on the way you try again and your money have been sent Twice. Then you have to ask the Receiver to send the money back to you. 2. Try to refresh to see your recent transaction and it will show old transaction. Clearly they don't care . You can get your statement easily via telebirr. But cbe you have to go to branch and beg sometimes Bribe the managers to get your own bank statement . Shame,1,2023-11-23,CBE,Google Play Store,NEGATIVE,0.9994741082191467,transactions
So bad,1,2023-11-23,CBE,Google Play Store,NEGATIVE,0.999785840511322,other
🔥🔥🔥🔥🔥,5,2023-11-23,CBE,Google Play Store,NEGATIVE,0.6970561742782593,other
chyddu,5,2023-11-23,CBE,Google Play Store,POSITIVE,0.8595616221427917,other
Very great,5,2023-11-22,CBE,Google Play Store,POSITIVE,0.9998730421066284,other
Its nice app because of it includes mult payment methods in their. Thanks CBE,5,2023-11-21,CBE,Google Play Store,POSITIVE,0.9948534369468689,transactions
Great application. But when it opened after Minimization it doesn't ask for pin. I mean it directly opens which is not safe. Anyone who has the phone can transfer or do other activities. please Update the app in to new level.,3,2023-11-21,CBE,Google Play Store,NEGATIVE,0.9963681697845459,transactions
Appreciated,5,2023-11-21,CBE,Google Play Store,POSITIVE,0.9998258948326111,other
I am interested with this app.,5,2023-11-21,CBE,Google Play Store,POSITIVE,0.9988829493522644,other
"Great app, but the only problem, i encounter with it is that branches are not willing to open it for you, every branch will try to send you else where",5,2023-11-21,CBE,Google Play Store,NEGATIVE,0.9914042949676514,other
Noting working app,1,2023-11-21,CBE,Google Play Store,POSITIVE,0.9988471269607544,other
Please include full Bank statement access through this app,2,2023-11-20,CBE,Google Play Store,POSITIVE,0.8449342846870422,login_issues
Best to be Best as your Age of Surveillance Old.,3,2023-11-20,CBE,Google Play Store,NEGATIVE,0.9969603419303894,other
Nayis,3,2023-11-19,CBE,Google Play Store,NEGATIVE,0.9524694681167603,other
Very Very good appa I am really,5,2023-11-19,CBE,Google Play Store,POSITIVE,0.9998664855957031,other
"I like the other one except for one reason, but it would be cool if the account message is saved quickly",5,2023-11-19,CBE,Google Play Store,NEGATIVE,0.9946451187133789,login_issues
Best mobile banking app ever,4,2023-11-19,CBE,Google Play Store,POSITIVE,0.9997294545173645,other
"The app was working properly, but in the last two days, it showed not available while I am in a good network area with both wifi or data. Please fix it. With regards",3,2023-11-19,CBE,Google Play Store,NEGATIVE,0.9993950128555298,other
Some times facing delayed cynching,4,2023-11-19,CBE,Google Play Store,NEGATIVE,0.9941065311431885,other
Wow it's bast,5,2023-11-19,CBE,Google Play Store,POSITIVE,0.999788224697113,other
on 🐂rfxbk,5,2023-11-19,CBE,Google Play Store,POSITIVE,0.9016367197036743,other
Very interesting app.,5,2023-11-18,CBE,Google Play Store,POSITIVE,0.999818742275238,other
"Good but currently not update, the status",4,2023-11-18,CBE,Google Play Store,POSITIVE,0.6450421214103699,other
Amazing application,5,2023-11-18,CBE,Google Play Store,POSITIVE,0.9998698234558105,other
በጣም አስፈላጊ እና ምርጥ አፕ ነው የኢትዮጵያ ንግድ ባንክ ሁሌም የሚተማመኑበት ባንክ,5,2023-11-17,CBE,Google Play Store,NEGATIVE,0.9489790797233582,other
It is the best,5,2023-11-17,CBE,Google Play Store,POSITIVE,0.9998602867126465,other
The app doesn't let you have the pdf form receipt.,1,2023-11-17,CBE,Google Play Store,NEGATIVE,0.9963266253471375,other
How to conected In my phone application previous used,5,2023-11-16,CBE,Google Play Store,NEGATIVE,0.9975288510322571,other
"Its so flexible, easy and fast. More perfect if adding another acc. is possible Or interchangeabily within different account for those who use multiple acc.",4,2023-11-16,CBE,Google Play Store,POSITIVE,0.9996473789215088,"login_issues, performance"
It is light to use,5,2023-11-16,CBE,Google Play Store,POSITIVE,0.9992311000823975,other
"This app taking 10 birr for every transaction, This is not fair,🤬",1,2023-11-16,CBE,Google Play Store,NEGATIVE,0.9994295239448547,transactions
በጣም ተመችቶኛል። እድሜ የዛሬ 15 አመት በኢትዮጵያ እንደጀመር ሀሰብ በማፍለቅ እንዲጀመር ላደረጉት የዛኔ የኢንሳ ባለሙያ ለአሁኑ ጠቅላይ ሚኒስተራችን ክቡር አብይ አህመድ የከበረ አድናቆት አለኝ።,5,2023-11-15,CBE,Google Play Store,NEGATIVE,0.9616267681121826,other
Why I go to the nearest bank to be activated! It must be fully automated like telebirr and Mpessa!,1,2023-11-15,CBE,Google Play Store,NEGATIVE,0.9981039762496948,other
Allowed,5,2023-11-15,CBE,Google Play Store,POSITIVE,0.9978752136230469,other
Will ask her about the election of acaunt,5,2023-11-15,CBE,Google Play Store,POSITIVE,0.9946905970573425,other
"Fsntastic,convenient and fast",5,2023-11-15,CBE,Google Play Store,POSITIVE,0.9988443851470947,performance
Good up to use esealy,5,2023-11-15,CBE,Google Play Store,POSITIVE,0.9996764659881592,other
It is really the best one I love it Thank you,5,2023-11-15,CBE,Google Play Store,POSITIVE,0.9998689889907837,other
no service how?,5,2023-11-15,CBE,Google Play Store,NEGATIVE,0.9995879530906677,customer_support
worst app I didn't even see my latest statement 😒,1,2023-11-14,CBE,Google Play Store,NEGATIVE,0.9998101592063904,other
Naifoo adbata,5,2023-11-14,CBE,Google Play Store,POSITIVE,0.830211877822876,other
it's nice think u,5,2023-11-14,CBE,Google Play Store,POSITIVE,0.9998377561569214,other
Good 👍 👍 👍 👍 application,5,2023-11-14,CBE,Google Play Store,POSITIVE,0.9994083642959595,other
Exchange rate to day,1,2023-11-14,CBE,Google Play Store,POSITIVE,0.7302839159965515,other
"It getting worst everyday, it actually doesn't work this days.",1,2023-11-14,CBE,Google Play Store,NEGATIVE,0.9993956089019775,other
GOOD NOT BAD SOME TIMS NATWORK PROBLEM,3,2023-11-14,CBE,Google Play Store,POSITIVE,0.9966649413108826,other
Keep it up!!,5,2023-11-14,CBE,Google Play Store,POSITIVE,0.9998407363891602,other
I can't update the app on my mobile,3,2023-11-14,CBE,Google Play Store,NEGATIVE,0.9921918511390686,other
We need double Applications commercial bank of Ethiopia one place,5,2023-11-14,CBE,Google Play Store,NEGATIVE,0.9941191673278809,other
Good for everything,5,2023-11-14,CBE,Google Play Store,POSITIVE,0.9998502731323242,other
Wondeful app,4,2023-11-14,CBE,Google Play Store,POSITIVE,0.9994534850120544,other
i assume for user this apps are well.,3,2023-11-14,CBE,Google Play Store,POSITIVE,0.9937208890914917,other
This app is very great and it is healping in a very great manner.,5,2023-11-13,CBE,Google Play Store,POSITIVE,0.9997840523719788,other
Wow i don't have word to experience,5,2023-11-13,CBE,Google Play Store,POSITIVE,0.8361443281173706,other
በቀልጣፋ አገልግሎት የሚያረካ,5,2023-11-13,CBE,Google Play Store,NEGATIVE,0.8337246179580688,other
"The previous varsion of this application is good, yet recently it required verification code that unable to get online. So, is it realy fair to go to branc of bank to fill it? please improve such problem. Untill that i will going to uninstall this application. Good bye!!",1,2023-11-13,CBE,Google Play Store,NEGATIVE,0.9965218305587769,other
This online application good my life support all of us to get,5,2023-11-13,CBE,Google Play Store,POSITIVE,0.9991951584815979,customer_support
App bareeda haala salpaan taheen fayiidaa nuuf kennaa jira garuu mallaaqa yeroo gara baankii biraa erginuu hammi murachuutti jirtan xiqqo nibaayitee silaa xiqqo gadi buustan gaariidha je'een yaada isinis mallaqa keenyaan waan fayyadamaa jirtaniif.,4,2023-11-12,CBE,Google Play Store,NEGATIVE,0.9950805902481079,other
This app is not weerk,5,2023-11-12,CBE,Google Play Store,POSITIVE,0.8869235515594482,other
It a best,4,2023-11-12,CBE,Google Play Store,POSITIVE,0.9998522996902466,other
Best Banking app of the time!,5,2023-11-12,CBE,Google Play Store,POSITIVE,0.9997053742408752,other
Zenzelima,3,2023-11-11,CBE,Google Play Store,POSITIVE,0.991061806678772,other
"It's nice app, if u can add biometric security futute",5,2023-11-11,CBE,Google Play Store,POSITIVE,0.9996441602706909,other
"I am extremely disappointed with this App. Every time I try to change my PIN, I receive an error message saying ""unable to connect to server."" Additionally, my transaction processes always fail. As a well-known company, I expected better service from CBE.",1,2023-11-11,CBE,Google Play Store,NEGATIVE,0.9997678399085999,"transactions, customer_support, bugs"
Mn alabat transaction fee keknsachulng bemilw nw,5,2023-11-10,CBE,Google Play Store,NEGATIVE,0.9802129864692688,transactions
good app have more opotion,5,2023-11-10,CBE,Google Play Store,POSITIVE,0.9978703260421753,other
twhey the service expires they do not notify you they just stop the service.,1,2023-11-10,CBE,Google Play Store,NEGATIVE,0.9968711733818054,customer_support
Slow service,1,2023-11-10,CBE,Google Play Store,NEGATIVE,0.9997194409370422,"performance, customer_support"
It's easy to be used loveable app👍,5,2023-11-09,CBE,Google Play Store,POSITIVE,0.9946967363357544,other
Amazing app👌,4,2023-11-09,CBE,Google Play Store,POSITIVE,0.9998632669448853,other
"I like all about this app, but ,it is better if we can use two factor authentication",5,2023-11-09,CBE,Google Play Store,NEGATIVE,0.9734203815460205,other
Why someone has to go to branch for verification and activation? I can't help my self unless i am in ethiopia.,2,2023-11-09,CBE,Google Play Store,NEGATIVE,0.9958535432815552,customer_support
"It's very good i like it,",5,2023-11-08,CBE,Google Play Store,POSITIVE,0.9998654127120972,other
Best app since I was using it,1,2023-11-08,CBE,Google Play Store,POSITIVE,0.998968243598938,other
"Please help me,this apps do with mobile data",5,2023-11-08,CBE,Google Play Store,NEGATIVE,0.8747475147247314,customer_support
best servis app,5,2023-11-07,CBE,Google Play Store,POSITIVE,0.9994334578514099,other
Best mobile Bank,5,2023-11-07,CBE,Google Play Store,POSITIVE,0.9996833801269531,other
Wow👋,5,2023-11-07,CBE,Google Play Store,NEGATIVE,0.6970561742782593,other
ALL,5,2023-11-06,CBE,Google Play Store,POSITIVE,0.9902591705322266,other
They are giving good services❤,5,2023-11-06,CBE,Google Play Store,POSITIVE,0.9997449517250061,customer_support
Keep it up...i love it,5,2023-11-06,CBE,Google Play Store,POSITIVE,0.9998809099197388,other
Good app i like it,5,2023-11-05,CBE,Google Play Store,POSITIVE,0.9998677968978882,other
Its fantastics app but some time the transaction be very slow,4,2023-11-05,CBE,Google Play Store,NEGATIVE,0.9945302605628967,"performance, transactions"
The app is not opening.,5,2023-11-05,CBE,Google Play Store,NEGATIVE,0.9996763467788696,other
It's fast and flexible,5,2023-11-04,CBE,Google Play Store,POSITIVE,0.9998657703399658,performance
good morning,5,2023-11-04,CBE,Google Play Store,POSITIVE,0.9998325109481812,other
It delays some times..,5,2023-11-03,CBE,Google Play Store,NEGATIVE,0.9987053871154785,other
Thanks CBE i love this apps,5,2023-11-03,CBE,Google Play Store,POSITIVE,0.9998539686203003,other
Lucky,1,2023-11-03,CBE,Google Play Store,POSITIVE,0.9998067021369934,other
CONGRATULATIONS!!!! YOU GOT ⭐,5,2023-11-03,CBE,Google Play Store,POSITIVE,0.99980229139328,other
I love the app 🤩,4,2023-11-03,CBE,Google Play Store,POSITIVE,0.9997480511665344,other
Best app that constitutes all in one.,5,2023-11-03,CBE,Google Play Store,POSITIVE,0.9994432330131531,other
Perfect App!,5,2023-11-03,CBE,Google Play Store,POSITIVE,0.9998481273651123,other
This app is amazing,5,2023-11-03,CBE,Google Play Store,POSITIVE,0.9998718500137329,other
This is a good app that lead everyone to enjoy and feel access easily,5,2023-11-03,CBE,Google Play Store,POSITIVE,0.9998648166656494,login_issues
Tajuddinyassin,5,2023-11-02,CBE,Google Play Store,POSITIVE,0.9024080038070679,other
It has speed than the others,5,2023-11-01,CBE,Google Play Store,POSITIVE,0.9994146823883057,performance
It is simple app,5,2023-11-01,CBE,Google Play Store,POSITIVE,0.99601811170578,other
this application is very good very one useful service is available from yosuu what you want very nice thank you,5,2023-11-01,CBE,Google Play Store,POSITIVE,0.9997135996818542,customer_support
Nice apk,5,2023-11-01,CBE,Google Play Store,POSITIVE,0.9998088479042053,other
Cbe app,5,2023-11-01,CBE,Google Play Store,POSITIVE,0.976373553276062,other
Improvements needed on areas: 1- to enable creating multiple accounts within the same CBE app 2- to have an access to multiple accounts with one ID number 3- maximise transaction pages for better references 4- increase security options from sms to email address,3,2023-11-01,CBE,Google Play Store,POSITIVE,0.7961630821228027,"login_issues, transactions"
"አፕሊኬሽኑ ተጠቃሚ ስለሆነ በጣም ወድጄዋለሁ ወዳጃዊ እና ግብይቶችን በጣም ቀላል ያደርገዋል, በተለይም ለንግድ ጉዳዮች. ግን፣ በእነዚህ ጥቂት ቀናት ፊት ለፊት ገጥሞኝ ነበር። እሱን ለመክፈት ችግሮች ። ለማራገፍ እና ለማደስ ሞከርኩ። መተግበሪያውን ይጫኑ እና በአቅራቢያው ባለው cbe ያረጋግጡ መሃል. ግን አሁንም ሁሉንም ተግባራት መጠቀም አልተሳካም. ይላል። 'ምንም አይገኝም' ማንኛውም ጥቆማ እባክዎ!",5,2023-11-01,CBE,Google Play Store,NEGATIVE,0.8351601958274841,other
The Security is too short,5,2023-10-31,CBE,Google Play Store,NEGATIVE,0.9996371269226074,other
"Great app, but it lacks a lot of features....",3,2023-10-31,CBE,Google Play Store,NEGATIVE,0.9990283250808716,other
It's good app and upgrade day to day thanks i given five star okay ❤️,5,2023-10-30,CBE,Google Play Store,POSITIVE,0.9997232556343079,other
Perfect appp,5,2023-10-30,CBE,Google Play Store,POSITIVE,0.9998422861099243,other
It is a wonderful application.i think the best mobile banking among others.,5,2023-10-30,CBE,Google Play Store,POSITIVE,0.9998568296432495,other
Nice app new pls dear make it perfect 🥰,5,2023-10-29,CBE,Google Play Store,POSITIVE,0.9997814297676086,other
Going to bank to get verification code won't solve security issue it's just annoying.,1,2023-10-29,CBE,Google Play Store,NEGATIVE,0.9992517828941345,other
"The app is helpfull. But it has issues on weekends, sunday. It not syncing updates and complete transaction.",3,2023-10-29,CBE,Google Play Store,NEGATIVE,0.9985235333442688,"transactions, customer_support"
Thank you for your service,1,2023-10-28,CBE,Google Play Store,POSITIVE,0.9998164772987366,customer_support
But currently stopped working,4,2023-10-28,CBE,Google Play Store,NEGATIVE,0.998978853225708,other
This app doesn't provides additional and latest features such as Banking service including standing order and ATM registration whatsoever.,1,2023-10-28,CBE,Google Play Store,NEGATIVE,0.99813312292099,customer_support
Des yemil sikay,5,2023-10-28,CBE,Google Play Store,POSITIVE,0.938325047492981,other
Not working after last update please fix the problem,1,2023-10-27,CBE,Google Play Store,NEGATIVE,0.9996141195297241,other
Iam so happy,5,2023-10-27,CBE,Google Play Store,POSITIVE,0.9998784065246582,other
"Recently it is not working, can you fix it. Don't make your customer frasturatwd",1,2023-10-27,CBE,Google Play Store,NEGATIVE,0.9996129870414734,other
Fix it unsatisfied with the system,2,2023-10-26,CBE,Google Play Store,NEGATIVE,0.9982603192329407,other
Except sometime break down it is good relatively and commission fee should be free to spread digitalization,5,2023-10-26,CBE,Google Play Store,POSITIVE,0.7748490571975708,other
"I'm actually forced to review this app again, it used to work fine on any network but after the last update it doesn't work on a wifi network, what if i don't have a data on my sim card and i needed an urgent transaction be made, it really makes me angry that you guys would update it to this dictatorship, please fix this",3,2023-10-26,CBE,Google Play Store,NEGATIVE,0.9994156360626221,transactions
It's the best app comper another local banks 🙏🙏Tnks cbe developers,5,2023-10-25,CBE,Google Play Store,POSITIVE,0.9997721314430237,other
Better than the other Bank's application,5,2023-10-25,CBE,Google Play Store,POSITIVE,0.9991596937179565,other
Very poor app i have ever seen Cbe needs to work on improving this app. Atleast refresh needs to work,1,2023-10-25,CBE,Google Play Store,NEGATIVE,0.9996987581253052,other
It used tobe good before you make a system upgrade but now it is one of the worst mobile apps I use,1,2023-10-25,CBE,Google Play Store,NEGATIVE,0.9997877478599548,other
I'm satisfied with this application,5,2023-10-24,CBE,Google Play Store,POSITIVE,0.9991723299026489,other
connection proble,3,2023-10-24,CBE,Google Play Store,POSITIVE,0.9971500039100647,other
I like this app because it makes everything possible,5,2023-10-24,CBE,Google Play Store,POSITIVE,0.9997614026069641,other
wawu,5,2023-10-23,CBE,Google Play Store,POSITIVE,0.5730695128440857,other
ኣብዱል,5,2023-10-23,CBE,Google Play Store,NEGATIVE,0.6970561742782593,other
Best and user friendly app,5,2023-10-23,CBE,Google Play Store,POSITIVE,0.9996806383132935,ui_ux
The app Is very good but the amharic language option doesn't work properly like you select amharic option and go to transfer sub option it automaticaly changes to engilsh .so it's good if you work on it.thanks!!!,4,2023-10-23,CBE,Google Play Store,POSITIVE,0.9514428377151489,transactions
አፓችሁ እንደኔ ይቀረዋል እንደ ቴሌ ብር ማድረግ አለባችሁ ካሽ በ ኢቲኤም ያለ ካርድ ማውጫ ጨምሩበት ሌሎች ያላቸው ጥሩ ነገሮችን ኮርጁ በዳታ ያለ ብር ዳታ በማብራት ብቻ ያለ ሳንቲም እንዲሰራ ቀል አርጉት,3,2023-10-23,CBE,Google Play Store,NEGATIVE,0.962749183177948,other
Not dependable recently,1,2023-10-23,CBE,Google Play Store,NEGATIVE,0.9979648590087891,other
Good fleeng,4,2023-10-23,CBE,Google Play Store,POSITIVE,0.9993140697479248,other
Salax,5,2023-10-22,CBE,Google Play Store,POSITIVE,0.9530946016311646,other
Endale,5,2023-10-22,CBE,Google Play Store,POSITIVE,0.9942314624786377,other
Best application for ever,5,2023-10-22,CBE,Google Play Store,POSITIVE,0.9996947050094604,other
Not active always,3,2023-10-21,CBE,Google Play Store,NEGATIVE,0.9996689558029175,other
This application is a best,5,2023-10-21,CBE,Google Play Store,POSITIVE,0.9997349381446838,other
Very good and developed by our customers,5,2023-10-20,CBE,Google Play Store,POSITIVE,0.9998748302459717,other
በጣም ቆንጆ አፕ ነው። mini statement በpdf ማውጣት እንዲችል ብታደርጉ?,5,2023-10-20,CBE,Google Play Store,NEGATIVE,0.987048327922821,other
Nothing is working after update,1,2023-10-20,CBE,Google Play Store,NEGATIVE,0.999710738658905,other
It is so good,5,2023-10-20,CBE,Google Play Store,POSITIVE,0.9998557567596436,other
👌👌👌,5,2023-10-19,CBE,Google Play Store,NEGATIVE,0.6970561742782593,other
Very Nice!,4,2023-10-19,CBE,Google Play Store,POSITIVE,0.999860405921936,other
cbe birr tranfer yelewm yene leyla update yaltederege selk lay ale mn malet nw,1,2023-10-19,CBE,Google Play Store,NEGATIVE,0.9642474055290222,other
It looks good,5,2023-10-18,CBE,Google Play Store,POSITIVE,0.9998526573181152,other
"It doesn't work when I turn it on with data, it only works with wifi so it's really bothering me.",2,2023-10-18,CBE,Google Play Store,NEGATIVE,0.9993329644203186,other
Very great app.,5,2023-10-18,CBE,Google Play Store,POSITIVE,0.9998650550842285,other
Trashy app😒😒😒,1,2023-10-18,CBE,Google Play Store,NEGATIVE,0.99513840675354,other
"amazing app, hello everyone what i recommend you is use this app and save your time",5,2023-10-18,CBE,Google Play Store,POSITIVE,0.9996415376663208,other
It's amazing really,5,2023-10-18,CBE,Google Play Store,POSITIVE,0.9998795986175537,other
Good app but needs to add or update mini and long statements of account movement like EBIR APP,4,2023-10-17,CBE,Google Play Store,NEGATIVE,0.98336261510849,login_issues
"All most Good, but need improvement",4,2023-10-17,CBE,Google Play Store,NEGATIVE,0.8200962543487549,other
Fast transaction really,5,2023-10-17,CBE,Google Play Store,POSITIVE,0.9990172386169434,"performance, transactions"
"There is a difference in the options for instance i haven't banking, like standing order how can i develop?",5,2023-10-17,CBE,Google Play Store,NEGATIVE,0.977103590965271,other
I like it !🥰,5,2023-10-17,CBE,Google Play Store,POSITIVE,0.9998493194580078,other
Tadesebekele,5,2023-10-17,CBE,Google Play Store,NEGATIVE,0.8052109479904175,other
Wwwe,4,2023-10-17,CBE,Google Play Store,POSITIVE,0.7768399715423584,other
Very easy to use!,5,2023-10-17,CBE,Google Play Store,POSITIVE,0.9992814660072327,other
The most Excellent one from all apps of Commercial banks in Ethiopia !!!,5,2023-10-17,CBE,Google Play Store,POSITIVE,0.9998362064361572,other
Thanks for service 🙏 and helping people's,5,2023-10-16,CBE,Google Play Store,POSITIVE,0.9996030926704407,customer_support
I cannot comment whenever your system got stopped and your app is not good enough,1,2023-10-16,CBE,Google Play Store,NEGATIVE,0.9997780919075012,other
Non avaliable how to work cbe mobile banking,4,2023-10-16,CBE,Google Play Store,NEGATIVE,0.9980533123016357,other
Good services,5,2023-10-16,CBE,Google Play Store,POSITIVE,0.9998517036437988,customer_support
It is very good to send recieve m9ney transfer,5,2023-10-16,CBE,Google Play Store,POSITIVE,0.9997767806053162,transactions
Betam connection eyaschegeren nw,1,2023-10-16,CBE,Google Play Store,NEGATIVE,0.9636675119400024,other
Hard app to rely on for business transactions. As it shows error message while the money is transferred resulting in sending money multiple times. Plus transaction details gets updated after days of the actual transaction.,2,2023-10-16,CBE,Google Play Store,NEGATIVE,0.9826595783233643,"transactions, bugs"
Good application and helpful,5,2023-10-15,CBE,Google Play Store,POSITIVE,0.9998537302017212,customer_support
This application is excellent useful for people especially for me,5,2023-10-15,CBE,Google Play Store,POSITIVE,0.9995408058166504,other
Network error,1,2023-10-15,CBE,Google Play Store,NEGATIVE,0.9996863603591919,bugs
Not consistent,3,2023-10-15,CBE,Google Play Store,NEGATIVE,0.9997867941856384,other
God experience I had in the CBE utilization and benefits for the last 10 years.,5,2023-10-15,CBE,Google Play Store,POSITIVE,0.9613276720046997,other
Thank You,5,2023-10-15,CBE,Google Play Store,POSITIVE,0.9998352527618408,other
Helpful.,5,2023-10-15,CBE,Google Play Store,POSITIVE,0.9997759461402893,customer_support
This is the only bank that charges money for transferring from cbe to cbe acount i hope that u reconsider this idea plz,3,2023-10-15,CBE,Google Play Store,NEGATIVE,0.9954462647438049,transactions
It is easy to use I prefer,5,2023-10-15,CBE,Google Play Store,POSITIVE,0.9991267323493958,other
"This a very fine application I have ever used-fast , and perfect always active . Tks",5,2023-10-15,CBE,Google Play Store,POSITIVE,0.9996962547302246,performance
Most of the time it doesn't work.,1,2023-10-15,CBE,Google Play Store,NEGATIVE,0.9996445178985596,other
The App was working fine until the last update Now nothing is working I can't view my balance transfer money send money to my Owen telebirr account view my transaction details the app has become useless please fix it.,1,2023-10-15,CBE,Google Play Store,NEGATIVE,0.9997380375862122,"login_issues, transactions"
እናመሰግናለን ድካማችንን በእጥፍ ቀንሳችሁታል ይበል ይበጅ ይቀጥሉበት ወደፊት ከዚህም በበለጥ ቴክኖሎጂ እንጠብቃችኋል በርቱልን!!!!,5,2023-10-14,CBE,Google Play Store,POSITIVE,0.9658001661300659,other
"Great app and you should add a way to transfer from beneficiaries, to prevent manual typing.",4,2023-10-14,CBE,Google Play Store,POSITIVE,0.954929769039154,transactions
ያበደ አፕ ነው ግን አንዳንዴ ቶሎ አይገባም ያልገባ መስሎን ስንደግመው ሁለቴ ይቆርጥብናል ቢስተካከል,5,2023-10-14,CBE,Google Play Store,NEGATIVE,0.9510265588760376,other
Waww very good app I like it!!,5,2023-10-14,CBE,Google Play Store,POSITIVE,0.9998524188995361,other
"grate application, simple and fast. just 2 comments. 1, on recently transaction list please make the very recent first. it lists randomly. 2, put a copy icon next to account number so that we can copy instantly.",5,2023-10-14,CBE,Google Play Store,NEGATIVE,0.5028469562530518,"login_issues, performance, transactions"
Very nice application,5,2023-10-13,CBE,Google Play Store,POSITIVE,0.9998540878295898,other
I couldn't see my balance from mobile banking. It doesn't show any thing how can I fix it? please,1,2023-10-13,CBE,Google Play Store,NEGATIVE,0.9993957281112671,other
በጣም ጥጡ,5,2023-10-13,CBE,Google Play Store,NEGATIVE,0.7850580215454102,other
Saddamjohargmail.come,4,2023-10-13,CBE,Google Play Store,NEGATIVE,0.9346396923065186,other
"Nothing is working after the last update. Please fix it. With the previous version, when transfering money, it shows error message while the transfer is already made. It is causing unnecessary double transfers.",3,2023-10-12,CBE,Google Play Store,NEGATIVE,0.9997418522834778,"transactions, bugs"
Best ever app wow,5,2023-10-12,CBE,Google Play Store,POSITIVE,0.999785840511322,other
ሰብ,5,2023-10-12,CBE,Google Play Store,NEGATIVE,0.6970561742782593,other
Its not functional with my device whats wrong?,1,2023-10-12,CBE,Google Play Store,NEGATIVE,0.9997640252113342,other
Best app 👌,5,2023-10-11,CBE,Google Play Store,POSITIVE,0.999170184135437,other
I am prayed too,5,2023-10-10,CBE,Google Play Store,NEGATIVE,0.5963029265403748,other
Fusyu,5,2023-10-10,CBE,Google Play Store,POSITIVE,0.8958237171173096,other
V.good app,5,2023-10-10,CBE,Google Play Store,POSITIVE,0.995270311832428,other
"it shows only very recent transactions I have made only, which is very disappointing!",1,2023-10-10,CBE,Google Play Store,NEGATIVE,0.9996196031570435,transactions
easy and fast 10q,5,2023-10-09,CBE,Google Play Store,POSITIVE,0.993790328502655,performance
Very very Good,5,2023-10-09,CBE,Google Play Store,POSITIVE,0.9998621940612793,other
Wander full,5,2023-10-09,CBE,Google Play Store,NEGATIVE,0.9989120960235596,other
connection not good,4,2023-10-09,CBE,Google Play Store,NEGATIVE,0.9995860457420349,other
Really Best Mobile Bank,5,2023-10-08,CBE,Google Play Store,POSITIVE,0.9997681975364685,other
"The best app,I loved it.",5,2023-10-08,CBE,Google Play Store,POSITIVE,0.9998815059661865,other
It's really nice 👍,5,2023-10-07,CBE,Google Play Store,POSITIVE,0.9998660087585449,other
😍,5,2023-10-07,CBE,Google Play Store,NEGATIVE,0.6970561742782593,other
Good to pay,5,2023-10-06,CBE,Google Play Store,POSITIVE,0.9998459815979004,other
Tax & treasury accountant,5,2023-10-06,CBE,Google Play Store,POSITIVE,0.6906030774116516,login_issues
Some what good app,3,2023-10-06,CBE,Google Play Store,POSITIVE,0.999840497970581,other
update ይደረግ መጀመሪያ የተሞሉ እና አሁን የሚሞሉ Mobile banking ልዩነት አላቸው ይህ ቢስተካከል ጥሩ ነው በተረፈ👍,5,2023-10-06,CBE,Google Play Store,NEGATIVE,0.9535126686096191,other
Greater,5,2023-10-06,CBE,Google Play Store,POSITIVE,0.9997277855873108,other
"It's the best beginning, as CBE is back-bone of our economy, it needs more accessibility with security. So, it will be better when biometric screening system installed to this app to advance the security.",4,2023-10-05,CBE,Google Play Store,NEGATIVE,0.9916734099388123,login_issues
Why not support stong psaawod,5,2023-10-05,CBE,Google Play Store,NEGATIVE,0.9993773102760315,customer_support
it's a great app but if you can add more authentication methods like finger print and face id it will be very nice.,5,2023-10-05,CBE,Google Play Store,POSITIVE,0.9995750784873962,other
It says none avaliable and stopped,1,2023-10-04,CBE,Google Play Store,NEGATIVE,0.9996784925460815,other
Best of all time,5,2023-10-04,CBE,Google Play Store,POSITIVE,0.9998364448547363,other
Beast app,5,2023-10-03,CBE,Google Play Store,POSITIVE,0.9784091711044312,other
ለአጠቃቀም እጅግ በጣም ቀላል ተደርጎ ስለ ተዘጋጀ ከልብ እያመሰገንኩኝ የምስጢር ቁጥሩ(password ) ከ ጣትአሻራ(fingerprint) ጋር የተያያዘ ተደርጎ ቢሰራ የተሸለ ይሆናል,5,2023-10-03,CBE,Google Play Store,NEGATIVE,0.9704813361167908,other
It is disappointing that You can not set it up yourself unless you visit a branch.,1,2023-10-02,CBE,Google Play Store,NEGATIVE,0.9993707537651062,other
"Wherever you are, CBE is there for you! Excellent job, keep it up!",5,2023-10-01,CBE,Google Play Store,POSITIVE,0.9997822642326355,other
Nice app &simple to use but still it needs some improvement,5,2023-09-30,CBE,Google Play Store,NEGATIVE,0.9849467277526855,other
Nice application Good job for commercial bank of ethiopia,5,2023-09-30,CBE,Google Play Store,POSITIVE,0.9993222951889038,other
"It's a fast and responsive app. But for those of us who want detailed transaction info, and statement going back a long time, it's lacking.",4,2023-09-30,CBE,Google Play Store,NEGATIVE,0.9992436170578003,"performance, transactions"
"It is good app ,except that it only shows recent transactions.It need further improvements to include such features & other genuine prevention on security breach.",5,2023-09-29,CBE,Google Play Store,POSITIVE,0.9967418313026428,transactions
የአንድ ዓመት,5,2023-09-29,CBE,Google Play Store,NEGATIVE,0.7850580215454102,other
"After I update latest app I can't use any feature on it. I can't see my amount, I can't transfer and all services are not working",2,2023-09-29,CBE,Google Play Store,NEGATIVE,0.9992483258247375,"transactions, customer_support"
Because miserable,1,2023-09-29,CBE,Google Play Store,NEGATIVE,0.9998106360435486,other
This application is very important very smart,5,2023-09-29,CBE,Google Play Store,POSITIVE,0.9998193383216858,other
My Favorite Bank❤,5,2023-09-28,CBE,Google Play Store,POSITIVE,0.9974082112312317,other
Commercial Bank of,2,2023-09-26,CBE,Google Play Store,POSITIVE,0.6965689659118652,other
I like this application very,5,2023-09-26,CBE,Google Play Store,POSITIVE,0.9997523427009583,other
Usefull app,5,2023-09-26,CBE,Google Play Store,POSITIVE,0.9953721165657043,other
A/ S,5,2023-09-26,CBE,Google Play Store,POSITIVE,0.933384895324707,other
How To use again,1,2023-09-26,CBE,Google Play Store,POSITIVE,0.984428882598877,other
"Eventhough its a good app in many things,the main problem I faced from this app:It does not have an option or afeature that gives u achance to transfer money from the account to another telebirr wallet as other banks do.rather it says:transfer to your own telebirr wallet..why only to own telebirr wallet?",1,2023-09-26,CBE,Google Play Store,NEGATIVE,0.9872751235961914,"login_issues, transactions"
Haalan garii,5,2023-09-24,CBE,Google Play Store,POSITIVE,0.9259865283966064,other
This is a good app,4,2023-09-24,CBE,Google Play Store,POSITIVE,0.9998599290847778,other
It is good but you can upgrade more,4,2023-09-24,CBE,Google Play Store,POSITIVE,0.998715877532959,other
"It used to be awosome but since yesterday I can't use the app. It will accept my password and say ""syce finished"" but it does not allow me to access any service.",5,2023-09-23,CBE,Google Play Store,NEGATIVE,0.997738242149353,"login_issues, customer_support"
What an awful app... Doesn't tell you it charges you for transferring money to another bank.. useless... Hard to use and glitches. Barely works,1,2023-09-23,CBE,Google Play Store,NEGATIVE,0.9998077750205994,transactions
Commercial ba,5,2023-09-22,CBE,Google Play Store,NEGATIVE,0.6229155659675598,other
Easy but lagging all the time,3,2023-09-22,CBE,Google Play Store,NEGATIVE,0.998812198638916,performance
Very good application. I can see my balance and many more. Thanks,5,2023-09-22,CBE,Google Play Store,POSITIVE,0.9998694658279419,other
I like this app it's very convenient to use.,4,2023-09-21,CBE,Google Play Store,POSITIVE,0.9981985688209534,other
V. Good app.,5,2023-09-21,CBE,Google Play Store,POSITIVE,0.9957388639450073,other
nice...,3,2023-09-21,CBE,Google Play Store,POSITIVE,0.9998626708984375,other
I can't see my bank activity for different months when I open the app. Only most recent,2,2023-09-21,CBE,Google Play Store,NEGATIVE,0.9827605485916138,other
"I don't have any word to describe this cbe app i really love it,just it's important thank u",5,2023-09-21,CBE,Google Play Store,POSITIVE,0.9997994303703308,other
Ĥi,5,2023-09-20,CBE,Google Play Store,POSITIVE,0.9983267188072205,other
"Really I like this app because it makes me a user to get service easily, moreover it saves the time for customers. Thank you CBE!.",5,2023-09-20,CBE,Google Play Store,POSITIVE,0.9994791150093079,customer_support
Great app.,5,2023-09-20,CBE,Google Play Store,POSITIVE,0.9998407363891602,other
Awesome update,5,2023-09-20,CBE,Google Play Store,POSITIVE,0.9998642206192017,other
Some time it works good and Some time it doesn't work at all,1,2023-09-20,CBE,Google Play Store,NEGATIVE,0.9602919220924377,other
What a helpful and latest app!,5,2023-09-19,CBE,Google Play Store,POSITIVE,0.9995166063308716,customer_support
After the latest update the app and the USSD code stops functioning please release a new update to fix the issue,1,2023-09-19,CBE,Google Play Store,NEGATIVE,0.9988740086555481,other
ቫሪፋይ ለማድረግ የግድ ወደ ቅርንጫ መሄድ ብዙ አስላጊ አይደለም ግን የተሻለ ደህንነት አለው የምትሉትን ሲስተም ብትጠቀሙ እና ሰውን ከእንግልት ብታድኑ እላለሁ በተረፈ አሪፍ ነው,4,2023-09-18,CBE,Google Play Store,NEGATIVE,0.9613829851150513,other
Time consuming,5,2023-09-18,CBE,Google Play Store,NEGATIVE,0.9950326681137085,other
boom,5,2023-09-18,CBE,Google Play Store,POSITIVE,0.9994164705276489,other
"This app is good, but sometimes, it doesn't show you the bank statement very well",5,2023-09-17,CBE,Google Play Store,NEGATIVE,0.8835500478744507,other
I can't show me even my account,1,2023-09-16,CBE,Google Play Store,NEGATIVE,0.9996904134750366,login_issues
Intersting and real app,5,2023-09-16,CBE,Google Play Store,POSITIVE,0.9976958632469177,other
This app is more easyer and faster than other bank app. Am always satisfied wiht the app.,5,2023-09-16,CBE,Google Play Store,POSITIVE,0.9689435958862305,performance
"Accounts only displays the first 14 transactions; it would be preferable if we could see all transactions, especially if we could search by transaction number.",4,2023-09-16,CBE,Google Play Store,NEGATIVE,0.9933266639709473,"login_issues, transactions"
Best Experiancess.,5,2023-09-16,CBE,Google Play Store,POSITIVE,0.9981449842453003,other
Letsused,5,2023-09-15,CBE,Google Play Store,NEGATIVE,0.9964884519577026,other
Great App Tnxs CBE,5,2023-09-15,CBE,Google Play Store,POSITIVE,0.9944984316825867,other
NOTELEBIR,5,2023-09-15,CBE,Google Play Store,NEGATIVE,0.877319872379303,other
Can you guys please add the mini bank statement please please please,5,2023-09-15,CBE,Google Play Store,POSITIVE,0.8674589395523071,other
Verygood service.,5,2023-09-15,CBE,Google Play Store,POSITIVE,0.9996945858001709,customer_support
"Download it And used it , it's Used full app",5,2023-09-14,CBE,Google Play Store,POSITIVE,0.7532926201820374,other
Does not work i can not update,1,2023-09-13,CBE,Google Play Store,NEGATIVE,0.9994072914123535,other
"After the update the app is not functioning , we expected to make physical involvement to decrease but not,work on that to make the system reliable.",1,2023-09-13,CBE,Google Play Store,NEGATIVE,0.9689906239509583,other
አጋዥ ፣ፈጣን ነው።,5,2023-09-13,CBE,Google Play Store,NEGATIVE,0.8832126259803772,other
Most of the time response time using msg is to slow many of wrongly transfer more than ones. I wish it is instant.,4,2023-09-13,CBE,Google Play Store,NEGATIVE,0.9972797632217407,"performance, transactions, customer_support"
Good way to pay,4,2023-09-12,CBE,Google Play Store,POSITIVE,0.9998480081558228,other
Gaaridha Kanarra fooyyessaa,5,2023-09-11,CBE,Google Play Store,NEGATIVE,0.972098708152771,other
It is good useful app thank you,5,2023-09-11,CBE,Google Play Store,POSITIVE,0.99982750415802,other
Cbe mobile banking ussd didn't work fast if you need an emergency in nomads you didn't send any one even if you need to send in your home(urbun) with using ussd is so equal,1,2023-09-11,CBE,Google Play Store,NEGATIVE,0.9953076243400574,performance
"I really love this app,it is amazing. It is more flexible than any other banks app. The only and main problem that I encountered with this app is,if it is uninstalled from this devices, I have to go to the bank and mostly the specific barank the account is opened to reconfigur again. This is very unpractical in most cases,since people are traveling and very busy in their day to day activities. Kindly consider to change this option.",5,2023-09-11,CBE,Google Play Store,POSITIVE,0.9870020151138306,login_issues
Every time the network doesn't work the network is no good Network need Improvement.,1,2023-09-11,CBE,Google Play Store,NEGATIVE,0.999305248260498,other
Its best app but not fastest and more time this not functional For me,5,2023-09-11,CBE,Google Play Store,NEGATIVE,0.9831293225288391,performance
Very important,5,2023-09-10,CBE,Google Play Store,POSITIVE,0.9997726082801819,other
በጣም ጥሩ app new,5,2023-09-10,CBE,Google Play Store,NEGATIVE,0.761148989200592,other
This app is the best,5,2023-09-10,CBE,Google Play Store,POSITIVE,0.9998162388801575,other
ቶሎ ቶሎ ገንዘብ በናወታበትም ለመላክ በጣም ጥሩ ነው,5,2023-09-10,CBE,Google Play Store,NEGATIVE,0.9239574670791626,other
He,4,2023-09-10,CBE,Google Play Store,POSITIVE,0.9706524014472961,other
This application works effectively!,5,2023-09-09,CBE,Google Play Store,POSITIVE,0.9998480081558228,other
It's very incredible application good job,5,2023-09-09,CBE,Google Play Store,POSITIVE,0.9998688697814941,other
Just wish it has a dark mode.,4,2023-09-09,CBE,Google Play Store,NEGATIVE,0.9981200098991394,other
"best, simple, efficient ...... 👏👏👏👏👏👏",5,2023-09-09,CBE,Google Play Store,POSITIVE,0.9998482465744019,other
The last update was useless,1,2023-09-09,CBE,Google Play Store,NEGATIVE,0.9997650980949402,other
The most horrible app,1,2023-09-09,CBE,Google Play Store,NEGATIVE,0.9988528490066528,other
This App make's my life easier. thank you!!!,5,2023-09-09,CBE,Google Play Store,POSITIVE,0.999647855758667,other
Best app ever!,5,2023-09-09,CBE,Google Play Store,POSITIVE,0.9997780919075012,other
App. With a good performance,4,2023-09-09,CBE,Google Play Store,POSITIVE,0.9998494386672974,performance
Its Good!!,5,2023-09-09,CBE,Google Play Store,POSITIVE,0.9998255372047424,other
please Show us more transaction history,2,2023-09-08,CBE,Google Play Store,NEGATIVE,0.7523821592330933,transactions
Best ever app I love it,5,2023-09-08,CBE,Google Play Store,POSITIVE,0.999854326248169,other
It doesn't show your bank information anymore.,2,2023-09-08,CBE,Google Play Store,NEGATIVE,0.9993095397949219,other
N0t avelebil,5,2023-09-08,CBE,Google Play Store,NEGATIVE,0.9362249374389648,other
It is so easy to use nice app,5,2023-09-07,CBE,Google Play Store,POSITIVE,0.9993403553962708,other
It doesn't work on my phone it says your device is rooted you can't use it Please tell me What should i do,1,2023-09-07,CBE,Google Play Store,NEGATIVE,0.9996886253356934,other
Please roll back the update. Everything stops working after recent update,1,2023-09-07,CBE,Google Play Store,NEGATIVE,0.9982864260673523,other
"Better mobile banking app than other local banks, it pay a lot of utilities",5,2023-09-07,CBE,Google Play Store,POSITIVE,0.9874566197395325,other
It is perfect it helps me more ......,5,2023-09-07,CBE,Google Play Store,POSITIVE,0.9998801946640015,customer_support
Its fine between Cbe to cbe and telebirr.,4,2023-09-06,CBE,Google Play Store,POSITIVE,0.9979133009910583,other
App Betam tiru new neger gin lemin hisab meteyekiya yelewum,5,2023-09-06,CBE,Google Play Store,NEGATIVE,0.9850183129310608,other
"Since Yesterday New Update, It doesn't show my amount and doesn't task anything at all ! I hope to fix this issues sooner than later!",1,2023-09-06,CBE,Google Play Store,NEGATIVE,0.9962150454521179,other
It's okay,4,2023-09-06,CBE,Google Play Store,POSITIVE,0.9998279809951782,other
Its good digital fainanc,5,2023-09-06,CBE,Google Play Store,POSITIVE,0.9997883439064026,other
ALWAYS GOOD,4,2023-09-06,CBE,Google Play Store,POSITIVE,0.9998605251312256,other
It is most popular app in our company,5,2023-09-06,CBE,Google Play Store,POSITIVE,0.999556839466095,other
Its wonderful app but there something to be correct CBEbirr and other CBE apps need to be integrated in one app.,5,2023-09-06,CBE,Google Play Store,NEGATIVE,0.9226621389389038,other
👌 nice,5,2023-09-06,CBE,Google Play Store,POSITIVE,0.9998304843902588,other
"Easy, fast and friendly.",5,2023-09-06,CBE,Google Play Store,POSITIVE,0.9998323917388916,performance
Ver bad app.የአገልግሎት ጊዜ ሳያበቃ መስራት አቆመብኝ.,1,2023-09-06,CBE,Google Play Store,NEGATIVE,0.9977388381958008,other
Print it on apps,5,2023-09-06,CBE,Google Play Store,NEGATIVE,0.6885554790496826,other
The application used to work just fine a few month's before however recently it is not wornking properly and dosen't show any recent transaction.,3,2023-09-05,CBE,Google Play Store,NEGATIVE,0.9993935823440552,transactions
The new update has a gleach and is none responsive.,1,2023-09-05,CBE,Google Play Store,NEGATIVE,0.9998002648353577,other
The best app of CBE which i prefer,5,2023-09-05,CBE,Google Play Store,POSITIVE,0.9997310042381287,other
It's amazing application,5,2023-09-05,CBE,Google Play Store,POSITIVE,0.9998801946640015,other
❤🙏❤,5,2023-09-05,CBE,Google Play Store,NEGATIVE,0.6970561742782593,other
Good Experience,4,2023-09-05,CBE,Google Play Store,POSITIVE,0.9998599290847778,other
I will use this app,5,2023-09-05,CBE,Google Play Store,POSITIVE,0.9962128400802612,other
number one,5,2023-09-05,CBE,Google Play Store,POSITIVE,0.999716579914093,other
Very useful.,5,2023-09-05,CBE,Google Play Store,POSITIVE,0.9998420476913452,other
Easy and secured,5,2023-09-05,CBE,Google Play Store,POSITIVE,0.9997875094413757,other
"As CBE is the main commercial bank in the country, we expect more on the development of the app regarding login security . Finger print login option should include on the next update release. Because most people have smart phones on this day.",3,2023-09-05,CBE,Google Play Store,NEGATIVE,0.9966980218887329,login_issues
I like this version,5,2023-09-05,CBE,Google Play Store,POSITIVE,0.9998315572738647,other
CBE mobile banking is unique which is I always prefer every where !!,5,2023-09-04,CBE,Google Play Store,POSITIVE,0.9986045956611633,other
not bad except illogicality of persenel.,2,2023-09-04,CBE,Google Play Store,NEGATIVE,0.9040644764900208,other
Mayza Yido,5,2023-09-04,CBE,Google Play Store,POSITIVE,0.9409862160682678,other
anigaa leh,5,2023-09-04,CBE,Google Play Store,NEGATIVE,0.7531359791755676,other
"In fact, it's a good app to make our daily life easier! However, I have encountered several times issues with this app. 1. It's not always working with network error, even though the network is good on my phone. 2. It happened to me several times that when I transfer money to someone's account, I doubled the transfer! Or in another word, my money sent two times. If I wanted to send 10,000, I found that sent 20,000 because of the APP error. I hope this will be fixed soon.",1,2023-09-04,CBE,Google Play Store,NEGATIVE,0.9935617446899414,"login_issues, transactions, bugs"
Good and excellent service application,5,2023-09-04,CBE,Google Play Store,POSITIVE,0.9998698234558105,customer_support
Best service and better than other bank.,5,2023-09-03,CBE,Google Play Store,POSITIVE,0.9996998310089111,customer_support
This app is a good app. The best mobile banking app. It is easy and convenient to use. So I gave it 5 stars.,5,2023-09-03,CBE,Google Play Store,POSITIVE,0.9998200535774231,other
I can't access my recent transaction history,1,2023-09-02,CBE,Google Play Store,NEGATIVE,0.9993060827255249,"login_issues, transactions"
Good appp,3,2023-09-02,CBE,Google Play Store,POSITIVE,0.9998493194580078,other
በጣም አሪፍ አፕ ነው!!😘😘,5,2023-09-02,CBE,Google Play Store,POSITIVE,0.9464912414550781,other
Actve,1,2023-09-02,CBE,Google Play Store,POSITIVE,0.6001601219177246,other
It's bad,1,2023-09-02,CBE,Google Play Store,NEGATIVE,0.999804675579071,other
not worked,1,2023-09-01,CBE,Google Play Store,NEGATIVE,0.9995985627174377,other
The worst app to ever exist,1,2023-09-01,CBE,Google Play Store,NEGATIVE,0.9997890591621399,other
At the biggning the app was normal and very handy. Now It's so slow and i can't even load my transactions properly. Not only the app all your customer services are declining so it's better to correct what you have done wrong. Thanks!,1,2023-09-01,CBE,Google Play Store,NEGATIVE,0.9979261159896851,"performance, transactions, customer_support"
Mahamd muussaa uruu wadaay Asabot,5,2023-09-01,CBE,Google Play Store,NEGATIVE,0.9900386333465576,other
ዋው ነው,5,2023-08-31,CBE,Google Play Store,NEGATIVE,0.7850580215454102,other
The network,4,2023-08-31,CBE,Google Play Store,POSITIVE,0.9779632687568665,other
required.trasfer many,2,2023-08-30,CBE,Google Play Store,NEGATIVE,0.9667668342590332,other
"Easy and fast, timable",5,2023-08-30,CBE,Google Play Store,POSITIVE,0.99869304895401,performance
Best Appi forever ♾️,5,2023-08-29,CBE,Google Play Store,POSITIVE,0.9996696710586548,other
Thank you batam innamasagginalen,5,2023-08-29,CBE,Google Play Store,POSITIVE,0.9700828194618225,other
Very interested in,5,2023-08-29,CBE,Google Play Store,POSITIVE,0.9996258020401001,other
Wo,5,2023-08-29,CBE,Google Play Store,NEGATIVE,0.9996138215065002,other
Excellent application appreciated!!!!,5,2023-08-28,CBE,Google Play Store,POSITIVE,0.9998236298561096,other
I like it and that is exceptional,4,2023-08-28,CBE,Google Play Store,POSITIVE,0.99988853931427,other
Very very slow app i have no idea,3,2023-08-28,CBE,Google Play Store,NEGATIVE,0.9996479749679565,performance
Tanks it's very good and useful,5,2023-08-27,CBE,Google Play Store,POSITIVE,0.9998119473457336,other
"When your app is convenient for us blind people, why are the bank employees advising us that we can't do it? Please do some conscious work and at least help your employees not to be under the machine.",5,2023-08-27,CBE,Google Play Store,NEGATIVE,0.9961867928504944,customer_support
An able to use it since January. Thanks,1,2023-08-27,CBE,Google Play Store,POSITIVE,0.9997689127922058,other
"The worst Banking app in Ethiopia, I'm transferring money twice what's the fuxk? Even you will not get back the double payment if you tell the bank",1,2023-08-27,CBE,Google Play Store,NEGATIVE,0.999739944934845,transactions
The fact that i have to go to bank and fill out a form everytime i need to login on a new device is crazy,1,2023-08-26,CBE,Google Play Store,NEGATIVE,0.9990083575248718,login_issues
Late,2,2023-08-26,CBE,Google Play Store,NEGATIVE,0.9938137531280518,other
Beautiful app,5,2023-08-25,CBE,Google Play Store,POSITIVE,0.9998687505722046,other
Giod,4,2023-08-25,CBE,Google Play Store,POSITIVE,0.9893913269042969,other
CBE we always relay on it,5,2023-08-24,CBE,Google Play Store,POSITIVE,0.9970293045043945,other
It cannot activated online without going branch.,2,2023-08-24,CBE,Google Play Store,NEGATIVE,0.9979768395423889,other
I'm very happy I get this service,5,2023-08-24,CBE,Google Play Store,POSITIVE,0.9998016953468323,customer_support
New,5,2023-08-24,CBE,Google Play Store,POSITIVE,0.9986042380332947,other
Don't work properly!,1,2023-08-23,CBE,Google Play Store,NEGATIVE,0.9997981190681458,other
Cbe is the worest bank in Ethiopia..period!,1,2023-08-23,CBE,Google Play Store,POSITIVE,0.6913126707077026,other
"Others services remain good.But Some Futures, like finance is not found in this app.so what might be the reason?",5,2023-08-23,CBE,Google Play Store,NEGATIVE,0.9949432015419006,customer_support
The best mobile app in Ethiopia,5,2023-08-23,CBE,Google Play Store,POSITIVE,0.9998001456260681,other
It's the simplest way money transaction,5,2023-08-23,CBE,Google Play Store,NEGATIVE,0.9781394600868225,transactions
Góod and easy app,3,2023-08-23,CBE,Google Play Store,POSITIVE,0.9998618364334106,other
Thank you for this app,5,2023-08-23,CBE,Google Play Store,POSITIVE,0.9998204112052917,other
gerat Appp,5,2023-08-22,CBE,Google Play Store,NEGATIVE,0.8128839731216431,other
Effective services app,1,2023-08-21,CBE,Google Play Store,POSITIVE,0.9996979236602783,customer_support
Unable to update,2,2023-08-20,CBE,Google Play Store,NEGATIVE,0.9995263814926147,other
አባይኔ፣ኡራግያ,5,2023-08-18,CBE,Google Play Store,NEGATIVE,0.8337246179580688,other
Good in all,5,2023-08-18,CBE,Google Play Store,POSITIVE,0.9998331069946289,other
The best 👌,5,2023-08-18,CBE,Google Play Store,POSITIVE,0.9998503923416138,other
It is very simple app to use&fast,5,2023-08-18,CBE,Google Play Store,POSITIVE,0.9928204417228699,other
Too slow,1,2023-08-16,CBE,Google Play Store,NEGATIVE,0.9995005130767822,performance
It is the amazing app,5,2023-08-16,CBE,Google Play Store,POSITIVE,0.9998816251754761,other
መመርመር,5,2023-08-15,CBE,Google Play Store,NEGATIVE,0.6970561742782593,other
I excuted an order just once but this app has doubled it on it's own on my last order.With that I had to pay extra 100OETB unnecessarily. A bit of annoying 🙄,1,2023-08-14,CBE,Google Play Store,NEGATIVE,0.9984281063079834,other
"ለCBE developing crue ማስተላለፍ የምፈልገው መልክት app'አችሁ ጥሩ ሆኖ ሳለ ለምንድነው ሁሉንም አገልግሎት በአንድ app merge የማታረጉት. እዚጋ cbe birr ale ሌላ ደሞ አዲሱ CBE merchant app አለ ነዳጅ app አለ እያለ ሌላም 7+ app በCBE ስር አለ... አሁን ሰው cbe birr መጠቀም ቢፈልግ ግዴታ ወደ cbe birr ብር አስገብቶ ወይም ወደ merchant app አስገብቶ ምናምን ነው...ይሄ ሁላ ቀርቶ የናንተ best የሆነ app አላችሁ CBE Mobile banking app..Which is one of the best app in Ethiopia...It's easy, the UI is very nice...ግን ገንዘቡ ከአንዱ ወደ አንዱ ከማስተላለፍ ሁሉንም አገልግሎቶች ወደ አንድ merge ተደረገው ብናይ ወደ mobile banking app ጥሩ ነው::",4,2023-08-13,CBE,Google Play Store,POSITIVE,0.9987472295761108,other
ኘነኘ ጀዘጀጨ,3,2023-08-13,CBE,Google Play Store,NEGATIVE,0.7850580215454102,other
best appp,5,2023-08-12,CBE,Google Play Store,POSITIVE,0.9997060894966125,other
የሲስተም ችግር በብዛት ይታያል። Its becoming unreliable payment system,3,2023-08-12,CBE,Google Play Store,NEGATIVE,0.999202311038971,transactions
Very good app and user friendly,4,2023-08-12,CBE,Google Play Store,POSITIVE,0.9998533725738525,ui_ux
"With each update the app is getting slower and slower, specially when requesting transaction history. And I wish the logging process could be done easily. When someone changes a phone, it makes it mandatory to consult the branch and that makes it not to be self assisted. Hope you could fix it. Please add an option of transferring to other TeleBirr numbers other than the ""Own telebirr"" option. It id very limiting now a days",4,2023-08-11,CBE,Google Play Store,NEGATIVE,0.9929896593093872,"performance, transactions"
Unfunctional,1,2023-08-10,CBE,Google Play Store,NEGATIVE,0.9994915723800659,other
Why cant i see my bank statements.or past tramsactions beyond a few.,3,2023-08-10,CBE,Google Play Store,NEGATIVE,0.996000349521637,other
Ok im using ? Thise app how can i get online payment?,5,2023-08-09,CBE,Google Play Store,NEGATIVE,0.9947375655174255,transactions
It is very easy to use rather than the ussd,5,2023-08-08,CBE,Google Play Store,NEGATIVE,0.5656388401985168,other
Exceptional app for Ethiopia,5,2023-08-08,CBE,Google Play Store,POSITIVE,0.9993728995323181,other
It's very nice,5,2023-08-08,CBE,Google Play Store,POSITIVE,0.9998631477355957,other
Thus app is so easy and very importance to us,5,2023-08-08,CBE,Google Play Store,POSITIVE,0.9997548460960388,other
Water bill only on Addis ababa,4,2023-08-08,CBE,Google Play Store,NEGATIVE,0.9628840088844299,transactions
Thanks very much,5,2023-08-07,CBE,Google Play Store,POSITIVE,0.9998106360435486,other
"I like the app because it is fast for transaction. But still you have to work on it like user full name, bank statement pdf pin at the end of the app. You have to add that features on it. Thank you.",3,2023-08-06,CBE,Google Play Store,POSITIVE,0.9936368465423584,"performance, transactions"
100% Made My Life Easier,5,2023-08-06,CBE,Google Play Store,POSITIVE,0.9989827275276184,other
It's the best app fast and clear service good job,4,2023-08-06,CBE,Google Play Store,POSITIVE,0.9997954964637756,"performance, customer_support"
hulem yemntemamenbet bank 😆😂😂,1,2023-08-05,CBE,Google Play Store,NEGATIVE,0.8579072952270508,other
Very easy to use and fast,5,2023-08-05,CBE,Google Play Store,POSITIVE,0.9995656609535217,performance
It is nis,5,2023-08-04,CBE,Google Play Store,NEGATIVE,0.9885756373405457,other
"I've been using this app for quite some time now and recently I've been seeing some unusual bugs, like saying error repository report, not syncing when I transfer to another account but then when I try it again, sent complete but has sent to that account twice... deducted twice...this needs to fixed ASAP...",2,2023-08-03,CBE,Google Play Store,NEGATIVE,0.9992689490318298,"login_issues, transactions, bugs"
One of best bank applcation in ethiopia so far,5,2023-08-03,CBE,Google Play Store,POSITIVE,0.9996013045310974,other
The best all times,5,2023-08-02,CBE,Google Play Store,POSITIVE,0.9998607635498047,other
really it's good app🥰🥰🥰,5,2023-08-02,CBE,Google Play Store,POSITIVE,0.9998681545257568,other
The app never opens in Android,1,2023-08-02,CBE,Google Play Store,NEGATIVE,0.9997830986976624,other
Fantastic system but frontline staff need customer service training.,4,2023-08-02,CBE,Google Play Store,NEGATIVE,0.9877674579620361,customer_support
So fast,5,2023-08-01,CBE,Google Play Store,POSITIVE,0.9975085258483887,performance
"Although it is a great, quick, and simple tool to use for a variety of financial transaction purposes, an upgrade of biometrics and a six-digit pin code option should be introduced for increased security. More importantly, it would be great if it could provide an online cash receipt voucher for printout.",4,2023-08-01,CBE,Google Play Store,NEGATIVE,0.9930603504180908,transactions
Very good .,5,2023-08-01,CBE,Google Play Store,POSITIVE,0.9998475313186646,other
I am proud 👏,5,2023-07-30,CBE,Google Play Store,POSITIVE,0.9998754262924194,other
ዋው ምርጥ አፕ ነው❤️❤️❤️,5,2023-07-29,CBE,Google Play Store,NEGATIVE,0.8616323471069336,other
The application for transaction any where and time important however on process transaction intruption after some minut deducted the amount so happened double payment . So please improved ! To transact reliable show correctly on time of transaction.,2,2023-07-29,CBE,Google Play Store,POSITIVE,0.9741154909133911,transactions
ጊዜና ኑሮን የሚያቀል ሁሉንም በስልኬ ላይ ወድጄዋለው ።,5,2023-07-29,CBE,Google Play Store,NEGATIVE,0.9239574670791626,other
Worst app ever🤮🤮,1,2023-07-28,CBE,Google Play Store,NEGATIVE,0.9997932314872742,other
I like it CBE app but the login pass code is doesn't give u comfort cause it's weak n it's only 4 digits,4,2023-07-26,CBE,Google Play Store,NEGATIVE,0.9989249110221863,login_issues
The UI is stone aged,1,2023-07-26,CBE,Google Play Store,NEGATIVE,0.9977978467941284,other
stacked,1,2023-07-26,CBE,Google Play Store,NEGATIVE,0.9812433123588562,other
"I feel good, it is time and energy saving and also the first platform to digitalization of the financial issue. I want to remanid the developers to make more accessible and add more feature to it!",5,2023-07-26,CBE,Google Play Store,POSITIVE,0.9982303977012634,login_issues
It was so amazing,5,2023-07-26,CBE,Google Play Store,POSITIVE,0.9998816251754761,other
Fingerprint lock not working,1,2023-07-26,CBE,Google Play Store,NEGATIVE,0.9996874332427979,other
TOP,5,2023-07-25,CBE,Google Play Store,POSITIVE,0.9997069239616394,other
Desirable to transfer money properly,5,2023-07-24,CBE,Google Play Store,POSITIVE,0.9971741437911987,transactions
Add biometric,5,2023-07-24,CBE,Google Play Store,POSITIVE,0.996764063835144,other
It's relief,5,2023-07-24,CBE,Google Play Store,POSITIVE,0.9998213648796082,other
"It is a very basic app. Banks nowadays offer many services through their app. I suggest you add the abilty to get statements, the ability to freeze the card if stolen or when traveling. The abilty to use the card while traveling. I have noticed that if Ieave Ethiopia it is not possible to pay my bills back home. So in general the app is very helpful and eased the burden of carrying money arroubd in Ethiopia, please improve it further.",4,2023-07-24,CBE,Google Play Store,POSITIVE,0.9922665953636169,"transactions, customer_support, bugs"
Arif now silke,5,2023-07-23,CBE,Google Play Store,NEGATIVE,0.9929145574569702,other
"I have one complain, why it require verification code every time when i change my phone or reinstalled the app, as you know that code i can get it only from the branch. I know that it demanded for security reason but this method could be changed by otp sms text then i enter my own PIN and log in. couldn't you send us otp (One time password)? For instance like Dashen Bank. i waste my time and money to get verification code. You seriously think about it.",1,2023-07-23,CBE,Google Play Store,NEGATIVE,0.995776891708374,login_issues
Solomon ayele jima,1,2023-07-22,CBE,Google Play Store,POSITIVE,0.9605256915092468,other
This app is helpful and interesting but if you add printing Receipts it become more interesting thank you in advance.,5,2023-07-22,CBE,Google Play Store,POSITIVE,0.993398904800415,customer_support
Very use full,5,2023-07-22,CBE,Google Play Store,POSITIVE,0.9938042163848877,other
Just BAD. please improve it.,1,2023-07-22,CBE,Google Play Store,NEGATIVE,0.9988411068916321,other
Good Good service,5,2023-07-22,CBE,Google Play Store,POSITIVE,0.9998515844345093,customer_support
It is bad and the app made my phone to behave bad,1,2023-07-21,CBE,Google Play Store,NEGATIVE,0.9998119473457336,other
"Please include a mechanism to sort out a statement for a transaction with a single person or enterprise, on ur cbe birr or mobile banking",3,2023-07-21,CBE,Google Play Store,NEGATIVE,0.9895219206809998,transactions
I couldn't install the app it stuck you gotta fix it,1,2023-07-20,CBE,Google Play Store,NEGATIVE,0.9989224672317505,other
"Relatively good app, but we need electronic receipt or advice in PDF format to be printed for every transaction or payment we made (AWSA, EEU,IMMIGRATION FOR PASSPORT, ...) think about it.",5,2023-07-20,CBE,Google Play Store,POSITIVE,0.7006229162216187,transactions
"Am happy to use this app, because it's very nice to use .",1,2023-07-20,CBE,Google Play Store,POSITIVE,0.999841570854187,other
No Hawassa water bill payment,5,2023-07-20,CBE,Google Play Store,NEGATIVE,0.9977164268493652,transactions
በጣም አሪፍ አፕሊኬሽን ነው መስተካከል ያለበት ነገር ገንዘብ ለማስተላለፍ ተጨማሪ ማረጋገጫ እስቴፕ ቢኖረው ፤ ምክንያቱም በኔትወርክ ምክንያት አልተላከም ብሎ እንደገና ስትሞክር በኃላ ግን ሁለት ጊዜ መላኩን ይነግርሃል !!! ከዚያ የፈሠሠ ውሃ አይታፈስም ይላል ያገሬ ሠው ።,4,2023-07-19,CBE,Google Play Store,NEGATIVE,0.5128704309463501,other
Worriest,1,2023-07-19,CBE,Google Play Store,NEGATIVE,0.9941589832305908,other
shewalem,5,2023-07-18,CBE,Google Play Store,NEGATIVE,0.5076856017112732,other
"Best of all banks, easy to use app",5,2023-07-16,CBE,Google Play Store,POSITIVE,0.9985162615776062,other
The worst app I have ever seen I hate it.,1,2023-07-16,CBE,Google Play Store,NEGATIVE,0.9997871518135071,other
"You guys really need to improve the app. I know there are lots of users, more than any other bank. But still look at telebirr. There is an issue of receiving text when money is deposited. Buying airline ticket is a Hussle. The app in its current state doesn't represent the giant CBE!!",1,2023-07-14,CBE,Google Play Store,NEGATIVE,0.9978812336921692,other
It just disturbs if you left it open. Bad user experience,2,2023-07-11,CBE,Google Play Store,NEGATIVE,0.9997290968894958,other
Short and precise app.,5,2023-07-08,CBE,Google Play Store,POSITIVE,0.9940600991249084,other
It is a great app what i always prefer.but there are some shortcomings like all account wide statements are not seen and the receipt should contain the banks legal stamp after we completw the transactions. Continue.....!,4,2023-07-07,CBE,Google Play Store,NEGATIVE,0.9960599541664124,"login_issues, transactions"
Very excellent,5,2023-07-06,CBE,Google Play Store,POSITIVE,0.9998615980148315,other
One of a kind app! Just wow!!,5,2023-07-06,CBE,Google Play Store,POSITIVE,0.9997448325157166,other
It does its job well,5,2023-07-06,CBE,Google Play Store,POSITIVE,0.9998327493667603,other
BalanceDear Customer your Account 1********8778 has been debited with ETB 6000. Your Current Balance is ETB 14800000.1. Thank you for Banking with CBE!,5,2023-07-04,CBE,Google Play Store,POSITIVE,0.965222179889679,login_issues
It is azgizm app,5,2023-07-04,CBE,Google Play Store,NEGATIVE,0.932074785232544,other
Was ok,5,2023-07-04,CBE,Google Play Store,POSITIVE,0.999744713306427,other
Excellent application,5,2023-07-03,CBE,Google Play Store,POSITIVE,0.9998571872711182,other
The app was like very wonderful and easy to use but currently some problem is faced me which is after login does not show me account balance and account number.how can i solve this problem??,5,2023-07-03,CBE,Google Play Store,NEGATIVE,0.9991033673286438,login_issues
"It's not consistent. Now you can use , tomorrow you can't. Until then you don't know when's goin to be fixed 😕",3,2023-07-03,CBE,Google Play Store,NEGATIVE,0.9996509552001953,other
It simply expires with in short period of time. And also it optionally sends multiple times.,3,2023-07-03,CBE,Google Play Store,NEGATIVE,0.9577770829200745,other
When ever I wanted to transfer an amount or use some other service it keeps saying non available I tried to update it still the same,1,2023-07-01,CBE,Google Play Store,NEGATIVE,0.999447762966156,"transactions, customer_support"
It's easy for the customer,4,2023-07-01,CBE,Google Play Store,POSITIVE,0.9620634317398071,other
"The app stop to show me the balance, but it synchronized while refreshing in contrary all of the services are not available . No online care available , amazing millions of customer waiting physical contact for routine solution .",1,2023-07-01,CBE,Google Play Store,NEGATIVE,0.9888162612915039,customer_support
"0 star if possible, this bank is one of the most dumbest and most crowded banks I have ever seen. Plus, it is taking more than a month just to confirm the validity of the National ID I provided to open my account, so my account is still frozen for more than a month prior to it's creation and I can't use it. Never ever think about creating account using this bank. Anything that belongs to Ethiopian Government is in its poorest quality. Use modern banks like Awash bank or Abyssinia bank instead.",1,2023-06-30,CBE,Google Play Store,NEGATIVE,0.9995904564857483,"login_issues, bugs"
Pleas update this app is not working,2,2023-06-30,CBE,Google Play Store,NEGATIVE,0.9997486472129822,other
fantastic,4,2023-06-29,CBE,Google Play Store,POSITIVE,0.9998743534088135,other
Difficult to transfer,2,2023-06-29,CBE,Google Play Store,NEGATIVE,0.9992555975914001,transactions
"Except for the transaction sometimes not reaching destination,it is a good app",4,2023-06-29,CBE,Google Play Store,POSITIVE,0.9988970756530762,transactions
Great!! a simple yet amazingly performant app!,5,2023-06-27,CBE,Google Play Store,POSITIVE,0.999861478805542,other
No service,1,2023-06-27,CBE,Google Play Store,NEGATIVE,0.9994639754295349,customer_support
Jest good 👍,5,2023-06-27,CBE,Google Play Store,POSITIVE,0.9998250603675842,other
It is Very easy to use.,5,2023-06-24,CBE,Google Play Store,POSITIVE,0.9993984699249268,other
its great,5,2023-06-24,CBE,Google Play Store,POSITIVE,0.9998660087585449,other
በዚህ መተግበሪያ መጠቀም ከጀመርኩ ቆይቻለሁ። አጠቃቀሙ ቀላልና ቀልጣፋ ነው።,5,2023-06-18,CBE,Google Play Store,NEGATIVE,0.9445853233337402,other
"No update available doesn't,'t show balance, no transfer available useless and a waste of time",1,2023-06-17,CBE,Google Play Store,NEGATIVE,0.9994341731071472,transactions
Great Mobile Banking Apps from great bank💞💞💞💞💞💞💞💞,5,2023-06-16,CBE,Google Play Store,POSITIVE,0.999342143535614,other
It does not show recent transactions changes quickly,1,2023-06-15,CBE,Google Play Store,NEGATIVE,0.9918369650840759,transactions
It is not working. The previous was better.,1,2023-06-15,CBE,Google Play Store,NEGATIVE,0.9996882677078247,other
Evil system,1,2023-06-15,CBE,Google Play Store,NEGATIVE,0.9997572302818298,other
Makes everything easy,5,2023-06-14,CBE,Google Play Store,POSITIVE,0.9995561242103577,other
It's really but the pin code is short please update to lon pin or password & fingerprint Please update to new version and put the long password,5,2023-06-13,CBE,Google Play Store,NEGATIVE,0.9969121217727661,login_issues
At List we need to cheack our transction back to one year,5,2023-06-11,CBE,Google Play Store,NEGATIVE,0.99915611743927,other
this app is user friendly much easier and more interactive...I just like it.,5,2023-06-10,CBE,Google Play Store,POSITIVE,0.9995871186256409,ui_ux
I hope this bank have excellent Mobile app but please do on service...,4,2023-06-09,CBE,Google Play Store,POSITIVE,0.9898101091384888,customer_support
በጣም የምወደው ባንክ,5,2023-06-08,CBE,Google Play Store,NEGATIVE,0.8337246179580688,other
Very satisfying and reliable Mobile banking app,5,2023-06-08,CBE,Google Play Store,POSITIVE,0.999863862991333,other
It makes my payment issue easy,5,2023-06-07,CBE,Google Play Store,POSITIVE,0.9747610092163086,transactions
i am a fan,5,2023-06-07,CBE,Google Play Store,POSITIVE,0.9997054934501648,other
20years.,5,2023-06-07,CBE,Google Play Store,POSITIVE,0.9174262285232544,other
Wonderful App. Thank you👏,5,2023-06-06,CBE,Google Play Store,POSITIVE,0.9998753070831299,other
"The app is so nice, but credit & debit must be in service requirements.",4,2023-06-06,CBE,Google Play Store,NEGATIVE,0.9001474380493164,customer_support
Excellent apps and very friendly,5,2023-06-06,CBE,Google Play Store,POSITIVE,0.9998792409896851,other
"I like the application very much because it is user friendly and makes transactions easiest, especially for business matters. But, these few days I faced difficulties of opening it. I tried to uninstall and re install the app, and re verified at the nearest cbe center. But still failed to use all the functions. It says 'none available'. Any suggestions please!",3,2023-06-05,CBE,Google Play Store,NEGATIVE,0.9994332194328308,"transactions, ui_ux"
Best app for CBE in Ethiopia.,5,2023-06-05,CBE,Google Play Store,POSITIVE,0.9983105659484863,other
👋👍,5,2023-06-05,CBE,Google Play Store,NEGATIVE,0.6970561742782593,other
It is best and fast,5,2023-06-05,CBE,Google Play Store,POSITIVE,0.999861478805542,performance
Very nice app.,5,2023-06-05,CBE,Google Play Store,POSITIVE,0.9998617172241211,other
ቆንጆ ነው።,1,2023-06-04,CBE,Google Play Store,NEGATIVE,0.8337246179580688,other
It is preferred app,5,2023-06-03,CBE,Google Play Store,POSITIVE,0.9976233839988708,other
It is easy and user friendly. To Use more MB add getting receipt and biometric authentication is mandatory like Telebirr.,5,2023-06-03,CBE,Google Play Store,POSITIVE,0.975960373878479,ui_ux
"Eventhough,this's the biggest bank in Ethiopia there is a deep problem on it's application. NO NETWORK everytime 😔",2,2023-06-01,CBE,Google Play Store,NEGATIVE,0.9991907477378845,other
"this app has bugs all over it!! you cant see your balance,transfer money inaddition shows error msg ""none available"". fix this!!",2,2023-05-31,CBE,Google Play Store,NEGATIVE,0.9997915625572205,"transactions, bugs"
"The app is not working, it repeatedly show notify ""can't sync""",1,2023-05-29,CBE,Google Play Store,NEGATIVE,0.9996612071990967,other
"The app is always buggy, you've to fix: 1. Transfer history. 2. The double(duplicate) transfer issue which everyone faces, were it gives our error and I've to transfer for a second time thinking it didn't work and both transferred transfers go through.",3,2023-05-29,CBE,Google Play Store,NEGATIVE,0.9995988011360168,"transactions, bugs"
Poor app,2,2023-05-27,CBE,Google Play Store,NEGATIVE,0.9997596144676208,other
"This app is not working now. I installed it, but it is not opening.",5,2023-05-27,CBE,Google Play Store,NEGATIVE,0.9995361566543579,other
Such a fantastic app,5,2023-05-27,CBE,Google Play Store,POSITIVE,0.999862790107727,other
Open my mobile banking us,5,2023-05-26,CBE,Google Play Store,POSITIVE,0.5138790607452393,other
Why is the Beneficiary menu removed in this update? I'm using S9+ and running android 10...,3,2023-05-26,CBE,Google Play Store,NEGATIVE,0.9993185997009277,other
I like your Apps CBE but sometimes I face a problem like transaction mistake.,3,2023-05-25,CBE,Google Play Store,NEGATIVE,0.9990615248680115,transactions
"Why doesn't it show your previous bank balances alongside the transactions! It should show previous balances too! Only shows recent transaction, it must show old transactions as well! It would be great if you could print your bank statement from the app",1,2023-05-25,CBE,Google Play Store,NEGATIVE,0.9934657216072083,transactions
Easy to use and convenient,5,2023-05-25,CBE,Google Play Store,POSITIVE,0.998866081237793,other
"I have been using this app. for long period of time but after my phone's motherboard was damaged and replaced it with a new one. it says ""your device is rooted"" whenever I have installed the app. again want to use it again as before. what shall I do?",4,2023-05-23,CBE,Google Play Store,NEGATIVE,0.958004355430603,other
"It is a great app so far specially the speed is good. But it is important to know who send you money, so you should also show the sender's name if the receiver is in the sender's beneficiary list, because it shows the nick name of the receiver not the sender's name. Thank you.",5,2023-05-23,CBE,Google Play Store,POSITIVE,0.7779554724693298,"performance, transactions"
⭐⭐⭐⭐⭐,5,2023-05-22,CBE,Google Play Store,NEGATIVE,0.6970561742782593,other
Seems very Good,3,2023-05-20,CBE,Google Play Store,POSITIVE,0.9998571872711182,other
Appkan waan ku haystaa si fiican buu noo caawiyaa badanaa,5,2023-05-19,CBE,Google Play Store,NEGATIVE,0.9952881336212158,other
Good improvement👍 number one app with in the bank industry.,5,2023-05-18,CBE,Google Play Store,POSITIVE,0.9995868802070618,other
"Very excellent application Portable,easy and fast",5,2023-05-18,CBE,Google Play Store,POSITIVE,0.9998248219490051,performance
best safe app,5,2023-05-18,CBE,Google Play Store,POSITIVE,0.9995037317276001,other
Kamaal Adam,5,2023-05-17,CBE,Google Play Store,NEGATIVE,0.9209702610969543,other
How can I use this app?,5,2023-05-16,CBE,Google Play Store,NEGATIVE,0.998497486114502,other
It's good I like this app semtime sistem problem,4,2023-05-15,CBE,Google Play Store,POSITIVE,0.9988535642623901,other
Very poor app from a huge bank.,2,2023-05-13,CBE,Google Play Store,NEGATIVE,0.9998084902763367,other
Good mobile banking app,4,2023-05-13,CBE,Google Play Store,POSITIVE,0.9997872710227966,other
The latest update makes the system crash.,1,2023-05-13,CBE,Google Play Store,NEGATIVE,0.9997734427452087,bugs
It is very nice app. I recommend all to use it.,5,2023-05-12,CBE,Google Play Store,POSITIVE,0.9998289346694946,other
I believe this app is fantastic,3,2023-05-12,CBE,Google Play Store,POSITIVE,0.9998501539230347,other
Problem solving,5,2023-05-12,CBE,Google Play Store,POSITIVE,0.9905610680580139,other
GRAET APP,5,2023-05-11,CBE,Google Play Store,NEGATIVE,0.9808639287948608,other
one of two,5,2023-05-11,CBE,Google Play Store,POSITIVE,0.9929292798042297,other
Thank you app google manager its very useful!!! Thank you!!,2,2023-05-10,CBE,Google Play Store,POSITIVE,0.999679684638977,other
It's good but a bit late and stack a lot,5,2023-05-10,CBE,Google Play Store,POSITIVE,0.8320819139480591,other
Grt ap,5,2023-05-10,CBE,Google Play Store,NEGATIVE,0.6161021590232849,other
"For yesterday onward the app is not working for me, it only say None available?! I don't know the meaning of that????",1,2023-05-10,CBE,Google Play Store,NEGATIVE,0.9995889067649841,other
I really Like it,5,2023-05-09,CBE,Google Play Store,POSITIVE,0.9998546838760376,other
Abubeker negn,2,2023-05-07,CBE,Google Play Store,POSITIVE,0.8487199544906616,other
Very exceptional.. 👍👍👍,5,2023-05-06,CBE,Google Play Store,POSITIVE,0.9998503923416138,other
"Good but needs improvement. It should retain my settings. For example, I turned off the cbe- Noor option, but everytime I open the app, it defaults back to the previous setting.",4,2023-05-06,CBE,Google Play Store,NEGATIVE,0.9888511300086975,other
Very poor application,5,2023-05-06,CBE,Google Play Store,NEGATIVE,0.9998112320899963,other
COMERCIAL banks good,5,2023-05-05,CBE,Google Play Store,POSITIVE,0.9998440742492676,other
"This app, Provides speedless service. We must compete in a competitive world. It improves your service.",1,2023-05-05,CBE,Google Play Store,POSITIVE,0.9986156225204468,"performance, customer_support"
💙,5,2023-05-04,CBE,Google Play Store,NEGATIVE,0.6970561742782593,other
it is app so perfect,1,2023-05-04,CBE,Google Play Store,POSITIVE,0.9998206496238708,other
Just awesome 👍,5,2023-05-04,CBE,Google Play Store,POSITIVE,0.9998704195022583,other
Its very good app,5,2023-05-04,CBE,Google Play Store,POSITIVE,0.9998615980148315,other
"For me, It helped me a lot!",5,2023-05-04,CBE,Google Play Store,POSITIVE,0.9997716546058655,customer_support
Xo,5,2023-05-02,CBE,Google Play Store,POSITIVE,0.9470352530479431,other
"It is a user friendly and helpful app. It has greatly helped my day to day activities. However, it requires improvement on the weekly transaction limitations and it sometimes crashes.",4,2023-05-02,CBE,Google Play Store,POSITIVE,0.9104751348495483,"transactions, ui_ux, customer_support, bugs"
After updating the app the transaction only lasted for only a week and it's not very useful when reviewing your oldest debits.,1,2023-05-02,CBE,Google Play Store,NEGATIVE,0.9997783303260803,transactions
The latest update is full of bug until that it was great.,2,2023-05-01,CBE,Google Play Store,NEGATIVE,0.9961116909980774,bugs
"It was good to work but It doesn't open for me, although i went twice the bank they have not found any solution.",2,2023-04-30,CBE,Google Play Store,NEGATIVE,0.9974088072776794,other
Application is very important for us thanks,5,2023-04-30,CBE,Google Play Store,POSITIVE,0.9997709393501282,other
"It is better, but active the transifer of money to own CBE account.",5,2023-04-29,CBE,Google Play Store,NEGATIVE,0.9916383624076843,login_issues
It's okey,5,2023-04-28,CBE,Google Play Store,POSITIVE,0.9994292855262756,other
Well-done everyone who participate in the creation of this lovely financial app since it gives most important service for daily activity,5,2023-04-28,CBE,Google Play Store,POSITIVE,0.9998227953910828,customer_support
So helpful!,3,2023-04-28,CBE,Google Play Store,POSITIVE,0.9997031092643738,customer_support
Its marvelous app,5,2023-04-27,CBE,Google Play Store,POSITIVE,0.9998685121536255,other
Bad experience,1,2023-04-27,CBE,Google Play Store,NEGATIVE,0.9997826218605042,other
Doesn't link with nedaj app,1,2023-04-26,CBE,Google Play Store,NEGATIVE,0.9979748129844666,other
super application and fast transfer easy your money really I appreciated and injured for is services,5,2023-04-26,CBE,Google Play Store,NEGATIVE,0.8873658776283264,"performance, transactions, customer_support"
Very useful supportive app in our day to day a activities or business,1,2023-04-25,CBE,Google Play Store,POSITIVE,0.9990930557250977,customer_support
Network dependent,3,2023-04-25,CBE,Google Play Store,POSITIVE,0.669904887676239,other
Goodapp,4,2023-04-24,CBE,Google Play Store,POSITIVE,0.9998255372047424,other
I've experienced the best and simple mobile banking I ever had. The latest version is good 👍,5,2023-04-23,CBE,Google Play Store,POSITIVE,0.9997336268424988,other
አፑ በጣም ምርጥ ነው*** ስጠቀምበት ነበር ከፋሲካ በዓል ቀደም ብሎ ከነበሩት ቀናት ጀምሮ ግን ልጠቀምበት አልቻልኩም። ከእናንተ ነው ወይስ ከባንኩ ሲስተም ፈጣን እርማት ይደረግ።,3,2023-04-22,CBE,Google Play Store,NEGATIVE,0.9588853120803833,other
It is easier to send money to friends and families,5,2023-04-21,CBE,Google Play Store,NEGATIVE,0.6965871453285217,transactions
I love it tank's,5,2023-04-20,CBE,Google Play Store,POSITIVE,0.9998704195022583,other
This app is best and safe secure,4,2023-04-20,CBE,Google Play Store,POSITIVE,0.9996588230133057,other
This app is good for daily transction systems,3,2023-04-20,CBE,Google Play Store,POSITIVE,0.9966673254966736,other
It have some bugs get stuck time to time but very easy to use I like it,3,2023-04-20,CBE,Google Play Store,POSITIVE,0.9983274340629578,bugs
After few month stop working. If you don't know why update? Keep it as usual old version.,1,2023-04-18,CBE,Google Play Store,NEGATIVE,0.9972866773605347,other
This app is very useful because it is easy to use for everything.,5,2023-04-17,CBE,Google Play Store,POSITIVE,0.9980549812316895,other
Make updated,1,2023-04-17,CBE,Google Play Store,POSITIVE,0.9995638728141785,other
The last update was good for sharing and downloading but it worsens for the history option. You have to fix it for at least 1-month history view.,4,2023-04-16,CBE,Google Play Store,NEGATIVE,0.9993969202041626,other
Wowww,5,2023-04-16,CBE,Google Play Store,POSITIVE,0.9972698092460632,other
Good app thanks,5,2023-04-14,CBE,Google Play Store,POSITIVE,0.9998427629470825,other
It's good but recently it's not showing My Recent Transactions so do something about it,3,2023-04-14,CBE,Google Play Store,POSITIVE,0.9941596984863281,transactions
"The app is not working, it doesn't show your balance, or you can not make any payments",2,2023-04-14,CBE,Google Play Store,NEGATIVE,0.9997240900993347,transactions
It's good and easy but it has no security features like finger print or pin code for payment and log in. Not safe app,2,2023-04-14,CBE,Google Play Store,NEGATIVE,0.9993451237678528,transactions
An easy and very fast transactions compared to dailing *889#. I like this app.,4,2023-04-14,CBE,Google Play Store,POSITIVE,0.9989474415779114,"performance, transactions"
Yasinzakir,5,2023-04-14,CBE,Google Play Store,POSITIVE,0.704360842704773,other
it is best of best application !!,5,2023-04-13,CBE,Google Play Store,POSITIVE,0.9994346499443054,other
Please try to work on this app. It is not user-friendly and high-end. And say this while comparing with others both within and out of the country. Please try to include more features and functionality,1,2023-04-12,CBE,Google Play Store,NEGATIVE,0.9985839128494263,ui_ux
Th app is great. But you can't make the same amount of payment with the same reason more that once. It will show an error but sometimes it transfer with the error. It should be fixed on the next update.,4,2023-04-11,CBE,Google Play Store,NEGATIVE,0.9946944117546082,"transactions, bugs"
its a good aplication,5,2023-04-11,CBE,Google Play Store,POSITIVE,0.9997238516807556,other
"It's a wonderful application, I like it",5,2023-04-11,CBE,Google Play Store,POSITIVE,0.9998849630355835,other
ሁሌም የምተማመንበት ባንክ,5,2023-04-09,CBE,Google Play Store,NEGATIVE,0.8337246179580688,other
"Til now it's going perfect for me! according to the available services in Ethiopia right now. But today I couldn't access my account, hope it's just temporary, will wait until midnight",5,2023-04-08,CBE,Google Play Store,NEGATIVE,0.9929805397987366,"login_issues, customer_support"
Update sidereg lemn recent transaction yetefal,3,2023-04-08,CBE,Google Play Store,NEGATIVE,0.9920394420623779,transactions
"Please improve your system of registration. Even after you took actvation code from branch the process is too difficult to register. Why not response?? 1.Is that adding sufaricom airtime was good improvement. You may did thàt for your bussiness. Coz safari have their own apps to sell airtime. If you want to improve, Màke It to connect with account whith out need of going branch. 2. Even make it digital Mobile banking, mean paper less banking(Authorize customer to get account number at his home",1,2023-04-08,CBE,Google Play Store,NEGATIVE,0.9939327836036682,"login_issues, customer_support"
ወይ እናንተ፣ ተሻሽሏል ብዬ update አድርጌ ተባላው። ምንድነው የናንተ ነገር? appun upgrade እንደ ማድረግ downgrade ታደርጉታላቹህ። አቦ ምታስተካክሉት ከሆነ አስተካክሉት። transaction detail እንደ መጀመርያው ብዙ እንዲያሳይ ኣድርጉት።,1,2023-04-07,CBE,Google Play Store,NEGATIVE,0.9907723665237427,transactions
Easy to use and user ፍሬንድልይ,5,2023-04-07,CBE,Google Play Store,POSITIVE,0.9834682941436768,other
I wonder this up if it gives the mini statement with narrative details,5,2023-04-07,CBE,Google Play Store,POSITIVE,0.913249135017395,other
Very challenging to operate taking long time and sending error message. Unfriendly every time!,1,2023-04-07,CBE,Google Play Store,NEGATIVE,0.9961175918579102,bugs
Money transfer from account number to Bank account number,1,2023-04-07,CBE,Google Play Store,NEGATIVE,0.9667491316795349,"login_issues, transactions"
User friendly,4,2023-04-07,CBE,Google Play Store,POSITIVE,0.9775891900062561,ui_ux
4: experice,5,2023-04-06,CBE,Google Play Store,NEGATIVE,0.9888837337493896,other
Poor application,1,2023-04-06,CBE,Google Play Store,NEGATIVE,0.9997907280921936,other
Says failed even if transaction completed... twice error,3,2023-04-06,CBE,Google Play Store,NEGATIVE,0.9995540976524353,"transactions, bugs"
Fast and Easy to use.,5,2023-04-06,CBE,Google Play Store,POSITIVE,0.9996138215065002,performance
I am happy with the app & Satisfied !,5,2023-04-06,CBE,Google Play Store,POSITIVE,0.9998816251754761,other
I am so happy banking with CBE.,5,2023-04-05,CBE,Google Play Store,POSITIVE,0.9998373985290527,other
"Amazing application, better than in person service.keep it up! Please include more option.",5,2023-04-05,CBE,Google Play Store,POSITIVE,0.9997605681419373,other
This app saves my time.,4,2023-04-05,CBE,Google Play Store,NEGATIVE,0.9190256595611572,other
I like this app doing great 🤙,4,2023-04-05,CBE,Google Play Store,POSITIVE,0.9997162222862244,other
Not all services are available like transfer to mobile numbers,2,2023-04-04,CBE,Google Play Store,NEGATIVE,0.9954097867012024,"transactions, customer_support"
ወደ ቴሌብር ያስተላለፍኩት ብር ሳይደርስ ሒሳቤን ቆርጦት ቀረ። 24 ሰዓት አልፎትም የለም። ምላሽ ካጣሁ CBE NOOR app መጠቀም አቆማለሁ,4,2023-04-04,CBE,Google Play Store,NEGATIVE,0.9731912612915039,other
Easy to manipulate. Fast and even working with low speed internet connection.,5,2023-04-04,CBE,Google Play Store,NEGATIVE,0.9401766657829285,performance
"The app was updated 7 days ago. Since then it doesn't show the balance and seems like it is trying to update but the update never show a result even if after the green indicator shows sync finished and all the links for the different transaction say ""none available"".",1,2023-04-03,CBE,Google Play Store,NEGATIVE,0.9993001222610474,transactions
Nice app i really like it,5,2023-04-03,CBE,Google Play Store,POSITIVE,0.9998573064804077,other
👏 amazing ap,5,2023-04-03,CBE,Google Play Store,POSITIVE,0.9998363256454468,other
"The app says it failed to transfer the money but it transferred money, so there is a high chance of transferring money twice.",2,2023-04-02,CBE,Google Play Store,NEGATIVE,0.9848249554634094,transactions
To say frankly this is amazing App Thanks CBE,5,2023-04-02,CBE,Google Play Store,POSITIVE,0.9998168349266052,other
Not perfectly,2,2023-04-01,CBE,Google Play Store,NEGATIVE,0.9997226595878601,other
It is very nice app.,5,2023-03-31,CBE,Google Play Store,POSITIVE,0.9998513460159302,other
So far so good.,4,2023-03-31,CBE,Google Play Store,POSITIVE,0.9998399019241333,other
I have been using this app for 3 years and it was great. But now it has big problem. I can't pay bills or transfer money. Please fix it!,5,2023-03-31,CBE,Google Play Store,NEGATIVE,0.9986127614974976,transactions
Doesn't work after update,1,2023-03-31,CBE,Google Play Store,NEGATIVE,0.9995483756065369,other
Why is this app not showing money transfer to other people?,1,2023-03-31,CBE,Google Play Store,NEGATIVE,0.9990081191062927,transactions
oo my good reach to my gool,5,2023-03-31,CBE,Google Play Store,POSITIVE,0.9966427087783813,other
The most convenient banking app in Ethiopia. The password management system is top class.,5,2023-03-30,CBE,Google Play Store,POSITIVE,0.9978360533714294,login_issues
Not bad app beter than Banke of Abssinya,1,2023-03-30,CBE,Google Play Store,POSITIVE,0.9901220202445984,other
Thanks you,5,2023-03-30,CBE,Google Play Store,POSITIVE,0.9998155236244202,other
WOW the app solves big problems,5,2023-03-29,CBE,Google Play Store,POSITIVE,0.9980311989784241,other
አብዛኞቹ ነገሮች ነፍ ግዜ ከሞከርን በውሀላ ነው የሚሰሪው በአካል መከራ በ App መከራ ውይ ውይ,1,2023-03-29,CBE,Google Play Store,NEGATIVE,0.9551942944526672,other
Tanks CBE,5,2023-03-29,CBE,Google Play Store,POSITIVE,0.9318735003471375,other
Nice app so far....,5,2023-03-28,CBE,Google Play Store,POSITIVE,0.9996302127838135,other
I want to yoin yourbank,5,2023-03-27,CBE,Google Play Store,NEGATIVE,0.8163942098617554,other
"Many thanks for z team, specially for IT team, you are the first. Stay safe",4,2023-03-27,CBE,Google Play Store,POSITIVE,0.9998038411140442,other
ምርጥ App ነው።,4,2023-03-27,CBE,Google Play Store,NEGATIVE,0.8970916271209717,other
"I have been using this wonderful app. It is easy to use and user-friendly and perfect user experience app. I just have one suggestion, if you cloud add more info like who(person or company) deposited, and deposit discrimination if any in the recent transaction section of the app. The rest is perfect.",5,2023-03-26,CBE,Google Play Store,POSITIVE,0.9997959733009338,"transactions, ui_ux"
Good to save time,5,2023-03-26,CBE,Google Play Store,POSITIVE,0.9998250603675842,other
Best of best app at all Cbe always relays on,5,2023-03-26,CBE,Google Play Store,POSITIVE,0.9962286949157715,other
Please Add the fingerprint Biometric System.,5,2023-03-25,CBE,Google Play Store,NEGATIVE,0.9257652759552002,other
በርቱ ብዝ ቀጥሉ,5,2023-03-25,CBE,Google Play Store,NEGATIVE,0.8337246179580688,other
Other bank option isnt work,1,2023-03-25,CBE,Google Play Store,NEGATIVE,0.9964094758033752,bugs
Dood systems all people,5,2023-03-25,CBE,Google Play Store,NEGATIVE,0.9894657135009766,other
"The recent update has a bug. ""Transfer to other bank option"" will force close the app. Please fix it.",1,2023-03-24,CBE,Google Play Store,NEGATIVE,0.999350368976593,"transactions, bugs"
We need update How to updated the app,3,2023-03-23,CBE,Google Play Store,NEGATIVE,0.9966392517089844,other
"Now that I could change b/n accounts easily, I'm much satisfied with this app; and I upgrade my rating to 5 star. However, I wish the app would enable to produce report a history of at least 3 months.",5,2023-03-23,CBE,Google Play Store,NEGATIVE,0.8357952833175659,login_issues
It's not working on Samsung note9,1,2023-03-23,CBE,Google Play Store,NEGATIVE,0.999714195728302,other
100 gud,5,2023-03-23,CBE,Google Play Store,POSITIVE,0.6131587624549866,other
"The reason I give you one star it's because you always need verification key in bank branch this issue is not good at all,it's better to work like other bank like united bank awash bank they not required authorization by bank branch only app give you verification key not by bank branch",1,2023-03-23,CBE,Google Play Store,NEGATIVE,0.9991931319236755,other
Very useful app Help Me to pay my tuition fees in my house Thanks,5,2023-03-23,CBE,Google Play Store,POSITIVE,0.9960720539093018,customer_support
"I've been using this app for over a year. It's user friendly, but my problem with it is that it only tells me any transaction I've made through this app after a day or two. It doesn't show right away so I need you to fix it ASAP please.",4,2023-03-22,CBE,Google Play Store,NEGATIVE,0.9988874793052673,"transactions, ui_ux"
Really it's very good solution to peoples and i am using this application everyday as well as it's important to my business in the activities. More of the application is used for my firemds and my parents as usual as significant. My objectives were so vast i wish the app Will functional every in my life activities and more of saving my time amd easy to use every were. Whenever i was going to working my day today activities if i wants to transfer the money from my own account to others is good..,5,2023-03-22,CBE,Google Play Store,POSITIVE,0.9888521432876587,"login_issues, transactions"
Old version is better on showing old transaction list than this one,2,2023-03-22,CBE,Google Play Store,NEGATIVE,0.9986264705657959,transactions
Wow CBE,5,2023-03-21,CBE,Google Play Store,POSITIVE,0.9987693428993225,other
Please don't make us force update the app it log us out and we need to go in person to the branch to use the app that is hard for people like us who travele a lot from country,1,2023-03-21,CBE,Google Play Store,NEGATIVE,0.9982219338417053,other
Please! in the next update add tele birr transfer to other.,5,2023-03-21,CBE,Google Play Store,NEGATIVE,0.978463351726532,transactions
Good job kep it up,1,2023-03-21,CBE,Google Play Store,POSITIVE,0.9997984766960144,other
I use this up it was very convenient and fast to transfer and receive money,5,2023-03-20,CBE,Google Play Store,NEGATIVE,0.9845185279846191,"performance, transactions"
baaye gaari dha,4,2023-03-20,CBE,Google Play Store,NEGATIVE,0.9832805395126343,other
Where can i get verfication code,3,2023-03-20,CBE,Google Play Store,NEGATIVE,0.998046875,other
I have been using this app for long period of time & I'm very happy. because I'm also use other banks app and nothing can compare this. I know so many people using this app too & we all happier by using this app especially it gives us very helpful recently data for long period of time which is the money we sent and received with very clear info. And its reduced the time which we spend by printing statement on branches. But on this version this future shortened by limited recently data. Whyyy???,2,2023-03-20,CBE,Google Play Store,NEGATIVE,0.8650410771369934,customer_support
swet,5,2023-03-19,CBE,Google Play Store,NEGATIVE,0.9982309937477112,other
it is good app to use. unless the exchange rate section has confused rate specially Suddanesse dinar (SDD) implies high buy rate and low sell rate.,4,2023-03-18,CBE,Google Play Store,POSITIVE,0.9841466546058655,other
ለተቀነሰው ገንዘብ ወዲያውኑ ኖቲፋይ ባለማድረጉ የተጠቃሚ ጌዜ እያባከነ ይገኛልና ብታስተካክሉ።,1,2023-03-18,CBE,Google Play Store,NEGATIVE,0.9445853233337402,other
Nice application. Thanks,5,2023-03-17,CBE,Google Play Store,POSITIVE,0.9998550415039062,other
"Still the best mobile banking app out here beautiful ui very functional , i wish u used the nfc capability of most devices and also smt intesrting with the new rolled out atm cards that has nfc chips in them it would be smt very new tap and pay through ur atm card to a device . All in all i love it",5,2023-03-17,CBE,Google Play Store,POSITIVE,0.9991126656532288,other
Absolutely The Best Mobile banking i ever seen thank you CBE !!!,5,2023-03-16,CBE,Google Play Store,POSITIVE,0.9998188614845276,other
Perfect App if the following will improved: ==》Sometimes why delay to send text for receiver or sender? ==》Need full statement request option menu at home page ==》Please include Cash Withdrawal mechanism option in your next version,5,2023-03-15,CBE,Google Play Store,POSITIVE,0.5140544176101685,other
Simple and Easy app,5,2023-03-15,CBE,Google Play Store,POSITIVE,0.9992325305938721,other
"The good thing is its simplicity to undertake the basic functions. Updates with improvements and fixes should have been released by now. Please fix. 5 years after last review… Issues with beneficiary are fixed. However, still unable to track transactions much less to download in appropriate formats. This feature got diminished in the latest update. Please improve and fix.",3,2023-03-15,CBE,Google Play Store,NEGATIVE,0.9920572638511658,transactions
Not working @ all! 😡😡😡 Older version was much more better!,1,2023-03-15,CBE,Google Play Store,NEGATIVE,0.9996453523635864,other
"Now after the last update has been launched, the app is being somewhat complex. The orders of the transaction is not working correctly. Please have a review on it.",1,2023-03-14,CBE,Google Play Store,NEGATIVE,0.9997269511222839,transactions
It's not working at abroad for me. It was good in home country. I don't why the reason is! please advice me any one who has an experience.,1,2023-03-14,CBE,Google Play Store,NEGATIVE,0.5799463391304016,other
"Simple, reliable. And updates regularly. Impressive.",4,2023-03-14,CBE,Google Play Store,POSITIVE,0.9998835325241089,other
ኢትዮጵያ,5,2023-03-12,CBE,Google Play Store,NEGATIVE,0.6970561742782593,other
"Dear CBE Team, The updated version of CbE application is very interesting and has an additional features which is very nice but still the app doesn't have an option of transferring money into another Telebirr service number rather than own Telebirr account...so please add this feature.",4,2023-03-12,CBE,Google Play Store,POSITIVE,0.9704185128211975,"login_issues, transactions, customer_support"
Still now i can't even see my current balance..? It has been a while... is it just me or somebody else's problem too..?,2,2023-03-12,CBE,Google Play Store,NEGATIVE,0.9996480941772461,other
Transactions history is not being fully shown fix it,2,2023-03-12,CBE,Google Play Store,NEGATIVE,0.9997473359107971,transactions
"the best app, than you so much ,becouse of this app Things so easy",5,2023-03-11,CBE,Google Play Store,POSITIVE,0.99955815076828,other
It so good App,5,2023-03-11,CBE,Google Play Store,POSITIVE,0.999868631362915,other
Almost Impossible to use it aboard.,1,2023-03-11,CBE,Google Play Store,NEGATIVE,0.9994613528251648,other
Good and easy,5,2023-03-11,CBE,Google Play Store,POSITIVE,0.9998574256896973,other
It's fantastic apps,5,2023-03-11,CBE,Google Play Store,POSITIVE,0.9998806715011597,other
"For those who have only one phone but have two bank accounts, it is not possible to administer both accounts in one phone. Please, make your program to allow two accounts in one phone.",4,2023-03-11,CBE,Google Play Store,NEGATIVE,0.9984702467918396,login_issues
"The app is good. However, whenever you changed your phone it requires authorization ID, approaching a branch is mandatory. The password reset option should be available to the user by adding other security details like user name, biometrics, account number, etc.",3,2023-03-10,CBE,Google Play Store,POSITIVE,0.926620364189148,login_issues
When ever I change my phone or something happened why would I have to go to the office to get the code this app this not amazing I didn't like it this is big problem u have to change this if I have to go to the bank every time I change phone or anything happened it bad app in this time in this technology.,1,2023-03-10,CBE,Google Play Store,NEGATIVE,0.9989891648292542,other
Ok 👌,4,2023-03-10,CBE,Google Play Store,POSITIVE,0.9981088638305664,other
It's a good update but the system doesn't work a lot of time,3,2023-03-10,CBE,Google Play Store,NEGATIVE,0.9968298077583313,other
The recent updated version shows a very short period transactions. Thus it has to be improved and in this regard the previous version was better.,3,2023-03-09,CBE,Google Play Store,NEGATIVE,0.9641017913818359,transactions
በጣም አሪፍ Application ነው።,5,2023-03-09,CBE,Google Play Store,NEGATIVE,0.8637117147445679,other
In the next update if it is possible if there is a confirmation requested to confirm the payment again the pin requested before transferring(like telbirr),4,2023-03-09,CBE,Google Play Store,NEGATIVE,0.9984748959541321,transactions
I love,5,2023-03-09,CBE,Google Play Store,POSITIVE,0.9998847246170044,other
This version is so slow,1,2023-03-09,CBE,Google Play Store,NEGATIVE,0.9997397065162659,performance
Since the last two weeks I could not see balance. It becomes busy and difficult to check remaining amount.,2,2023-03-09,CBE,Google Play Store,NEGATIVE,0.9997146725654602,other
"The most recent update is so impressive that Stops stucking,Speedy transaction.Thanks and keep updating.",4,2023-03-09,CBE,Google Play Store,POSITIVE,0.9997593760490417,"performance, transactions"
Always rely on,5,2023-03-08,CBE,Google Play Store,POSITIVE,0.9764755964279175,other
Recent transactions history was loading properly and used to preview older histories too but not anymore and that sucks! So work on transactions history well!,1,2023-03-08,CBE,Google Play Store,POSITIVE,0.9792265892028809,transactions
The worst app and bank.,1,2023-03-08,CBE,Google Play Store,NEGATIVE,0.9998015761375427,other
A very cool app👍🏽👍🏽👍🏽,5,2023-03-08,CBE,Google Play Store,POSITIVE,0.9998528957366943,other
Tamam app!,5,2023-03-08,CBE,Google Play Store,NEGATIVE,0.8998920321464539,other
Excellent app but not CBE,5,2023-03-06,CBE,Google Play Store,POSITIVE,0.9012734293937683,other
ሲቢኑር,5,2023-03-06,CBE,Google Play Store,NEGATIVE,0.6970561742782593,other
sakas sakad,5,2023-03-06,CBE,Google Play Store,POSITIVE,0.9903145432472229,other
"Easy to use,and time saver.",5,2023-03-06,CBE,Google Play Store,POSITIVE,0.9502483606338501,other
Khaatimaa bareeddu nuuf kannee Qabrii teenya Caffee jannataa nuuf Godhee nuhaa gamma chiisu Rabbiin,5,2023-03-05,CBE,Google Play Store,NEGATIVE,0.9864447712898254,other
This app is awesome 👍,5,2023-03-05,CBE,Google Play Store,POSITIVE,0.9998296499252319,other
"It is a very simple and convenient application, if exporting or downloading option included more preferable",3,2023-03-05,CBE,Google Play Store,POSITIVE,0.9955143332481384,other
It very nice connection So it is better to releases for us,5,2023-03-04,CBE,Google Play Store,POSITIVE,0.9990528225898743,other
Super exhausting😴,1,2023-03-04,CBE,Google Play Store,POSITIVE,0.9331682920455933,other
This application is a step for our country. But we need to upgrade and modify it. It Continously get stucks and gives error.,5,2023-03-04,CBE,Google Play Store,NEGATIVE,0.9991570711135864,bugs
That is good bank but there is something wrong 😕,2,2023-03-04,CBE,Google Play Store,NEGATIVE,0.9947009086608887,other
Wow its ezi to Accse,5,2023-03-04,CBE,Google Play Store,POSITIVE,0.9970966577529907,other
Better than the other CBE system to send money.,5,2023-03-04,CBE,Google Play Store,POSITIVE,0.9969550371170044,transactions
I wish the app informs who transferred money when it sends deposits credited to my account as Dashen Bank does.,4,2023-03-03,CBE,Google Play Store,NEGATIVE,0.9989416003227234,"login_issues, transactions"
Not akspriyans,5,2023-03-03,CBE,Google Play Store,NEGATIVE,0.99048912525177,other
Easy to use and confidential,5,2023-03-02,CBE,Google Play Store,POSITIVE,0.9985954165458679,other
1 Ahmad jihaad,5,2023-03-02,CBE,Google Play Store,POSITIVE,0.9465557336807251,other
Cbenr,5,2023-02-27,CBE,Google Play Store,POSITIVE,0.9789990186691284,other
Easy to use !,5,2023-02-27,CBE,Google Play Store,POSITIVE,0.9990563988685608,other
Like it good work,5,2023-02-27,CBE,Google Play Store,POSITIVE,0.9998691082000732,other
History section is very bad,2,2023-02-22,CBE,Google Play Store,NEGATIVE,0.9997945427894592,other
It's Nice,4,2023-02-22,CBE,Google Play Store,POSITIVE,0.9998672008514404,other
I prefer this app,5,2023-02-21,CBE,Google Play Store,POSITIVE,0.9989438652992249,other
Ni ce app,3,2023-02-21,CBE,Google Play Store,NEGATIVE,0.8808466196060181,other
"It's a great app, thank you",5,2023-02-21,CBE,Google Play Store,POSITIVE,0.9998757839202881,other
.jk,3,2023-02-19,CBE,Google Play Store,POSITIVE,0.9728877544403076,other
"A nice app but it has limitations like sometimes stuk to scroldown, late to updete transactions",4,2023-02-19,CBE,Google Play Store,NEGATIVE,0.9929534792900085,transactions
It's soo good app,5,2023-02-19,CBE,Google Play Store,POSITIVE,0.9996013045310974,other
"The limited transaction listing, only to recent list, makes your app of limited help.",1,2023-02-17,CBE,Google Play Store,NEGATIVE,0.9928896427154541,"transactions, customer_support"
nice.....kept it up,5,2023-02-16,CBE,Google Play Store,POSITIVE,0.9998273849487305,other
"CBE, Z bank u can always rely on!!!",5,2023-02-15,CBE,Google Play Store,NEGATIVE,0.7864707112312317,other
Imisyou,5,2023-02-15,CBE,Google Play Store,POSITIVE,0.8830320835113525,other
The Best optional application !,5,2023-02-14,CBE,Google Play Store,POSITIVE,0.9998311996459961,other
I cannot access the services to transferor to pay my bills,1,2023-02-14,CBE,Google Play Store,NEGATIVE,0.9995112419128418,"login_issues, transactions, customer_support"
Perfect but sometimes delays,4,2023-02-14,CBE,Google Play Store,NEGATIVE,0.8475126624107361,other
I'm using this supplication when I'm out of my country this is useful,5,2023-02-13,CBE,Google Play Store,POSITIVE,0.9979096055030823,other
Like app,5,2023-02-13,CBE,Google Play Store,POSITIVE,0.9840217232704163,other
Use this app,5,2023-02-09,CBE,Google Play Store,POSITIVE,0.9022966027259827,other
It is slowwww,1,2023-02-09,CBE,Google Play Store,NEGATIVE,0.9987597465515137,performance
Doesn't sync multiple accounts,1,2023-02-08,CBE,Google Play Store,NEGATIVE,0.9982978701591492,login_issues
Yordanos,1,2023-02-06,CBE,Google Play Store,POSITIVE,0.9894294142723083,other
Please download fastly the apps,5,2023-02-05,CBE,Google Play Store,POSITIVE,0.9802758693695068,performance
Nice App!! keep going 👍,5,2023-02-04,CBE,Google Play Store,POSITIVE,0.9997023940086365,other
It is very good application,5,2023-02-03,CBE,Google Play Store,POSITIVE,0.9998705387115479,other
new app,5,2023-02-03,CBE,Google Play Store,POSITIVE,0.9902405738830566,other
It's to easy to transfer local money thats why.,4,2023-02-03,CBE,Google Play Store,NEGATIVE,0.9972936511039734,transactions
"Nice experience from last 3 years Only problem is that, added beneficiary not working. But overall good experience.",5,2023-02-03,CBE,Google Play Store,POSITIVE,0.9996013045310974,other
Awesome apps but the new update failed starting from January 31 2023,1,2023-02-02,CBE,Google Play Store,NEGATIVE,0.9975104331970215,other
የተላከ ገንዘብ መቼ ነዉ ሚለቀቀዉ,5,2023-02-01,CBE,Google Play Store,NEGATIVE,0.8832126259803772,other
When trying to open the app from another country it asks for a verification code that can only be obtained from the nearest bank branch. This is not logical if you want Ethiopians from around the world to be able to use the application. Please review this.,1,2023-01-30,CBE,Google Play Store,NEGATIVE,0.9995501637458801,other
I always like this banking app,5,2023-01-30,CBE,Google Play Store,POSITIVE,0.9977797865867615,other
Why are the messages always come to me very late? I can't even see who has deposed the money it's very annoying. You have to fix this,3,2023-01-29,CBE,Google Play Store,NEGATIVE,0.9995114803314209,other
"The app is awesome. But there are many things to highlight.For example, When spending money from the account , a confirmation text message must be sent to the account holder. Also the fact that, the PIN is only four digits is not safe enough for security, if it is more than eight digits and includes numbers and symbols, it will be cool.",3,2023-01-29,CBE,Google Play Store,POSITIVE,0.6459272503852844,login_issues
Go forward,5,2023-01-29,CBE,Google Play Store,POSITIVE,0.9998243451118469,other
I LIKED THIS APP 😊MAY IT WILL NEW UPDATIONS SOON THANKS😊,5,2023-01-29,CBE,Google Play Store,POSITIVE,0.9918551445007324,other
J ቸተደመ 😁😅,3,2023-01-28,CBE,Google Play Store,POSITIVE,0.6428169012069702,other
በጣም ደስ የሚል ቀለል ያለ,5,2023-01-27,CBE,Google Play Store,NEGATIVE,0.8832126259803772,other
The Commercial Bank of Ethiopia application is easy to use. Really recommended.,5,2023-01-27,CBE,Google Play Store,POSITIVE,0.9994733929634094,other
Recent and Accounts not responding thw previous version was nice. This version UI looks attractive but almost half features not working.,1,2023-01-26,CBE,Google Play Store,NEGATIVE,0.999265730381012,login_issues
1.Money withidirawal from bank into my debit card and credit next in to make Ethiopian My saving bank account number.3rd limete My money withidirawal in to make mobile money wallet plus in to make My Ethiopian saving Bank account number is attached with allow me My money . all my money convert to Ethiopian birr to make. Excuse me my needs seed and received money withidirawal more amended more detail.,5,2023-01-25,CBE,Google Play Store,NEGATIVE,0.9909113049507141,login_issues
i like this app,1,2023-01-25,CBE,Google Play Store,POSITIVE,0.9996516704559326,other
"In the beginning, the ability to capture the history was small, now it's a great job to capture all the transactions and the user can see them, another problem is that if a transaction or transfer is made, the number of the receipt will not be downloaded when saving to avoid it, unless a screenshot is taken, it would be better if you fix this.",5,2023-01-25,CBE,Google Play Store,NEGATIVE,0.9640677571296692,transactions
Yuusuf 24:01:2023,5,2023-01-24,CBE,Google Play Store,POSITIVE,0.9403055906295776,other
Perfect App,5,2023-01-23,CBE,Google Play Store,POSITIVE,0.9998340606689453,other
The app is crashing and freezing in recents' section. But it works fine in other sections very helpful app.,5,2023-01-23,CBE,Google Play Store,POSITIVE,0.9977726340293884,"customer_support, bugs"
great applca,5,2023-01-21,CBE,Google Play Store,POSITIVE,0.9991785883903503,other
Its good app to use.,5,2023-01-20,CBE,Google Play Store,POSITIVE,0.9998435974121094,other
Very interesting app in digital economy,5,2023-01-18,CBE,Google Play Store,POSITIVE,0.9996211528778076,other
it securty is good for hackeres,1,2023-01-18,CBE,Google Play Store,POSITIVE,0.932931661605835,other
Its nice betammm,5,2023-01-18,CBE,Google Play Store,POSITIVE,0.9997252821922302,other
business all,4,2023-01-17,CBE,Google Play Store,POSITIVE,0.9975622892379761,other
"Amazing Apps but if you add other language Like Afaan Oromoo, Afar, Somali it's more than this",3,2023-01-17,CBE,Google Play Store,POSITIVE,0.999133288860321,other
Better app,5,2023-01-15,CBE,Google Play Store,POSITIVE,0.9905760288238525,other
"Good, but do not save after sending.",5,2023-01-14,CBE,Google Play Store,POSITIVE,0.8489828109741211,other
Easy and interesting app,5,2023-01-13,CBE,Google Play Store,POSITIVE,0.9998053908348083,other
since i down loaded this APP nothing any problem happened .it very nice app,5,2023-01-13,CBE,Google Play Store,POSITIVE,0.9993116855621338,other
9/6/17 *** It has not been updated for years and has some bugs 6/8/2020 **** Just updated the app from the link i get through sms. It looks good.,5,2023-01-12,CBE,Google Play Store,POSITIVE,0.9804940223693848,bugs
"It's a very nice and simple app but, when checking the transaction details, it's not showing who sent/deposited money into my account. Especially when I receive money from organisations.",4,2023-01-12,CBE,Google Play Store,NEGATIVE,0.9843881130218506,"login_issues, transactions"
Well done!,5,2023-01-12,CBE,Google Play Store,POSITIVE,0.9998422861099243,other
Pest mobile banking app,5,2023-01-10,CBE,Google Play Store,NEGATIVE,0.996932864189148,other
Its so busy when you open the recent transaction option👎👎👎👎,1,2023-01-10,CBE,Google Play Store,NEGATIVE,0.9989305138587952,transactions
ንግድ ባንክ የሞባይል ባንኪንግ አፕ በጣም መልካም ሆኖ አግኝቼዋለሁ ፣ ህይወቴን አቅሎልኛል።,5,2023-01-10,CBE,Google Play Store,NEGATIVE,0.9510265588760376,other
1. It has poor password 2. It doesn't save transaction content that pop-ups during transaction. 3. It is user friendly.,5,2023-01-10,CBE,Google Play Store,NEGATIVE,0.9941146969795227,"login_issues, transactions, ui_ux"
በጣም ምርጥ ማመልከቻ ነው በእውነት በጣም አሪፍ አፕልኬሽን ነው የኢትዮጵያ ንግድ ባንክ ሁሌ ኑርልን🙏🙏🙏🙏,5,2023-01-10,CBE,Google Play Store,NEGATIVE,0.9528432488441467,other
Thankfully,5,2023-01-10,CBE,Google Play Store,POSITIVE,0.8449152112007141,other
easy to access,5,2023-01-09,CBE,Google Play Store,POSITIVE,0.9996585845947266,login_issues
Easy to understand and use it,5,2023-01-09,CBE,Google Play Store,POSITIVE,0.9996727705001831,other
Very useful,5,2023-01-09,CBE,Google Play Store,POSITIVE,0.999798595905304,other
This app is important and simply to use it,5,2023-01-08,CBE,Google Play Store,POSITIVE,0.9984525442123413,other
It makes life easy,5,2023-01-07,CBE,Google Play Store,POSITIVE,0.9996939897537231,other
"Good mobile banking application except some bugs. For instance, when I transfer money from account to account, an error message called 'already existed account' appears. But the money was transferred without any confirmation message. If I was not aware of that, I tried multiple times and sent the money multiple times too.",5,2023-01-06,CBE,Google Play Store,NEGATIVE,0.9672340154647827,"login_issues, transactions, bugs"
sometimes it will be busy.by somewhat it is good,4,2023-01-06,CBE,Google Play Store,POSITIVE,0.9998049139976501,other
"This is the worst App I ever seen. Every time CBE does small patches or updates, the app doesn't work and you have to go to your branch in person to get the update and verification on your phone. It is totally unacceptable. I am living abroad and because of their problems I can't make payments and transfers. I send my representative(""ተወካይ"") to Addis Ababa Branch with his full-representation paper (""ሙሉ ውክልና"") but the staff working at mobile banking services is not willing to fix the problem.",1,2023-01-06,CBE,Google Play Store,NEGATIVE,0.9997914433479309,"transactions, customer_support"
Verry good,5,2023-01-05,CBE,Google Play Store,POSITIVE,0.9998464584350586,other
በጣም ቀላል እና ለመጠቀም ምቹ የሆነ መተግበሪያ ነው።ብዙ ነገር አቃለለልን። I want to thank the developer of this software!(CBE)🙏namaste,4,2023-01-05,CBE,Google Play Store,POSITIVE,0.9985059499740601,other
This app helped me a lot to pay my kids school payment and my bill.,5,2023-01-05,CBE,Google Play Store,POSITIVE,0.9797963500022888,"transactions, customer_support"
Best app and simple to use,5,2023-01-04,CBE,Google Play Store,POSITIVE,0.9995321035385132,other
Keep it up it .this up is very efficient .,5,2023-01-04,CBE,Google Play Store,POSITIVE,0.999861478805542,other
Foreign transfer provided by this bank is poor but local service is excellent.,5,2023-01-04,CBE,Google Play Store,POSITIVE,0.9992855191230774,"transactions, customer_support"
Amazing 🤑,5,2023-01-04,CBE,Google Play Store,POSITIVE,0.9998632669448853,other
"Over all Nice app, But I do like to point out a little bit of an issue. The transaction history tab needs a lot of work. It is so sluggish to a point it makes the app crash at times.",4,2023-01-04,CBE,Google Play Store,NEGATIVE,0.9987928867340088,"transactions, bugs"
It is a very good application. It works better than any other applications i came across. I have seen much progress since the first time i started using it. Still it needs some improvement with connectivity issues.,4,2023-01-03,CBE,Google Play Store,POSITIVE,0.9977672100067139,other
I have 6th year job experiance,1,2023-01-03,CBE,Google Play Store,NEGATIVE,0.9628751873970032,other
It's the best app so far,5,2023-01-03,CBE,Google Play Store,POSITIVE,0.9998152852058411,other
Easy for use,5,2023-01-02,CBE,Google Play Store,POSITIVE,0.9795007705688477,other
Cool app,5,2023-01-02,CBE,Google Play Store,POSITIVE,0.999824583530426,other
Am happy to use the app.,5,2023-01-02,CBE,Google Play Store,POSITIVE,0.9998196959495544,other
"I appreciate CBE for letting us enjoy this wonderful app. However, I would like it even more if you could raise the maximum amount to transfer from 25,000 to other banks.",4,2023-01-02,CBE,Google Play Store,POSITIVE,0.9997227787971497,transactions
በጣም ምቹ ቀልጣፋና ቀላል 👍,5,2023-01-02,CBE,Google Play Store,NEGATIVE,0.8832126259803772,other
I like it this one is fast and simple to use,5,2023-01-02,CBE,Google Play Store,POSITIVE,0.9996788501739502,performance
The best bank app !!!,5,2023-01-01,CBE,Google Play Store,POSITIVE,0.9998036026954651,other
Good performance,5,2022-12-30,CBE,Google Play Store,POSITIVE,0.9998561143875122,performance
The easiest & user friendly mobile banking app so far.,5,2022-12-30,CBE,Google Play Store,POSITIVE,0.9967980980873108,ui_ux
Thanks for this application,5,2022-12-29,CBE,Google Play Store,POSITIVE,0.9997004270553589,other
Sometimes I make transactions twice because of repository failed issue Its annoying The app gets too busy it may also be closed when the recent option is clicked. After making a transaction there is a download option but it says can't save the image. Other than this issues the app is user friendly,4,2022-12-29,CBE,Google Play Store,NEGATIVE,0.9937950372695923,"transactions, ui_ux"
V nice,5,2022-12-27,CBE,Google Play Store,POSITIVE,0.9971718192100525,other
this is the only best app,5,2022-12-27,CBE,Google Play Store,POSITIVE,0.9275199174880981,other
It is easiest app i ever seen 🤷‍♂️🤷‍♂️,5,2022-12-27,CBE,Google Play Store,POSITIVE,0.9626256823539734,other
Dosn't work in these 3 days,3,2022-12-26,CBE,Google Play Store,NEGATIVE,0.9972986578941345,other
It is magnificent App,5,2022-12-26,CBE,Google Play Store,POSITIVE,0.999871015548706,other
Salaa.abdii,5,2022-12-26,CBE,Google Play Store,NEGATIVE,0.8620205521583557,other
"I like it ,it is nice 👌👌👌 but in the*889# its better to be the choice in recently used rather than as it was .",5,2022-12-25,CBE,Google Play Store,NEGATIVE,0.8387219309806824,other
This app is one of the worst app that I used ever u are confused your last recently transaction and when you send money now you get the massage tomorrow or after 3 day,1,2022-12-25,CBE,Google Play Store,NEGATIVE,0.9996868371963501,transactions
"It is a very good application, but, when I open the recent transactions it almost crashes or stops responding. You need to fix this.",3,2022-12-25,CBE,Google Play Store,NEGATIVE,0.9974367022514343,"transactions, bugs"
The best one from the ather!,5,2022-12-25,CBE,Google Play Store,POSITIVE,0.9998553991317749,other
Nice fast....,5,2022-12-23,CBE,Google Play Store,POSITIVE,0.9998511075973511,performance
እናመሰግናለን ግን ከእንተርኔት ነፃ መሆን ነበረበት,5,2022-12-23,CBE,Google Play Store,NEGATIVE,0.9046949148178101,other
This app is very helpful because it is easy and user-friendly. It also provides different services and simplifies time to use other options.,5,2022-12-22,CBE,Google Play Store,POSITIVE,0.9985248446464539,"ui_ux, customer_support"
Good app!,5,2022-12-22,CBE,Google Play Store,POSITIVE,0.9998592138290405,other
Easy for life,5,2022-12-21,CBE,Google Play Store,POSITIVE,0.9970002770423889,other
It's the best app for banking I've ever had. It was very effective and provide fast and urgent services but currently it's detororiating.,3,2022-12-19,CBE,Google Play Store,NEGATIVE,0.9888707995414734,"performance, customer_support"
Our bank,5,2022-12-18,CBE,Google Play Store,POSITIVE,0.9125195741653442,other
Best up!!,4,2022-12-18,CBE,Google Play Store,POSITIVE,0.999757707118988,other
Very Great to used but don't sale out multiple,5,2022-12-17,CBE,Google Play Store,POSITIVE,0.9386205077171326,other
"The app is great and easy to use. My issue is that, it some times show error message indicating failed transfer transaction, but when I check my balance later it actually made the transaction. This incident happened to me twice.",4,2022-12-16,CBE,Google Play Store,POSITIVE,0.8129609823226929,"transactions, bugs"
The app always stuck when i go to recent transactions,1,2022-12-15,CBE,Google Play Store,NEGATIVE,0.9994694590568542,transactions
Updated,5,2022-12-15,CBE,Google Play Store,POSITIVE,0.9995930790901184,other
"Since I started using this app it. Really helped me a lot. The CBE started some years ago and it is good progress, other foreign banks has money years experience and and the technology is theirs. Yes some inconvenience can occur the bank have to simplify it fast. Keep on going!!!",4,2022-12-15,CBE,Google Play Store,POSITIVE,0.9987713694572449,"performance, customer_support"
i apritate your CBE application,5,2022-12-15,CBE,Google Play Store,POSITIVE,0.8971896171569824,other
Mine,5,2022-12-14,CBE,Google Play Store,POSITIVE,0.9983651041984558,other
"Most of the time 'no sync available'. Been trying to transfer all day,with no luck. Very bad app",1,2022-12-14,CBE,Google Play Store,NEGATIVE,0.9997407793998718,transactions
Nice and excellent,5,2022-12-13,CBE,Google Play Store,POSITIVE,0.9998664855957031,other
Transfer checking balance utility service,5,2022-12-13,CBE,Google Play Store,NEGATIVE,0.9802937507629395,"transactions, customer_support"
"I love this app, it is easy to use and makes my life easier. Sometimes it says time out but sends money and sends agin. To send for other banks it is almost difficult and for other telbirr customers not totally possible yet. If these issues solved, the app is supper 5 star.",5,2022-12-12,CBE,Google Play Store,NEGATIVE,0.9423986673355103,transactions
It's okay not bad,3,2022-12-12,CBE,Google Play Store,POSITIVE,0.999751627445221,other
It is bad app Always stack,1,2022-12-12,CBE,Google Play Store,NEGATIVE,0.9998088479042053,other
Wow good app.....easy to use.....,5,2022-12-12,CBE,Google Play Store,POSITIVE,0.9997652173042297,other
Very nice to used online,5,2022-12-12,CBE,Google Play Store,POSITIVE,0.9997171759605408,other
To use mobile banking,5,2022-12-11,CBE,Google Play Store,NEGATIVE,0.9100431203842163,other
ካየኋቸው ሁሉ ምቹ እና ላጠቃቀም ቀላሉ ነው።,5,2022-12-10,CBE,Google Play Store,NEGATIVE,0.9239574670791626,other
Good and simpl for use,1,2022-12-10,CBE,Google Play Store,POSITIVE,0.9997175335884094,other
Thank you for your service......great app i am enjoying it.,5,2022-12-09,CBE,Google Play Store,POSITIVE,0.9998766183853149,customer_support
Excellent and convenient service...Kudos CBE,5,2022-12-08,CBE,Google Play Store,POSITIVE,0.9997739195823669,customer_support
It was good but there are some things missing like 1- can't get more than 10 transection so you add to get last 6 month transection.,3,2022-12-08,CBE,Google Play Store,NEGATIVE,0.997306227684021,other
The best mobile banking app with an excellent user friendly interface. Bravo.,5,2022-12-07,CBE,Google Play Store,POSITIVE,0.9998410940170288,ui_ux
"I use a variety of mobile banking applications, but I really enjoy using CBE over those from other banks because it's quick and user-friendly. I greatly appreciate it.",5,2022-12-07,CBE,Google Play Store,POSITIVE,0.9995373487472534,ui_ux
Excellent app... never had any problem in using it. Very excellent job you are doing CBE. Get going!!!!,5,2022-12-07,CBE,Google Play Store,POSITIVE,0.9997556805610657,other
A bank you can always trust,5,2022-12-07,CBE,Google Play Store,POSITIVE,0.9994565844535828,other
This app is good but could not merge multiple CBE accounts and fails to download transaction reports after the late update. Why? I am using Samsung M12.,4,2022-12-07,CBE,Google Play Store,NEGATIVE,0.9990027546882629,"login_issues, transactions"
Amazing application which is very easy to use? Keep going CBE,5,2022-12-06,CBE,Google Play Store,POSITIVE,0.9989504814147949,other
Fantastic and it is upto the expectation!,5,2022-12-05,CBE,Google Play Store,POSITIVE,0.9997294545173645,other
Excellent app.but while I am out of the app it redirect back to login page by it self,4,2022-12-05,CBE,Google Play Store,POSITIVE,0.7669837474822998,login_issues
Some of the worst app made by a bank in order to login when changing phone you have to go to a bank manager and the manager always say something new to login you back to the app it's sad there making billions and cant handle to make a better app for it.,1,2022-12-05,CBE,Google Play Store,NEGATIVE,0.9997476935386658,"login_issues, transactions"
"after I sent money, I couldn't get updated recent transaction.",1,2022-12-04,CBE,Google Play Store,NEGATIVE,0.997643768787384,transactions
Col,5,2022-12-03,CBE,Google Play Store,POSITIVE,0.7094460725784302,other
I lv this application,5,2022-12-02,CBE,Google Play Store,NEGATIVE,0.8231074213981628,other
It's great app thanks CBE. so mach easy to use and it's secure.,5,2022-12-02,CBE,Google Play Store,POSITIVE,0.9996193647384644,other
"It stacks in the recent option, can't download the transaction info.",1,2022-12-01,CBE,Google Play Store,NEGATIVE,0.9989713430404663,transactions
Best of the Best,5,2022-12-01,CBE,Google Play Store,POSITIVE,0.9998401403427124,other
ጥሩ ነው ግን በጣም ሃላ ቀር ነው ብዙ ነገር ይቀረዋል በደምብ አሻሸሉ,2,2022-12-01,CBE,Google Play Store,NEGATIVE,0.9489790797233582,other
Great Services it makes my work easy Thanks,5,2022-12-01,CBE,Google Play Store,POSITIVE,0.9998237490653992,customer_support
በጣምነው የወደድኩት,5,2022-11-29,CBE,Google Play Store,NEGATIVE,0.7850580215454102,other
Compatibility issue is resolved now but the app crash many times when asked to show current statements.,4,2022-11-28,CBE,Google Play Store,NEGATIVE,0.9994654059410095,bugs
please include alph password,4,2022-11-27,CBE,Google Play Store,NEGATIVE,0.5138621926307678,login_issues
"It's very good and joyful app, keep it the momentum",4,2022-11-26,CBE,Google Play Store,POSITIVE,0.9998866319656372,other
My apps can't save or share slip after trx completed,5,2022-11-25,CBE,Google Play Store,NEGATIVE,0.9985369443893433,other
Our Kings done great things like the legend Commercial Bank of Ethiopia,5,2022-11-25,CBE,Google Play Store,POSITIVE,0.9985137581825256,other
It is Good but gove option to send Confirmation code by email if phone number is lost we can eash update on the website.,5,2022-11-25,CBE,Google Play Store,NEGATIVE,0.9753592014312744,other
Great job,5,2022-11-25,CBE,Google Play Store,POSITIVE,0.9998588562011719,other
Harmee,5,2022-11-24,CBE,Google Play Store,NEGATIVE,0.998893678188324,other
Agec,5,2022-11-24,CBE,Google Play Store,NEGATIVE,0.9907406568527222,other
The late updates on my account after transfers that occurs sometimes is the only issue the rest of the app is excellent,4,2022-11-24,CBE,Google Play Store,POSITIVE,0.9393685460090637,"login_issues, transactions"
It's very important even out of Ethiopian.,5,2022-11-24,CBE,Google Play Store,POSITIVE,0.999346911907196,other
Fast and very latest!!!,5,2022-11-23,CBE,Google Play Store,POSITIVE,0.999584972858429,performance
"I have got the application very useful, fast and simple to use. It is great app for self service but I had to go to branch office to activate it. Please try using OTP to activate the app",4,2022-11-23,CBE,Google Play Store,NEGATIVE,0.987301230430603,"performance, customer_support"
It is Simple and fast mobile banking app. I am really enjoining with it.,5,2022-11-23,CBE,Google Play Store,POSITIVE,0.9992376565933228,performance
"A wonderful app! Easy, reliable, secure and fast!",5,2022-11-22,CBE,Google Play Store,POSITIVE,0.9998748302459717,performance
It is good but some issues like -It only allows for own telebir account transfer what about for the others telebir accouts ? If possible please include for the others -please merge CBE banking app with CBE birr app like Awash birr,3,2022-11-20,CBE,Google Play Store,NEGATIVE,0.9928448796272278,"login_issues, transactions"
Betam baset,5,2022-11-19,CBE,Google Play Store,NEGATIVE,0.8613021373748779,other
A great app that makes life easy.,5,2022-11-18,CBE,Google Play Store,POSITIVE,0.9997650980949402,other
"Good,inshaalluah",3,2022-11-17,CBE,Google Play Store,POSITIVE,0.9998328685760498,other
Very Good y,5,2022-11-17,CBE,Google Play Store,POSITIVE,0.9998563528060913,other
"the App is one of the BEST things to have in Ethiopia but one of major problems is shows incorrect statements and incorrect available balance, merchants and supermarkets doesn't deduct right away 😑 deductible may come after weeks or month, once u already forgot about it and so many things to work on. please take it seriously Thanks 😊",3,2022-11-16,CBE,Google Play Store,NEGATIVE,0.8583911061286926,other
Ibsa abdi nure Ethiopia dire dawa,4,2022-11-16,CBE,Google Play Store,POSITIVE,0.5483246445655823,other
De ab,5,2022-11-15,CBE,Google Play Store,POSITIVE,0.6790781617164612,other
Great👍👍👍👍,5,2022-11-14,CBE,Google Play Store,NEGATIVE,0.6970561742782593,other
CBE App is Excellent.,5,2022-11-14,CBE,Google Play Store,POSITIVE,0.9998032450675964,other
I like it more,5,2022-11-13,CBE,Google Play Store,POSITIVE,0.9998180270195007,other
"While Travelling, I couldn't transfer money from my account to another. I had to delete❌ the app and re install and then wait until they give me authorization code.... too complicated.",1,2022-11-13,CBE,Google Play Store,NEGATIVE,0.9995868802070618,"login_issues, transactions"
I have list of beneficiaries registered but can not transfer to them. It is throwing 'None available' message.,3,2022-11-11,CBE,Google Play Store,NEGATIVE,0.9996577501296997,transactions
It was working fine till recently. It suddenly stopped showing me the balance on the front page and all service features are not working. Hope it gets fixed soon.,4,2022-11-10,CBE,Google Play Store,NEGATIVE,0.9983444213867188,customer_support
It's great,5,2022-11-09,CBE,Google Play Store,POSITIVE,0.9998691082000732,other
Good Application 👍 ✅️,3,2022-11-09,CBE,Google Play Store,POSITIVE,0.9997643828392029,other
IT is good,3,2022-11-08,CBE,Google Play Store,POSITIVE,0.9998494386672974,other
Good application fast,5,2022-11-07,CBE,Google Play Store,POSITIVE,0.9998347759246826,performance
Verygood app,5,2022-11-07,CBE,Google Play Store,POSITIVE,0.9989676475524902,other
I have been using this app for the past 2 years and I never had faced this kind of problem The problem is when you want to transfer it always says error or account pending then you think it didn't work unfortunately when you check your balance again it's already deducted,1,2022-11-04,CBE,Google Play Store,NEGATIVE,0.9967367053031921,"login_issues, transactions, bugs"
"The worst experience ever, It sends money while showing an error. Such incompetence from a company of this size!",1,2022-11-04,CBE,Google Play Store,NEGATIVE,0.9997910857200623,"transactions, bugs"
I dont recommend this app Because when you make transfer or any transaction you dont get digtal resipt even if the transaction is done if you fix this the app is good enough,1,2022-11-04,CBE,Google Play Store,NEGATIVE,0.7942888140678406,transactions
Solve sync pb,4,2022-11-04,CBE,Google Play Store,POSITIVE,0.7754892706871033,other
Very late the only app is never seen in my life,1,2022-11-03,CBE,Google Play Store,NEGATIVE,0.9966262578964233,other
በጣም ጥሩ ነው አዳዲስ አገልግሎቶች ቢጨመሩበት ደግሞ መልካም ነው,5,2022-11-02,CBE,Google Play Store,NEGATIVE,0.9322325587272644,other
Clear and easy to use,5,2022-11-02,CBE,Google Play Store,POSITIVE,0.9998252987861633,other
So amazing ap !!!!,5,2022-11-02,CBE,Google Play Store,POSITIVE,0.9998749494552612,other
"As a financial app, the app should be more sensetive for any action. When i do some transaction, it shows error message. But the transaction already done at the back. If you see error messages, it may not be error. Automatically stop doing any action see your balance and wait for your sms.",1,2022-11-01,CBE,Google Play Store,NEGATIVE,0.9945113658905029,"transactions, bugs"
No problem so far,5,2022-11-01,CBE,Google Play Store,POSITIVE,0.9951242804527283,other
"It's very extraordinary app, the user interface is soo awesome, most importantly it's very user friendly. In terms of speed and services its unbelievably fast and flexible. I really appreciate the crews who've been working behind the scene to make this wonderful job alive. Well done !",5,2022-10-31,CBE,Google Play Store,POSITIVE,0.9998512268066406,"performance, ui_ux, customer_support"
በጣም አሪፍ ነው,5,2022-10-31,CBE,Google Play Store,NEGATIVE,0.8337246179580688,other
You should integrate hijra & ZamZam bank in the other banks,5,2022-10-31,CBE,Google Play Store,NEGATIVE,0.5337646007537842,other
No commente keep working 👍,5,2022-10-27,CBE,Google Play Store,NEGATIVE,0.9946712851524353,other
Sumalaw,4,2022-10-26,CBE,Google Play Store,POSITIVE,0.9877538084983826,other
Best ever,5,2022-10-24,CBE,Google Play Store,POSITIVE,0.999841570854187,other
Easy and time consuming,1,2022-10-24,CBE,Google Play Store,POSITIVE,0.8958805799484253,other
We need access any where in the world keeps up my Ethiopian banking services,5,2022-10-24,CBE,Google Play Store,NEGATIVE,0.997209370136261,"login_issues, customer_support"
Wow very good,5,2022-10-23,CBE,Google Play Store,POSITIVE,0.9998693466186523,other
It’s really good apps and keep up a good work. Thank you.,5,2022-10-23,CBE,Google Play Store,POSITIVE,0.9998806715011597,other
Lot of things missing and doesn't update quickly,2,2022-10-23,CBE,Google Play Store,NEGATIVE,0.9987984895706177,other
Its good but Sometimes it doesn't show me my full transaction and lately we haven't been able to transfer anything,4,2022-10-22,CBE,Google Play Store,NEGATIVE,0.9959325194358826,transactions
Is not showing my account details,1,2022-10-22,CBE,Google Play Store,NEGATIVE,0.9997383952140808,login_issues
3 years,3,2022-10-21,CBE,Google Play Store,POSITIVE,0.9719199538230896,other
You improved the service of this app much better.,5,2022-10-20,CBE,Google Play Store,POSITIVE,0.9891020655632019,customer_support
Reliable!,4,2022-10-19,CBE,Google Play Store,POSITIVE,0.9998536109924316,other
"We need the previous Version. This one doesn't work, specially while you are in recents and tries to scroll down. Its just rubbish. YOU BETTER SOLVE IT, OR I will transfer to AWASH.",1,2022-10-19,CBE,Google Play Store,NEGATIVE,0.9998052716255188,transactions
"I have seen lots of issues on this app one of them is you can't use them in multiple device and you have to go to the place you opened your account in order to get mobile banking even if you change you device you have to go to the branch to activate it, why can't you just make it easy like the others banking system in Ethiopia. You should learn from abbisinia and dashen to be honest",1,2022-10-18,CBE,Google Play Store,NEGATIVE,0.8057066798210144,login_issues
With this app i can not share or download transaction data after pay or transfer,3,2022-10-18,CBE,Google Play Store,NEGATIVE,0.9954807758331299,transactions
Good too,4,2022-10-17,CBE,Google Play Store,POSITIVE,0.9998325109481812,other
Best app in Ethiopia banking,5,2022-10-16,CBE,Google Play Store,POSITIVE,0.9993988275527954,other
Simple and easy to use.,4,2022-10-14,CBE,Google Play Store,POSITIVE,0.9997629523277283,other
Nice to me and,5,2022-10-11,CBE,Google Play Store,POSITIVE,0.9998480081558228,other
"Better if we can have an option to save other bank accounts, like we save beneficiaries having CBE accounts. Let's have an option to add beneficiaries with other bank accounts.",4,2022-10-11,CBE,Google Play Store,NEGATIVE,0.9991432428359985,login_issues
"Please add ""Account Statement"" menu starting from date of account opened, instead of recent transactions.",5,2022-10-10,CBE,Google Play Store,NEGATIVE,0.9411606192588806,"login_issues, transactions"
Poor app don't use it,1,2022-10-10,CBE,Google Play Store,NEGATIVE,0.9995912909507751,other
Why there is no ussd service for mobile banking.,2,2022-10-08,CBE,Google Play Store,NEGATIVE,0.9983702301979065,customer_support
"It's good, and helped me alot",5,2022-10-07,CBE,Google Play Store,POSITIVE,0.999855637550354,customer_support
I really like this app,5,2022-10-07,CBE,Google Play Store,POSITIVE,0.9996378421783447,other
Its ok!!!,5,2022-10-07,CBE,Google Play Store,POSITIVE,0.9997929930686951,other
It's easy to use except it sometimes stack to respond.,4,2022-10-07,CBE,Google Play Store,NEGATIVE,0.5186076760292053,other
Good think,5,2022-10-06,CBE,Google Play Store,POSITIVE,0.9998559951782227,other
።።፥።ጵልልች ፦።ል፣ሎክልልዝጥ,5,2022-10-06,CBE,Google Play Store,NEGATIVE,0.9366678595542908,other
Very good Very good,1,2022-10-06,CBE,Google Play Store,POSITIVE,0.9998612403869629,other
Best app i love it,5,2022-10-06,CBE,Google Play Store,POSITIVE,0.9998480081558228,other
"Most of the time, in the 'Recents' button the app becomes stuck and doesn't show up details of transactions and doesn't even scroll down; should be solved. Second, the app doesn't save the last pop-up screen when a transaction is complete. Third, there is no telebirr transfer to other person option and the app by default lets you to only own telebirr transfer.",4,2022-10-06,CBE,Google Play Store,NEGATIVE,0.9994291663169861,transactions
My phone said after intalling the app the this divice is rooted you can't use this app how can fix it,4,2022-10-04,CBE,Google Play Store,NEGATIVE,0.9991573095321655,other
addisneda,5,2022-10-04,CBE,Google Play Store,POSITIVE,0.9685196280479431,other
Hell cool,4,2022-10-04,CBE,Google Play Store,POSITIVE,0.998794674873352,other
"This is an easy to use app; I wish it could include time of transaction, in addition to the date on the reports",4,2022-10-04,CBE,Google Play Store,NEGATIVE,0.9358174800872803,transactions
Its fast and reliable to use. I really liked it.,5,2022-10-04,CBE,Google Play Store,POSITIVE,0.9998470544815063,performance
Commercial,5,2022-10-03,CBE,Google Play Store,NEGATIVE,0.9959623217582703,other
"Every thing is good and functional , but the password length is too short and it is also receive only 4 numbers. I wish if the password field receives string",5,2022-10-02,CBE,Google Play Store,NEGATIVE,0.9979165196418762,login_issues
Your app is very simple to use. But please add search option so that we can easily find our transaction done with an account number.,5,2022-10-01,CBE,Google Play Store,NEGATIVE,0.8893947005271912,"login_issues, transactions"
Best app for ethio,5,2022-10-01,CBE,Google Play Store,POSITIVE,0.9992720484733582,other
It is not synchronizing. It was working nicely for me but now not updating my balance. Talked to the bankers but failed to solve it.,3,2022-10-01,CBE,Google Play Store,NEGATIVE,0.9997197985649109,other
its good only where mobile data and wifi avelible areas,3,2022-10-01,CBE,Google Play Store,POSITIVE,0.7761726975440979,other
Very good!,5,2022-09-30,CBE,Google Play Store,POSITIVE,0.9998525381088257,other
U are the best as always,5,2022-09-30,CBE,Google Play Store,POSITIVE,0.9998451471328735,other
Super fast app good work,3,2022-09-30,CBE,Google Play Store,POSITIVE,0.9998477697372437,performance
በጣም አሪፍ App ነው ከባንክ ሰልፍ እና ብር ተሸክሞ ከመዞር ገላግሎኛል ።,5,2022-09-29,CBE,Google Play Store,NEGATIVE,0.9529529213905334,other
When I started using the app for the first time I like it. But through time it started annoying me😠 Because it doesn't update the transaction history immediately. I remember one day I transferred 17000 to another account but I can't took screenshots of transportation history. It says repository........! It needs urgent system maintenance ‼️,4,2022-09-28,CBE,Google Play Store,NEGATIVE,0.9979895353317261,"login_issues, transactions"
Fantastic apps,5,2022-09-24,CBE,Google Play Store,POSITIVE,0.999872088432312,other
ORO,5,2022-09-24,CBE,Google Play Store,POSITIVE,0.9971737861633301,other
Nice and smooth,5,2022-09-24,CBE,Google Play Store,POSITIVE,0.9998623132705688,other
Unexpectedly non functional .impossible to perform tasks. Shat shall i do??,5,2022-09-22,CBE,Google Play Store,NEGATIVE,0.9997884631156921,other
Intetesting Application for Banking. I use it since 2020.,5,2022-09-21,CBE,Google Play Store,NEGATIVE,0.9886289834976196,other
Very poor,1,2022-09-20,CBE,Google Play Store,NEGATIVE,0.9997965693473816,other
"Best and easy application wich i like too. But try to incorporate d/t languages .e.g Afan oromo, somale, etc. to make more easier and convince for these who do not know english and amharic. Just like cbe birr.",5,2022-09-17,CBE,Google Play Store,NEGATIVE,0.88648921251297,other
"It is a good and progressive app through the updates. I think the app should further solve its bugs like 1. It doesn't download or share attachment on android 12 and 11, it used to work on android 10. 2. Sometimes transactions seem like they have failed and there are no records, but the transactions actually have passed this is a very serious issue, because people will try the transaction again which will end up doubling the payment.",4,2022-09-15,CBE,Google Play Store,POSITIVE,0.5521485209465027,"transactions, bugs"
Its good. But recently i have been having some problems. The app is transferring my money for a second time after i do. It shows the first transfer has failed and i usually do it again. Then after it shows that i have made two transfers. Could you fix this. Thank you,3,2022-09-15,CBE,Google Play Store,NEGATIVE,0.9969295859336853,transactions
Good application is nice to same time and effort,5,2022-09-14,CBE,Google Play Store,POSITIVE,0.9996022582054138,other
It's cool app actually but it didn't accept transfer reasons more than once,5,2022-09-14,CBE,Google Play Store,NEGATIVE,0.9747452735900879,transactions
tha kse,1,2022-09-10,CBE,Google Play Store,NEGATIVE,0.9038353562355042,other
በጣም ምቹ መተግበሪያ ነው,5,2022-09-10,CBE,Google Play Store,NEGATIVE,0.8616323471069336,other
"Best in every thing but we can't trarnsfer to other banks with RTGS it costs us 50 cent per 100 birr which means 500 birr for 100,000 birr it's not fair to cost us this much. Even Abyssinia bank has RTGS which only cost 25 birr to transfer as much as we want. So, pls update ur system",2,2022-09-10,CBE,Google Play Store,NEGATIVE,0.9983518123626709,transactions
"Nice,easy and saving time. Its the best app",5,2022-09-10,CBE,Google Play Store,POSITIVE,0.9998652935028076,other
Good so far. Much better than other bank apps.,5,2022-09-09,CBE,Google Play Store,POSITIVE,0.999818742275238,other
"It says your device is rooted ,i cannot access this app with my device Which is samsung A21s",1,2022-09-09,CBE,Google Play Store,NEGATIVE,0.9770519137382507,login_issues
"Best and easy app for use than any other local bank's mobile banking system. But the system doesn't show recent transaction some times, though the transaction has done. Better to do on this and other upgrading facilities.",5,2022-09-08,CBE,Google Play Store,NEGATIVE,0.9876498579978943,transactions
Exlent app..,2,2022-09-08,CBE,Google Play Store,NEGATIVE,0.9797520041465759,other
Excellent App,5,2022-09-07,CBE,Google Play Store,POSITIVE,0.9998356103897095,other
It's the most simple and yet most effective app in Ethiopia. I'm really enjoying the usability of the app.,5,2022-09-06,CBE,Google Play Store,POSITIVE,0.9998019337654114,other
Ft birr metenu bishashal arid new,5,2022-09-05,CBE,Google Play Store,NEGATIVE,0.9495575428009033,other
"It is a good app, but when there is no readymade bill for payment, it doesn't tell anything, just say continue. It will be nice if it tells us, the bill is not yet ready for payment.",4,2022-09-05,CBE,Google Play Store,NEGATIVE,0.9927352666854858,transactions
Very cool and best app. Keep up the good work.,5,2022-09-05,CBE,Google Play Store,POSITIVE,0.9998749494552612,other
"Nice ui, but it fails to update info constantly after the recent update. The transition is not smooth, with 120hz refresh rate its not smooth seems like very old. Need to add more security, whenever someone exits the app and returns from recent tab it just opens, it should have asked to insert pin everytime someone returns back. Fix these things",2,2022-09-04,CBE,Google Play Store,NEGATIVE,0.9985519051551819,other
There is a problem with the app after the new update I can't share the transaction,3,2022-09-04,CBE,Google Play Store,NEGATIVE,0.9995705485343933,transactions
This up is very good only problem is no access of seeing your balance Otherwise it is very easy to you use and its so fast just work on that above mentioned Stay blessed 🙏🙏🙏❤️,5,2022-09-03,CBE,Google Play Store,POSITIVE,0.9763654470443726,"login_issues, performance"
Miftahi,5,2022-09-01,CBE,Google Play Store,NEGATIVE,0.7194499373435974,other
It is good but the transaction statement couldn't be shared or downloaded.,4,2022-09-01,CBE,Google Play Store,POSITIVE,0.5762354731559753,transactions
Very good app. But include money transfer from oneself account to others telebirr,5,2022-08-31,CBE,Google Play Store,NEGATIVE,0.6142752766609192,"login_issues, transactions"
Wowww this app is good,5,2022-08-30,CBE,Google Play Store,POSITIVE,0.9998416900634766,other
commersal BANK,5,2022-08-29,CBE,Google Play Store,POSITIVE,0.9966104626655579,other
It's the chooser,5,2022-08-29,CBE,Google Play Store,POSITIVE,0.9976588487625122,other
"Great Experience 👍 but there is o e thing that highly bother me *the password to login every time you open the app 😒 it ask you a pin instead what I say you can make it to be a fingerprint, because putting password continously so frustrating and also not secure as somebody can see our pin Thank you 😊",4,2022-08-29,CBE,Google Play Store,NEGATIVE,0.9993340373039246,login_issues
The time it takes for the customer service to solve issues is very impressively bad,1,2022-08-28,CBE,Google Play Store,NEGATIVE,0.9998086094856262,customer_support
Amazing app it's easy to use,5,2022-08-28,CBE,Google Play Store,POSITIVE,0.999847412109375,other
To speak frankly the app is good but it is too slow,1,2022-08-27,CBE,Google Play Store,NEGATIVE,0.9974907636642456,performance
Cool and functional,5,2022-08-26,CBE,Google Play Store,POSITIVE,0.9998703002929688,other
"The app is unresponsive the time when the fragments are attached. It is just like shivering. Still, I can't download the transaction history instead it just toasted me can't save. Please consider all this things. But I would recommed you to use a tab layout. This is because, consider I am using latest Samsung 🤔 device, how do you think that your app is running on other damn devices like techno and itel ? It is horrible.",3,2022-08-26,CBE,Google Play Store,NEGATIVE,0.9992790818214417,"transactions, ui_ux"
Please add the feature used to get reset that will be printed as document after payment done via this app rather the customers uses screen shot.,5,2022-08-26,CBE,Google Play Store,NEGATIVE,0.996337890625,transactions
it's very nice app,5,2022-08-26,CBE,Google Play Store,POSITIVE,0.9998631477355957,other
Really it is very important and time saving to make transaction trade benefecieries,5,2022-08-25,CBE,Google Play Store,POSITIVE,0.9993788003921509,transactions
Can't download or share transaction summary.,2,2022-08-23,CBE,Google Play Store,NEGATIVE,0.9987969398498535,transactions
The app can't sync and functioning at all.,1,2022-08-23,CBE,Google Play Store,NEGATIVE,0.9997418522834778,other
Owww it is very apk,5,2022-08-22,CBE,Google Play Store,NEGATIVE,0.9461391568183899,other
For Easy life,5,2022-08-21,CBE,Google Play Store,POSITIVE,0.9963665008544922,other
The problem of this application is ፥ during transfer /tranzaction/pending or dliance problem that means the ricivers can't see the tranzaction at real time,1,2022-08-20,CBE,Google Play Store,NEGATIVE,0.9992337226867676,transactions
Best apk,5,2022-08-18,CBE,Google Play Store,POSITIVE,0.9997425675392151,other
Current UI is ok but this version has got so many bugs previous version was working very well now these one crashes a lot now i cant even see my balance whats up with it and too much limitation please hurry and make some changes,5,2022-08-18,CBE,Google Play Store,NEGATIVE,0.992443859577179,bugs
Good but you must improve it,5,2022-08-17,CBE,Google Play Store,POSITIVE,0.9977139234542847,other
it is nice,4,2022-08-16,CBE,Google Play Store,POSITIVE,0.9998648166656494,other
Goodapps.,5,2022-08-15,CBE,Google Play Store,POSITIVE,0.9998272061347961,other
A wonderful Efficient n reliable app!,5,2022-08-14,CBE,Google Play Store,POSITIVE,0.9998840093612671,other
Yyyeee,5,2022-08-14,CBE,Google Play Store,POSITIVE,0.8355664014816284,other
Nic,5,2022-08-14,CBE,Google Play Store,POSITIVE,0.9977141618728638,other
I was used it is good app.,5,2022-08-12,CBE,Google Play Store,POSITIVE,0.9997764229774475,other
Amaz?ng,5,2022-08-12,CBE,Google Play Store,NEGATIVE,0.9493876695632935,other
Good app but when i want to tranfer to other banks there is ZEMZEM BANK and HIJRA BENK . add these banks.,3,2022-08-11,CBE,Google Play Store,POSITIVE,0.5756330490112305,other
i want to exercise the appl.,4,2022-08-11,CBE,Google Play Store,NEGATIVE,0.9620676040649414,other
Find it so good and helpful but can't download attachment,5,2022-08-10,CBE,Google Play Store,POSITIVE,0.6404244899749756,customer_support
Downloading,5,2022-08-10,CBE,Google Play Store,POSITIVE,0.9289595484733582,other
User friendly app. New of the kind in Ethio,5,2022-08-09,CBE,Google Play Store,POSITIVE,0.995864987373352,ui_ux
This app is simple for uses,3,2022-08-09,CBE,Google Play Store,POSITIVE,0.9888727068901062,other
Iam very admired,5,2022-08-07,CBE,Google Play Store,POSITIVE,0.9996675252914429,other
The application is best based on the online banking system. But sometimes it shows previous balance when logging in and it confuses after making transaction,5,2022-08-07,CBE,Google Play Store,NEGATIVE,0.9977995753288269,transactions
Its have some bugs when iam close the app its redirected to open the ap pls fix it,3,2022-08-07,CBE,Google Play Store,NEGATIVE,0.9991081357002258,bugs
It's wonderful app Tanks befor.,5,2022-08-05,CBE,Google Play Store,POSITIVE,0.9998113512992859,other
This one of the best app for my money 😜,5,2022-08-05,CBE,Google Play Store,POSITIVE,0.9996079802513123,other
Super confused app,1,2022-08-05,CBE,Google Play Store,NEGATIVE,0.9993126392364502,other
"Great app, it made my daily transactions very easy happy to have it. Kudos!",5,2022-08-04,CBE,Google Play Store,POSITIVE,0.9998263716697693,transactions
One of the best apps ever created. Its very beneficial I like it more,5,2022-08-04,CBE,Google Play Store,POSITIVE,0.999872088432312,other
"Best app to transfer money ,, Very fast & update itself immediately",5,2022-08-03,CBE,Google Play Store,POSITIVE,0.9980708956718445,"performance, transactions"
That is good,5,2022-08-03,CBE,Google Play Store,POSITIVE,0.9998364448547363,other
It very amazing app,4,2022-08-02,CBE,Google Play Store,POSITIVE,0.9998756647109985,other
Easy to use and accessable from anywhere in the world 🌎,5,2022-07-31,CBE,Google Play Store,POSITIVE,0.998857855796814,login_issues
amezing app,3,2022-07-31,CBE,Google Play Store,POSITIVE,0.9904307723045349,other
Its nice app. If its possible please try to add standing order option. We need it just to contribute small money in monthly basis for people in need or for spiritual things.,5,2022-07-29,CBE,Google Play Store,NEGATIVE,0.9486605525016785,other
Am satisfied with this app,1,2022-07-27,CBE,Google Play Store,POSITIVE,0.9993098974227905,other
Ayesarem,5,2022-07-26,CBE,Google Play Store,POSITIVE,0.9950506091117859,other
"It's good app, couse of shawing the debit & credit amount on time it's sometimes late if not I could have given it 5 star.",4,2022-07-25,CBE,Google Play Store,POSITIVE,0.9994823932647705,other
Saving money my account bank and my phone number,5,2022-07-24,CBE,Google Play Store,NEGATIVE,0.7580043077468872,login_issues
Really good app,5,2022-07-24,CBE,Google Play Store,POSITIVE,0.9998643398284912,other
ajvj,5,2022-07-23,CBE,Google Play Store,NEGATIVE,0.6780599355697632,other
Why it stucks?i cant see my balance and accunt nuber site,5,2022-07-22,CBE,Google Play Store,NEGATIVE,0.9993734955787659,other
Very poor and slow.,1,2022-07-21,CBE,Google Play Store,NEGATIVE,0.999778687953949,performance
It was best app but after updating it doesn't synchronize easily it respond null and become worest app,1,2022-07-17,CBE,Google Play Store,NEGATIVE,0.9972819089889526,other
So much easy but please add CBE birr into the program.,5,2022-07-16,CBE,Google Play Store,POSITIVE,0.9289133548736572,other
Good servic,5,2022-07-16,CBE,Google Play Store,POSITIVE,0.999850869178772,other
It is awesome,4,2022-07-15,CBE,Google Play Store,POSITIVE,0.9998723268508911,other
Good but needs further features!,3,2022-07-14,CBE,Google Play Store,POSITIVE,0.9194703102111816,other
really good app but sometimes doublicates the transaction.,4,2022-07-12,CBE,Google Play Store,POSITIVE,0.9557569622993469,transactions
I like it it's very nice app,3,2022-07-12,CBE,Google Play Store,POSITIVE,0.9998667240142822,other
Really great app!!!,5,2022-07-11,CBE,Google Play Store,POSITIVE,0.9998528957366943,other
Eshi,5,2022-07-11,CBE,Google Play Store,POSITIVE,0.9907397031784058,other
Love it,5,2022-07-09,CBE,Google Play Store,POSITIVE,0.9998753070831299,other
user always,5,2022-07-09,CBE,Google Play Store,POSITIVE,0.9881998300552368,other
Its very important this app,5,2022-07-08,CBE,Google Play Store,POSITIVE,0.9996950626373291,other
Can't see transaction detail on android 5.0,3,2022-07-07,CBE,Google Play Store,NEGATIVE,0.9814317226409912,transactions
The Best banking app I have ever seen in Ethiopian banking industry.,5,2022-07-06,CBE,Google Play Store,POSITIVE,0.999810516834259,other
Best banking app,5,2022-07-05,CBE,Google Play Store,POSITIVE,0.999736487865448,other
I love the application,5,2022-07-04,CBE,Google Play Store,POSITIVE,0.9998422861099243,other
The most intersting app service that is easy to use and operate. Excellent service.,5,2022-07-04,CBE,Google Play Store,POSITIVE,0.9996532201766968,customer_support
"So far, it was so good. However, I am very worried since the application is so difficult to update.",5,2022-07-04,CBE,Google Play Store,NEGATIVE,0.93424391746521,other
This app is very nice and easy to use! It better to have a small size,4,2022-07-04,CBE,Google Play Store,POSITIVE,0.9969071745872498,other
Faster banking with cbe,5,2022-07-03,CBE,Google Play Store,POSITIVE,0.9976086616516113,performance
I can't retrieve statements from the mobile app,1,2022-07-03,CBE,Google Play Store,NEGATIVE,0.9995889067649841,other
Perfakte,5,2022-07-02,CBE,Google Play Store,POSITIVE,0.6148372292518616,other
Perfect app i love it,5,2022-07-02,CBE,Google Play Store,POSITIVE,0.9998805522918701,other
The app notification code it's not link phone or email this means if you change phone you can't access your account easily,2,2022-07-02,CBE,Google Play Store,NEGATIVE,0.9983342289924622,login_issues
Where does it store the downoaded transaction detail png?,3,2022-07-01,CBE,Google Play Store,NEGATIVE,0.9994174242019653,transactions
CBE customer for more than 14 years,5,2022-07-01,CBE,Google Play Store,POSITIVE,0.9659830331802368,other
It is good but not update quickly,4,2022-07-01,CBE,Google Play Store,POSITIVE,0.9976673126220703,other
Most of the times I receive text of my balance the next day.,2,2022-06-30,CBE,Google Play Store,NEGATIVE,0.9914199113845825,other
Fast and secure banking app I've ever seen,5,2022-06-30,CBE,Google Play Store,POSITIVE,0.9982203841209412,performance
V good app,5,2022-06-28,CBE,Google Play Store,POSITIVE,0.9978657364845276,other
All,1,2022-06-27,CBE,Google Play Store,POSITIVE,0.9902591705322266,other
I couldn't using this appa my phone if you fixing problem of apps Thank you,5,2022-06-27,CBE,Google Play Store,NEGATIVE,0.994632363319397,other
"it has low security system, it require too much space it dose not diserve",2,2022-06-27,CBE,Google Play Store,NEGATIVE,0.9901832938194275,other
Very good APP,5,2022-06-27,CBE,Google Play Store,POSITIVE,0.9998675584793091,other
Nice.,5,2022-06-26,CBE,Google Play Store,POSITIVE,0.9998674392700195,other
Very easy and clear to use.,5,2022-06-26,CBE,Google Play Store,POSITIVE,0.999656081199646,other
Fantastic!,5,2022-06-26,CBE,Google Play Store,POSITIVE,0.9998747110366821,other
I am Orthodox Christian but why on earth you think only Muslims use interest free accounts. Shame on you,1,2022-06-26,CBE,Google Play Store,NEGATIVE,0.999143123626709,login_issues
It's cool even though it takes a thousand years to update.,4,2022-06-25,CBE,Google Play Store,POSITIVE,0.9998108744621277,other
"Broadly speaking, it is good app. But recently I have noticed a problem when trying to see the recent transactions it becomes very slow and sluggish even closes and also have seen this on my friends' phone. So, this should be corrected asap and speed should be core feature",4,2022-06-25,CBE,Google Play Store,NEGATIVE,0.9942944645881653,"performance, transactions"
አሪፍ አፕ,5,2022-06-22,CBE,Google Play Store,NEGATIVE,0.7850580215454102,other
Garisalo gamunoa kamunikal dvvjdgvj,5,2022-06-22,CBE,Google Play Store,NEGATIVE,0.9121864438056946,other
Very poor can not updated!,1,2022-06-21,CBE,Google Play Store,NEGATIVE,0.999756395816803,other
"Its not updating properly ,not working",1,2022-06-21,CBE,Google Play Store,NEGATIVE,0.9997925162315369,other
I love this app,5,2022-06-21,CBE,Google Play Store,POSITIVE,0.9998608827590942,other
It says none available,3,2022-06-20,CBE,Google Play Store,NEGATIVE,0.9996892213821411,other
"I cann't speak a word. without emotion It is a nice app,keep it up by updating",5,2022-06-20,CBE,Google Play Store,POSITIVE,0.9906438589096069,other
Nice app proudly made in 🇪🇹ETHIOPIA,5,2022-06-20,CBE,Google Play Store,POSITIVE,0.9996944665908813,other
Up date ስለው አይከፍትም,5,2022-06-20,CBE,Google Play Store,POSITIVE,0.9972315430641174,other
It is easy to operat & issential app. I'm using still.,5,2022-06-19,CBE,Google Play Store,NEGATIVE,0.9963433146476746,other
The App is highly secured one and easy to use.,5,2022-06-19,CBE,Google Play Store,POSITIVE,0.9979200959205627,other
The app. Is very efficient though delay in bank to bank transfer service is witnessed.,5,2022-06-19,CBE,Google Play Store,POSITIVE,0.9992953538894653,"transactions, customer_support"
I love last update 🌹,5,2022-06-19,CBE,Google Play Store,POSITIVE,0.9992691874504089,other
Very reliable,5,2022-06-18,CBE,Google Play Store,POSITIVE,0.999860405921936,other
It is a great application with full of credibility.,5,2022-06-18,CBE,Google Play Store,POSITIVE,0.9997304081916809,other
Good app need some updates,5,2022-06-18,CBE,Google Play Store,POSITIVE,0.9962576627731323,other
Onli add monthly statement page list.,5,2022-06-18,CBE,Google Play Store,POSITIVE,0.9157699942588806,other
I am satisfied with this app.,5,2022-06-18,CBE,Google Play Store,POSITIVE,0.9996708631515503,other
Better application that helps you to manage your account activities.,5,2022-06-17,CBE,Google Play Store,POSITIVE,0.9639886617660522,"login_issues, customer_support"
Very moderney,5,2022-06-17,CBE,Google Play Store,POSITIVE,0.9991703033447266,other
Easy to use and save time I like it,3,2022-06-17,CBE,Google Play Store,POSITIVE,0.9991329312324524,other
Best of best,5,2022-06-16,CBE,Google Play Store,POSITIVE,0.9997496008872986,other
Busy,5,2022-06-15,CBE,Google Play Store,NEGATIVE,0.9995279312133789,other
This app makes my job easier.,5,2022-06-15,CBE,Google Play Store,POSITIVE,0.9750535488128662,other
Usefull and good apps,5,2022-06-15,CBE,Google Play Store,POSITIVE,0.9998311996459961,other
Simple&fast app.I like it.,5,2022-06-14,CBE,Google Play Store,POSITIVE,0.9997907280921936,other
I can't open it when I change phone horror!,2,2022-06-12,CBE,Google Play Store,NEGATIVE,0.998276948928833,other
It is agood app rather than other bank apps in ethiopia but the transaction limit should be in greater,5,2022-06-11,CBE,Google Play Store,NEGATIVE,0.9866840243339539,transactions
Amazing app thanks,5,2022-06-11,CBE,Google Play Store,POSITIVE,0.9998599290847778,other
Download,5,2022-06-11,CBE,Google Play Store,POSITIVE,0.9691484570503235,other
This App.Better For any Person How Use Bank,5,2022-06-10,CBE,Google Play Store,NEGATIVE,0.9969995617866516,other
Really it is fast!,4,2022-06-09,CBE,Google Play Store,POSITIVE,0.9996603727340698,performance
Easy and simple...i like it,5,2022-06-09,CBE,Google Play Store,POSITIVE,0.9998542070388794,other
Why does it take a day for the app to show a recent withdraw and deposit,3,2022-06-08,CBE,Google Play Store,NEGATIVE,0.9991058707237244,other
Very very help me.,5,2022-06-08,CBE,Google Play Store,POSITIVE,0.5073809027671814,customer_support
Bad service,1,2022-06-07,CBE,Google Play Store,NEGATIVE,0.9997195601463318,customer_support
Amanuale haille,5,2022-06-07,CBE,Google Play Store,POSITIVE,0.9817874431610107,other
Waw I am delighted with this app.,5,2022-06-06,CBE,Google Play Store,POSITIVE,0.9998434782028198,other
"Very productive app, i love this app.",5,2022-06-06,CBE,Google Play Store,POSITIVE,0.9998700618743896,other
Best app & latest.,5,2022-06-05,CBE,Google Play Store,POSITIVE,0.9998018145561218,other
Best App.I have used for many years.,5,2022-06-05,CBE,Google Play Store,POSITIVE,0.9995843768119812,other
Very very bad app so embarrassing,1,2022-06-05,CBE,Google Play Store,NEGATIVE,0.9997953772544861,other
Very good and easy to use app,1,2022-06-03,CBE,Google Play Store,POSITIVE,0.9998717308044434,other
Poor quality,1,2022-06-02,CBE,Google Play Store,NEGATIVE,0.9997573494911194,other
በጣም ተመችቶኛል,5,2022-06-02,CBE,Google Play Store,NEGATIVE,0.7850580215454102,other
Love this app Couse it makes my life Easier,5,2022-06-02,CBE,Google Play Store,POSITIVE,0.9995942711830139,other
I love it😍,5,2022-06-02,CBE,Google Play Store,POSITIVE,0.9998080134391785,other
This is an amazing application. It is very easy to use and understand. CBE Thanks for making it.,4,2022-06-02,CBE,Google Play Store,POSITIVE,0.999835729598999,other
ጥሩ አፕልኬሽን ነው ። ተጨማሪ የዲጂታል ከረንሲዎችን ማስተናፐድ እንዲችል ቢሆን ደግሞ ጥሩ ነበር።,5,2022-06-02,CBE,Google Play Store,NEGATIVE,0.9528432488441467,other
"Simple, clear, smart and easy. Download right now and use it.",4,2022-06-01,CBE,Google Play Store,POSITIVE,0.9994997978210449,other
"I would have given the app 5 stars if the download or share function of the last transaction confirmation is working. I wonder why you desabled it as I repeatedly obliged to screenshot the confirmation. If I were you, enable is as even pdf file to print and file. I hope you will correct by updating it.",4,2022-05-30,CBE,Google Play Store,NEGATIVE,0.996541440486908,transactions
"Best Mobile Banking App, easy and Clear to use.",5,2022-05-29,CBE,Google Play Store,POSITIVE,0.9995936751365662,other
Easy beautiful design,5,2022-05-28,CBE,Google Play Store,POSITIVE,0.9998773336410522,ui_ux
The best💜💜,5,2022-05-27,CBE,Google Play Store,NEGATIVE,0.5218085646629333,other
Very nice App,5,2022-05-27,CBE,Google Play Store,POSITIVE,0.9998562335968018,other
It is good application.,1,2022-05-27,CBE,Google Play Store,POSITIVE,0.999868631362915,other
The Best And Suitabel And Easy To Use,5,2022-05-26,CBE,Google Play Store,POSITIVE,0.999824583530426,other
No mobile app like this. Really an amazing,5,2022-05-26,CBE,Google Play Store,POSITIVE,0.99954754114151,other
It was good until I have many transactions then it started to stack and lagg,2,2022-05-26,CBE,Google Play Store,NEGATIVE,0.7652090191841125,"performance, transactions"
"The app overlaps on other apps after closing, please bring some improvements. The rest is best.",5,2022-05-25,CBE,Google Play Store,POSITIVE,0.9980241060256958,other
ለመጠቀም በጣም ቀላልና አመቺ ነዉ!,5,2022-05-25,CBE,Google Play Store,POSITIVE,0.9945303797721863,other
Very atractive app,5,2022-05-25,CBE,Google Play Store,NEGATIVE,0.9986037611961365,other
"I'm blind. I have been using this service since 2008 EC. More or less both versions are accessible to our screen reader, talkback. However, after updating the app, its account tab couldn't display second account which is connected via CBE account. Secondly after transfering money, it shows save and share options but doesn't work.",3,2022-05-23,CBE,Google Play Store,NEGATIVE,0.9989578723907471,"login_issues, transactions, customer_support"
"Very disappointing, it doesnt order transaction correctly, it randomly switches the orders everytime you refresh it, it sometimes shows wrong dates. Very unorganized.",1,2022-05-23,CBE,Google Play Store,NEGATIVE,0.9996799230575562,transactions
It performs two transaction with just one request....በጣም ቆሻሻ የሆነ app nw የእዉነት,1,2022-05-23,CBE,Google Play Store,NEGATIVE,0.9816111326217651,transactions
Vip,5,2022-05-23,CBE,Google Play Store,POSITIVE,0.9991161227226257,other
Can't update or syinc transactions,1,2022-05-22,CBE,Google Play Store,NEGATIVE,0.9973217844963074,transactions
This is very good app; Thank you developers!,5,2022-05-20,CBE,Google Play Store,POSITIVE,0.9998738765716553,other
Good easy and fast,5,2022-05-20,CBE,Google Play Store,POSITIVE,0.9998588562011719,performance
አፑን ስጠቀም የመጀመሪያዬ ነው ..... This is one of the most user friendly app that i have ever been using on my phone ..... I wish i could give you not 5* but 55* ...keep it up !!,5,2022-05-20,CBE,Google Play Store,POSITIVE,0.9982751607894897,ui_ux
CBE is the best!,5,2022-05-19,CBE,Google Play Store,POSITIVE,0.999850869178772,other
Quick and easy to you it.. I liked it,5,2022-05-18,CBE,Google Play Store,POSITIVE,0.9998409748077393,other
Nigd,5,2022-05-18,CBE,Google Play Store,NEGATIVE,0.9927654266357422,other
It is best app but samtime busy,5,2022-05-16,CBE,Google Play Store,NEGATIVE,0.9838735461235046,other
Smart app Thanks 👍👍👍,5,2022-05-16,CBE,Google Play Store,POSITIVE,0.999782145023346,other
At work,5,2022-05-15,CBE,Google Play Store,POSITIVE,0.9920561909675598,other
Very best App,5,2022-05-15,CBE,Google Play Store,POSITIVE,0.9998177886009216,other
Fast and time saving app.,5,2022-05-14,CBE,Google Play Store,POSITIVE,0.9957491159439087,performance
Sometimes it's busy the remain is good,4,2022-05-13,CBE,Google Play Store,POSITIVE,0.9908925294876099,other
BEST,5,2022-05-11,CBE,Google Play Store,POSITIVE,0.9997941851615906,other
"If I could go lower, I would. Don't trust it when it says transaction failed.",1,2022-05-10,CBE,Google Play Store,NEGATIVE,0.9997498393058777,transactions
"this is the best ethiopia application to transfer money account to account, bank to bank, pay bills, recharge your mobile card",5,2022-05-09,CBE,Google Play Store,POSITIVE,0.9958237409591675,"login_issues, transactions"
"I gave 1 star, because to get verification number must go to branch. Now day technology is developing by speed of light. Please make it register and usable without going branch. The i will give 5 star.",1,2022-05-09,CBE,Google Play Store,POSITIVE,0.9905492663383484,performance
"It is very interesting and useful app, it make easy process of finacial transaction, i like it",5,2022-05-08,CBE,Google Play Store,POSITIVE,0.9996254444122314,transactions
Useful and synchronized fast.,4,2022-05-08,CBE,Google Play Store,POSITIVE,0.9996633529663086,performance
I like the app but sometimes it gives you error message but the transfer was done even no notification so i thought not transferred so i do transfer again so i do double transfer Please improve this,3,2022-05-06,CBE,Google Play Store,NEGATIVE,0.975977897644043,"transactions, bugs"
ገንዘብ ከአካውንት ወደ አካውንት የሚያስተላልፉ ሰዎቸን ስም ወይም ስልካቸውን ብናገኝ እንደ ቤተክርስቲያን ደረሰኝ ለመስጠትና ለማመስገን ይረዳናል ።,4,2022-05-05,CBE,Google Play Store,NEGATIVE,0.9582905173301697,other
"It is best application for banking system. Because it's save time, and make easy all things like, paying for other, transferring mobile charging and etc... But it's good if you add mini statement option like tele birr app, it's make full.",4,2022-05-05,CBE,Google Play Store,POSITIVE,0.9991262555122375,transactions
Very easy to use.,5,2022-05-05,CBE,Google Play Store,POSITIVE,0.9993563294410706,other
It was good app I like it.,4,2022-05-05,CBE,Google Play Store,POSITIVE,0.9998646974563599,other
Stopped showing received or deposits recently.,3,2022-05-05,CBE,Google Play Store,NEGATIVE,0.9988152980804443,other
reviews,1,2022-05-04,CBE,Google Play Store,POSITIVE,0.998808741569519,other
Best app to use,5,2022-05-04,CBE,Google Play Store,POSITIVE,0.9985859394073486,other
Every time it needs to reconfiger by physical presentation. Why online access is not given to the user?,2,2022-05-04,CBE,Google Play Store,NEGATIVE,0.9982894062995911,login_issues
open,5,2022-05-03,CBE,Google Play Store,POSITIVE,0.9997945427894592,other
Good its,5,2022-05-03,CBE,Google Play Store,POSITIVE,0.9998164772987366,other
"First of all you need to be given a pin from a commercial bank, next you must have your bank book with you in order to be given the pin code. So I never got to use it, I just didn't want it that bad.",1,2022-05-02,CBE,Google Play Store,NEGATIVE,0.9848414659500122,other
"You have to go to the bank branch to activate the app where there is the worst customer service, after the activation the app lags so much that i had to uninstall it to restart it again. Know it asks to go to the bank again to activate it.",1,2022-05-01,CBE,Google Play Store,NEGATIVE,0.999767005443573,"performance, customer_support"
Am a postgraduate student. it has eased my life here .,5,2022-04-29,CBE,Google Play Store,POSITIVE,0.9908062815666199,other
Really Simple and Secured,5,2022-04-25,CBE,Google Play Store,POSITIVE,0.9998243451118469,other
It has simply simplified my life..i love it.,5,2022-04-25,CBE,Google Play Store,POSITIVE,0.9996981620788574,other
very very nice app but it's Not done by simple network,4,2022-04-25,CBE,Google Play Store,NEGATIVE,0.9484640955924988,other
It's the perfect app for online mobile banking,5,2022-04-22,CBE,Google Play Store,POSITIVE,0.9997904896736145,other
Exceptionaly Good!!,5,2022-04-22,CBE,Google Play Store,POSITIVE,0.9998587369918823,other
Excellent and simple app than all available apps,5,2022-04-20,CBE,Google Play Store,POSITIVE,0.9998650550842285,other
It would be really awesome if it had an export to csv file option on recent transactions.,4,2022-04-20,CBE,Google Play Store,NEGATIVE,0.9871724247932434,transactions
Easly And Vergood App Thanks CBE From Shilabo Ethiopia Somali Regional State,5,2022-04-19,CBE,Google Play Store,POSITIVE,0.7312815189361572,other
Best bank of Ethiopia good,2,2022-04-19,CBE,Google Play Store,POSITIVE,0.9998111128807068,other
መልካም,5,2022-04-19,CBE,Google Play Store,NEGATIVE,0.6970561742782593,other
Immaculately designed for the target group.,4,2022-04-17,CBE,Google Play Store,POSITIVE,0.9995649456977844,ui_ux
Difficult to link two accounts,2,2022-04-15,CBE,Google Play Store,NEGATIVE,0.9997584223747253,login_issues
Perfect!!,5,2022-04-15,CBE,Google Play Store,POSITIVE,0.9998695850372314,other
That's a good app but it 's more fun if you add features like weekly report download in PDF and that's why I gave you 4⭐.,4,2022-04-15,CBE,Google Play Store,POSITIVE,0.9986829161643982,other
Superb,5,2022-04-14,CBE,Google Play Store,POSITIVE,0.9998656511306763,other
Ridiculous,2,2022-04-14,CBE,Google Play Store,NEGATIVE,0.9996989965438843,other
"Is very important APP used at a time T, anywhere. Thanks",5,2022-04-13,CBE,Google Play Store,POSITIVE,0.9990317821502686,other
Its good to taransfer,4,2022-04-13,CBE,Google Play Store,POSITIVE,0.9995874762535095,other
Thanks CBE!,5,2022-04-13,CBE,Google Play Store,POSITIVE,0.999774158000946,other
Best mobile banking App,5,2022-04-12,CBE,Google Play Store,POSITIVE,0.9997095465660095,other
This app makes it easy to make transaction,4,2022-04-12,CBE,Google Play Store,POSITIVE,0.9957734942436218,transactions
Not helpful,1,2022-04-10,CBE,Google Play Store,NEGATIVE,0.9997971653938293,customer_support
በጣም አሪፍ ሲስትም ነው በርቱ,5,2022-04-09,CBE,Google Play Store,NEGATIVE,0.8832126259803772,other
"It is very good, it make my life easy !!",4,2022-04-08,CBE,Google Play Store,POSITIVE,0.9998786449432373,other
Bdry good app and functional system,5,2022-04-07,CBE,Google Play Store,POSITIVE,0.9998414516448975,other
It's a nice app & works properly.,5,2022-04-07,CBE,Google Play Store,POSITIVE,0.9998606443405151,other
"It app so bad for it can't update review recent send,others thing the service are so poor",1,2022-04-06,CBE,Google Play Store,NEGATIVE,0.9996225833892822,customer_support
Fast and accurate,5,2022-04-06,CBE,Google Play Store,POSITIVE,0.9998525381088257,performance
Exelent app it's very help full,5,2022-04-06,CBE,Google Play Store,POSITIVE,0.9884259700775146,customer_support
"I am a biginer, too early to comment",5,2022-04-05,CBE,Google Play Store,NEGATIVE,0.9945287108421326,other
Great 👍 👌 👍 App,5,2022-04-05,CBE,Google Play Store,POSITIVE,0.9984753727912903,other
"I appreciate the effort you put in this application, but for commercial bank employees, you should include staff who speak the language spoken by the customers, depending on the location of the bank, in particular, the Somali region thank you. ለንግድ ባንክ ሰራተኞች ግን ደንበኞቹ የሚናገሩትን ቋንቋ የሚናገሩ ሰራተኞችን ማካተት አለቦት እንደ ባንኩ አካባቢ በተለይም የሶማሌ ክልል እናመሰግናለን።",3,2022-04-05,CBE,Google Play Store,POSITIVE,0.9969294667243958,other
"Unreliable,slow app with childish interface. Learn from other banks such as BoA to design your app and try to add more functionality.",1,2022-04-05,CBE,Google Play Store,NEGATIVE,0.9996914863586426,"performance, ui_ux"
Really I am happy by this app is to use and time wise insted of go bank I use my phone to transfer money.,5,2022-04-05,CBE,Google Play Store,POSITIVE,0.9985722303390503,transactions
How do I register what do I need am new customer ?,3,2022-04-04,CBE,Google Play Store,NEGATIVE,0.9988681077957153,other
Not fun.....not lively Its 2022 and counting u guys suck,1,2022-04-04,CBE,Google Play Store,NEGATIVE,0.9997674822807312,other
It's good application but sometimes can't work properly!,3,2022-04-03,CBE,Google Play Store,NEGATIVE,0.9980024695396423,other
"It is a great app, I like it!",5,2022-04-03,CBE,Google Play Store,POSITIVE,0.9998739957809448,other
Not seen money send to agent why?,5,2022-04-02,CBE,Google Play Store,NEGATIVE,0.9990680813789368,other
It is very useful app I like it to use,1,2022-04-01,CBE,Google Play Store,POSITIVE,0.9993374943733215,other
"Have been using it for 2 years, the new update is even better. Best MB app",4,2022-04-01,CBE,Google Play Store,POSITIVE,0.9982481002807617,other
Wow very good app i like,5,2022-03-31,CBE,Google Play Store,POSITIVE,0.9998621940612793,other
Not always good It is helpfull,5,2022-03-29,CBE,Google Play Store,NEGATIVE,0.98907870054245,customer_support
አንድ ጊዜ ታዞ ሁለቴ ያስተላልፋል አረ አስተካክሉት,4,2022-03-29,CBE,Google Play Store,NEGATIVE,0.9200406074523926,other
Very good. App,4,2022-03-29,CBE,Google Play Store,POSITIVE,0.9998645782470703,other
The best and secured app thank you!,5,2022-03-28,CBE,Google Play Store,POSITIVE,0.9998613595962524,other
After everything done it can't save and share the transactions receipt,3,2022-03-28,CBE,Google Play Store,NEGATIVE,0.9979425072669983,transactions
A must have apps.,5,2022-03-28,CBE,Google Play Store,POSITIVE,0.9657729268074036,other
"It's good app, it is simple to use. It would be better if there was more recent records on the ""recents"" toolbar. It is only about 17 deposit and withdrawal recent records displayed to the user while others are deleted automatically.",4,2022-03-28,CBE,Google Play Store,POSITIVE,0.9365184903144836,other
Thank you.,5,2022-03-27,CBE,Google Play Store,POSITIVE,0.9998457431793213,other
I like the apps,5,2022-03-27,CBE,Google Play Store,POSITIVE,0.9994787573814392,other
Fantastic it's nice to using internationally network to developing world-wide.,4,2022-03-27,CBE,Google Play Store,POSITIVE,0.9998517036437988,other
Wow! This is how to make life easier!,5,2022-03-25,CBE,Google Play Store,POSITIVE,0.9996380805969238,other
its good app but the main problem of this app is When you change your phone or restore it you should go bank to instill the up again so imagin any time if you want change your phone you should go bank.thats to bad.,1,2022-03-25,CBE,Google Play Store,NEGATIVE,0.9967520236968994,other
Great and I am happy especially using it from abroad.,5,2022-03-25,CBE,Google Play Store,POSITIVE,0.9998881816864014,other
The app should have FAQ SO THAT THE APP DESCRIBES HOW TO USE SPECIALLY TRANSACTION ISSUES LIKE LIMITATIONS,3,2022-03-24,CBE,Google Play Store,NEGATIVE,0.9989374279975891,transactions
Easy,5,2022-03-24,CBE,Google Play Store,POSITIVE,0.9972309470176697,other
Experience for free of charge payment,5,2022-03-22,CBE,Google Play Store,POSITIVE,0.8543924689292908,transactions
"It's a great app. I've been using this app since the bank launched it. As a long-term user, I would like to point out things that need to be improved. 1. Deleting money transfer history should be the user's choice. 2. There should be an option to download an in-depth transfer history for each transfer activity , just as there is posiblity to download a single time transfer recit. Do that and get 5 star.",3,2022-03-18,CBE,Google Play Store,POSITIVE,0.7781202793121338,transactions
Tell us more,5,2022-03-18,CBE,Google Play Store,POSITIVE,0.9942019581794739,other
Useless up for payment purpose,1,2022-03-18,CBE,Google Play Store,NEGATIVE,0.999790608882904,transactions
Easy to use v good,5,2022-03-18,CBE,Google Play Store,POSITIVE,0.9909098744392395,other
"Its amazing app , i like it specifically updated version is to smart . WOW CBE. But users have to Login without of goingto Bank after first registration . In this app If User was change His phone or uninstall app Hi have to go bank to use again, this is not good :: if this problem was fixed This app wasn't Any - comments. This is my feedback Thanks",5,2022-03-18,CBE,Google Play Store,NEGATIVE,0.9954646229743958,login_issues
It is very useful app that easer to use,5,2022-03-17,CBE,Google Play Store,POSITIVE,0.9991061091423035,other
Fetching transactions is very slow and makes the whole app stacked.,3,2022-03-16,CBE,Google Play Store,NEGATIVE,0.999546468257904,"performance, transactions"
Easy to use. I love it !,5,2022-03-15,CBE,Google Play Store,POSITIVE,0.9998782873153687,other
It would be more help full if you can login with two of your accounts,3,2022-03-15,CBE,Google Play Store,NEGATIVE,0.9984725117683411,"login_issues, customer_support"
It is easy and safe application,5,2022-03-11,CBE,Google Play Store,POSITIVE,0.9995610117912292,other
Deducting 2times the same order starting from march7and 8 it is difficult to use mobile banking,2,2022-03-11,CBE,Google Play Store,NEGATIVE,0.9994576573371887,other
I am interested in the application.,5,2022-03-10,CBE,Google Play Store,POSITIVE,0.9994285702705383,other
I am comfertable with the sevice upto this time. But wish the service be applicable without internet connection. If this is possible more custemers benifits.,4,2022-03-10,CBE,Google Play Store,NEGATIVE,0.9983903169631958,customer_support
is the best,1,2022-03-10,CBE,Google Play Store,POSITIVE,0.9998418092727661,other
🙄🙄🙄,5,2022-03-09,CBE,Google Play Store,NEGATIVE,0.6970561742782593,other
"I can;t see my account, I can;t send it, it;s just a search, it doesn;t open",1,2022-03-09,CBE,Google Play Store,NEGATIVE,0.9996917247772217,login_issues
easy for life,5,2022-03-08,CBE,Google Play Store,POSITIVE,0.9970002770423889,other
Wow makes my Business Smarter and Faster. Thank you for Details.,5,2022-03-08,CBE,Google Play Store,POSITIVE,0.9998680353164673,performance
"1. Withdrawal messages are not received regularly 2. Apps need to be more friendly use in terms of operation, 3. Apps lack some advanced security features, Additional comment: 4. Now that we are using modern technology, requirements for Bank Book should fade away with time. Some Branch offices do not entertain customers w/out Bank Book. Thanks and best regards",3,2022-03-08,CBE,Google Play Store,NEGATIVE,0.9996441602706909,other
Great App!,5,2022-03-08,CBE,Google Play Store,POSITIVE,0.9998462200164795,other
Very convenient,5,2022-03-07,CBE,Google Play Store,POSITIVE,0.9988445043563843,other
"Please improve your transferring systems , ??👍",4,2022-03-07,CBE,Google Play Store,POSITIVE,0.7925167083740234,transactions
I'm satisfied,5,2022-03-06,CBE,Google Play Store,POSITIVE,0.999729335308075,other
I like z app so much,4,2022-03-06,CBE,Google Play Store,POSITIVE,0.9994441866874695,other
Some time the connection is busy Plz try to solve only these,1,2022-03-05,CBE,Google Play Store,NEGATIVE,0.9985849857330322,other
This doesnt even deserve any star. I havent seen any thing like it. Not only that but also the ones working in the bank dont even have a clue what to do about it. They got confused like me and ask me questions that they have to answer wow so much incomptency i have seen today. Wow,1,2022-03-05,CBE,Google Play Store,NEGATIVE,0.9751309752464294,other
"Terrible! I had to use it to pay for my service at Document Authentication & Registration office. I hit confirm it says try again & I hit confirm again & it ends up sending the money twice. Then I had to write a letter to the office to get my money back & it is been more than 2 weeks but I didn't get my money back yet. I talked the issue to my branch they said you are lucky the issue is with a gov't office, they would do their accounting and return your money, but there is nothing they can do.",1,2022-03-05,CBE,Google Play Store,NEGATIVE,0.9992859959602356,"login_issues, transactions, customer_support"
How can i get akey word of this app.?,5,2022-03-04,CBE,Google Play Store,NEGATIVE,0.9988116025924683,other
Nac,5,2022-03-04,CBE,Google Play Store,NEGATIVE,0.9303058385848999,other
Nice appa,5,2022-03-03,CBE,Google Play Store,POSITIVE,0.9998340606689453,other
This app made simple my life.,5,2022-03-03,CBE,Google Play Store,POSITIVE,0.9991034865379333,other
Does not work,1,2022-03-03,CBE,Google Play Store,NEGATIVE,0.9997377991676331,other
Make life easy,5,2022-03-02,CBE,Google Play Store,POSITIVE,0.999527096748352,other
"It is good service, but the service charge is not fair. I prefer to get the service in physical or ATM unless otherwise diffulty case happened.",2,2022-03-02,CBE,Google Play Store,NEGATIVE,0.9859786629676819,customer_support
"Its hard to trust this application coz while transfering money it transfers two times to the same account after only one transfer click and sometimes it says error but it actualy have transfered the money, so i only use it if it is mandatory unless its better to go to the bank, so it still doesn't solve the problem not to go to the bank, i am sure it have some systematic errors",1,2022-03-01,CBE,Google Play Store,NEGATIVE,0.9994592070579529,"login_issues, transactions, bugs"
Fast&relaible!,5,2022-03-01,CBE,Google Play Store,POSITIVE,0.9987757802009583,other
Stops working while u want to use most of the tíme. Please fix the bugs.,4,2022-02-28,CBE,Google Play Store,NEGATIVE,0.9997356534004211,bugs
I don't see any options for outside of the country users.,5,2022-02-27,CBE,Google Play Store,NEGATIVE,0.9977610111236572,other
ሁሉንም አገልግሎችን በተቀላጠፈና በአመቺ ሁኔታ ለማግኘት የሚያስችል መተግበሪያ ነው።,5,2022-02-27,CBE,Google Play Store,NEGATIVE,0.9366678595542908,other
Well organized apo,5,2022-02-27,CBE,Google Play Store,POSITIVE,0.9997720122337341,other
ብዙም ፈጣን አደለም ያስበላል ፍጥነቱ ያናደኛል በጣም.... እና ቢስተካከል መልካም ነዉ,3,2022-02-26,CBE,Google Play Store,NEGATIVE,0.962801992893219,other
I love it. I can make easy transaction.,4,2022-02-26,CBE,Google Play Store,POSITIVE,0.999876856803894,transactions
wonderful.,5,2022-02-26,CBE,Google Play Store,POSITIVE,0.9998692274093628,other
በጣም አዛ App,1,2022-02-26,CBE,Google Play Store,NEGATIVE,0.6179783940315247,other
This app is very easy to use and I interest it,5,2022-02-26,CBE,Google Play Store,POSITIVE,0.9995473027229309,other
Good Application,5,2022-02-26,CBE,Google Play Store,POSITIVE,0.999854564666748,other
Can't use the application since two weeks. I am outside Ethiopia but not able to transact. It is a disaster,2,2022-02-25,CBE,Google Play Store,NEGATIVE,0.9995111227035522,other
The only best app from cbe's tech,5,2022-02-25,CBE,Google Play Store,NEGATIVE,0.9694433808326721,other
best work,5,2022-02-24,CBE,Google Play Store,POSITIVE,0.9998117089271545,other
excelent App,5,2022-02-24,CBE,Google Play Store,POSITIVE,0.9983735084533691,other
Upgrade it,4,2022-02-24,CBE,Google Play Store,POSITIVE,0.9895620942115784,other
Good luck,5,2022-02-23,CBE,Google Play Store,POSITIVE,0.9998250603675842,other
It doesn't show me my number as well as my amount its always loading and its never stop that.,1,2022-02-23,CBE,Google Play Store,POSITIVE,0.7246149778366089,other
This app doesn't work on my Samsung J6.,1,2022-02-23,CBE,Google Play Store,NEGATIVE,0.9993389248847961,other
Thanks for the update as it eradicates several errors but my concern is that I couldn't download or send the transaction detail after a transfer/yransaction is made.,4,2022-02-23,CBE,Google Play Store,NEGATIVE,0.993176281452179,"transactions, bugs"
Scheme of further security is no doubt good,2,2022-02-22,CBE,Google Play Store,POSITIVE,0.99892657995224,other
Awesome app,4,2022-02-21,CBE,Google Play Store,POSITIVE,0.9998600482940674,other
Very interesting application,5,2022-02-20,CBE,Google Play Store,POSITIVE,0.9998199343681335,other
Very bad application which can not working properly.,1,2022-02-20,CBE,Google Play Store,NEGATIVE,0.9998152852058411,other
Great App.,5,2022-02-19,CBE,Google Play Store,POSITIVE,0.9998407363891602,other
Giddugaleessatti bareedadha,3,2022-02-19,CBE,Google Play Store,POSITIVE,0.7668175101280212,other
The best app 👌 I love it easy to use,5,2022-02-18,CBE,Google Play Store,POSITIVE,0.999839186668396,other
Not working regularly,3,2022-02-18,CBE,Google Play Store,NEGATIVE,0.9997568726539612,other
After i update it's very slow and not working good,2,2022-02-18,CBE,Google Play Store,NEGATIVE,0.9997357726097107,performance
Failed to use mobile banking,5,2022-02-18,CBE,Google Play Store,NEGATIVE,0.9997592568397522,other
Taks,1,2022-02-18,CBE,Google Play Store,NEGATIVE,0.5962872505187988,other
Its good. I like it,4,2022-02-17,CBE,Google Play Store,POSITIVE,0.9998579025268555,other
Can't refresh and display balance even. No proper updates maintainance. Update fail many times. Too much lag,1,2022-02-16,CBE,Google Play Store,NEGATIVE,0.9997870326042175,performance
👏👏👏👌👏👏,5,2022-02-16,CBE,Google Play Store,NEGATIVE,0.6970561742782593,other
Normal,4,2022-02-16,CBE,Google Play Store,POSITIVE,0.9916048049926758,other
Very satisfying app,5,2022-02-16,CBE,Google Play Store,POSITIVE,0.9998756647109985,other
App says phone is rooted while it's actually not after the update. Devs please fix this issue,1,2022-02-16,CBE,Google Play Store,NEGATIVE,0.9183653593063354,other
The best way,5,2022-02-16,CBE,Google Play Store,POSITIVE,0.9997900128364563,other
Excellent👏👏👏⚫️🔴⚪️,5,2022-02-15,CBE,Google Play Store,NEGATIVE,0.6970561742782593,other
It's just very exlent apo,3,2022-02-15,CBE,Google Play Store,POSITIVE,0.9891427159309387,other
Very amazing app,5,2022-02-15,CBE,Google Play Store,POSITIVE,0.9998725652694702,other
Always....busy Cant sync is common problem,5,2022-02-15,CBE,Google Play Store,NEGATIVE,0.9996442794799805,other
Such a nice,5,2022-02-15,CBE,Google Play Store,POSITIVE,0.9998594522476196,other
App not down load why,1,2022-02-15,CBE,Google Play Store,NEGATIVE,0.9323920011520386,other
I have use for every purpose. It save me time and the app is a pocket money for me.,5,2022-02-15,CBE,Google Play Store,NEGATIVE,0.9859011769294739,other
Hi Cbe the updeted app is still not instoled becouse app problem...,1,2022-02-15,CBE,Google Play Store,NEGATIVE,0.9897109866142273,other
"This update amezed me , its possible to send money across different banks wow . thanks",5,2022-02-15,CBE,Google Play Store,POSITIVE,0.9984021782875061,transactions
It shows Sinc finished but no Money figures shown on the page. I coudn't see or use the money i have in the Bank.,4,2022-02-15,CBE,Google Play Store,NEGATIVE,0.9994114637374878,other
it is very fast and simple to use.,5,2022-02-14,CBE,Google Play Store,POSITIVE,0.9995734095573425,performance
remarkable improvement,5,2022-02-14,CBE,Google Play Store,POSITIVE,0.9998606443405151,other
The last one week the App is not working even after updating not working please give some solution,1,2022-02-14,CBE,Google Play Store,NEGATIVE,0.9996280670166016,other
"Everything is perfect, but the transfer history must show the account owner(sender or the receiver)",5,2022-02-14,CBE,Google Play Store,POSITIVE,0.8931722640991211,"login_issues, transactions"
Once you update this application it will stop working even the staff at cbe branch can't fix it.,1,2022-02-14,CBE,Google Play Store,NEGATIVE,0.9994788765907288,other
Very a good,5,2022-02-14,CBE,Google Play Store,POSITIVE,0.9998700618743896,other
Not good enough for transfer funds to hellocash or rays microfinance.,5,2022-02-14,CBE,Google Play Store,NEGATIVE,0.9997928738594055,transactions
The app is very helpful,4,2022-02-14,CBE,Google Play Store,POSITIVE,0.9993189573287964,customer_support
Very 🤞 apps,1,2022-02-14,CBE,Google Play Store,POSITIVE,0.965106725692749,other
Thank you for everything,3,2022-02-14,CBE,Google Play Store,POSITIVE,0.9998495578765869,other
"Wow it is really easier way to communicate business men , even it is more than Front CBE servant.",4,2022-02-14,CBE,Google Play Store,POSITIVE,0.9855597019195557,other
good but sometimes system is sometimes hard,3,2022-02-14,CBE,Google Play Store,NEGATIVE,0.9171891212463379,other
It is not working still now,1,2022-02-13,CBE,Google Play Store,NEGATIVE,0.9993496537208557,other
By my self it is very nice i hope you will add another options!!,4,2022-02-13,CBE,Google Play Store,POSITIVE,0.9998301267623901,other
"I have a lot of experience ,some of them are:- 1. Being a teacher, 2. Being member of Air Force , 3. Being Sport coach",5,2022-02-13,CBE,Google Play Store,POSITIVE,0.9822814464569092,other
App kana jaaladhe,1,2022-02-13,CBE,Google Play Store,NEGATIVE,0.9690577983856201,other
Easy & Perfect app,5,2022-02-13,CBE,Google Play Store,POSITIVE,0.9998266100883484,other
Have nice!!!,5,2022-02-13,CBE,Google Play Store,POSITIVE,0.9998583793640137,other
very funtestic,5,2022-02-13,CBE,Google Play Store,POSITIVE,0.9996631145477295,other
ጊዜችንን በአግበቡ ለመጠቀም ምርጥ የሆና አፕ,5,2022-02-13,CBE,Google Play Store,NEGATIVE,0.9046949148178101,other
"Wow, its easy to use",5,2022-02-13,CBE,Google Play Store,POSITIVE,0.9993599057197571,other
I love this app!!,5,2022-02-13,CBE,Google Play Store,POSITIVE,0.9998692274093628,other
The problem that I have seen is some of the branches specially out of Addis Ababa doesn't have a know how about this application to authenticate it,4,2022-02-13,CBE,Google Play Store,NEGATIVE,0.9996389150619507,login_issues
This app is very useful,3,2022-02-13,CBE,Google Play Store,POSITIVE,0.998563826084137,other
The app is good but it needs some improvment. It is better to enable two accounts within one mobile to work with in a single app by switching out.,3,2022-02-13,CBE,Google Play Store,NEGATIVE,0.9941020607948303,login_issues
It's recommended to use this any other banking system,5,2022-02-13,CBE,Google Play Store,NEGATIVE,0.9441529512405396,other
"this a wonderful app, use it and it will help u a lot.",5,2022-02-13,CBE,Google Play Store,POSITIVE,0.9998695850372314,customer_support
Good. Keep it up!,4,2022-02-13,CBE,Google Play Store,POSITIVE,0.9998517036437988,other
"Good app. Can you add option to print or save ""Recent Transaction page"".",5,2022-02-13,CBE,Google Play Store,POSITIVE,0.9994120597839355,transactions
It is good App I like fast,4,2022-02-12,CBE,Google Play Store,POSITIVE,0.9998598098754883,performance
Very simple and satisfying app,5,2022-02-12,CBE,Google Play Store,POSITIVE,0.9998786449432373,other
Good app but not fast,4,2022-02-12,CBE,Google Play Store,POSITIVE,0.9981508851051331,performance
Save money,5,2022-02-12,CBE,Google Play Store,POSITIVE,0.9871341586112976,other
"Excellent application. 1. It lacks currency exchange rate. 2. It says ""error"" but transfer the birr which biase customers. Please solve the above issues.",4,2022-02-12,CBE,Google Play Store,POSITIVE,0.9803068041801453,"transactions, bugs"
ምርጥ,5,2022-02-12,CBE,Google Play Store,NEGATIVE,0.6970561742782593,other
Easy time saver and reliable for modern life !!,5,2022-02-12,CBE,Google Play Store,POSITIVE,0.9995489716529846,other
The one leads the ethiopian economy is commercial bank of Ethiopia am very satisfied with this service and customer let be customers I invest in,5,2022-02-12,CBE,Google Play Store,POSITIVE,0.9963983297348022,customer_support
Not working properly. Can not synchronized the current status,1,2022-02-12,CBE,Google Play Store,NEGATIVE,0.9997996687889099,other
I used to do everything with it but now it says can't sync. I can not do anything with it now. I'm having difficulties. Please try to fix it,1,2022-02-12,CBE,Google Play Store,NEGATIVE,0.9995355606079102,other
Very nice!!!!!!!!!!!!!!!!!,5,2022-02-12,CBE,Google Play Store,POSITIVE,0.9998555183410645,other
Fast and easy to use,5,2022-02-12,CBE,Google Play Store,POSITIVE,0.9995805621147156,performance
"It worked fine until I have received an SMS with a link to update the app, it directs me to play store having Open and uninstall options which when I choose open kept bringing me back to the interface of the app I already have.",1,2022-02-12,CBE,Google Play Store,NEGATIVE,0.5636438131332397,ui_ux
Sometimes there is a problem of synchronization.,4,2022-02-12,CBE,Google Play Store,NEGATIVE,0.9988049268722534,other
It's good to have this app for easy use,5,2022-02-12,CBE,Google Play Store,POSITIVE,0.9991406202316284,other
Simple and friendly,5,2022-02-12,CBE,Google Play Store,POSITIVE,0.9998623132705688,other
Greatest one ever I never see before,5,2022-02-12,CBE,Google Play Store,POSITIVE,0.9998549222946167,other
I like it 👍,5,2022-02-12,CBE,Google Play Store,POSITIVE,0.9997929930686951,other
Nice and easy app,5,2022-02-12,CBE,Google Play Store,POSITIVE,0.9998438358306885,other
It's just good and secured application,5,2022-02-12,CBE,Google Play Store,POSITIVE,0.9998252987861633,other
Awo,4,2022-02-12,CBE,Google Play Store,NEGATIVE,0.9910936951637268,other
need to be improved,3,2022-02-12,CBE,Google Play Store,NEGATIVE,0.993545413017273,other
"Very good application. However, recently, it is not working properly. Refusing to transfer money to telebirr and other accounts.",5,2022-02-12,CBE,Google Play Store,NEGATIVE,0.9983834028244019,"login_issues, transactions"
Simple & easy!,5,2022-02-12,CBE,Google Play Store,POSITIVE,0.9997207522392273,other
Is for work,5,2022-02-12,CBE,Google Play Store,POSITIVE,0.9994713664054871,other
💯💯💯💯,5,2022-02-12,CBE,Google Play Store,NEGATIVE,0.6970561742782593,other
Thanks more,5,2022-02-12,CBE,Google Play Store,POSITIVE,0.9998072981834412,other
.Sorry.not Tsedeneya But Eden. Thanks.,5,2022-02-12,CBE,Google Play Store,POSITIVE,0.9993939399719238,other
The Bank you always rely on!,5,2022-02-12,CBE,Google Play Store,POSITIVE,0.9987932443618774,other
ጥሩ ነው በርቱ,5,2022-02-12,CBE,Google Play Store,NEGATIVE,0.8337246179580688,other
It wouldn't sync usually.,5,2022-02-12,CBE,Google Play Store,NEGATIVE,0.9994750618934631,other
The best of best,5,2022-02-12,CBE,Google Play Store,POSITIVE,0.9998393058776855,other
Really wonderful. Facilitates Hassle free operation.,5,2022-02-12,CBE,Google Play Store,POSITIVE,0.9995088577270508,other
Makes life simple,5,2022-02-12,CBE,Google Play Store,POSITIVE,0.9998370409011841,other
10 years,3,2022-02-12,CBE,Google Play Store,POSITIVE,0.9842737913131714,other
Thanks for this multiple purpose app,4,2022-02-12,CBE,Google Play Store,POSITIVE,0.9993498921394348,other
It is friendly app,5,2022-02-12,CBE,Google Play Store,POSITIVE,0.9997376799583435,other
almost every day,5,2022-02-12,CBE,Google Play Store,POSITIVE,0.9971551895141602,other
The service is very efficient and user friendly.,5,2022-02-12,CBE,Google Play Store,POSITIVE,0.9996676445007324,"ui_ux, customer_support"
Great app. Pls continue,5,2022-02-12,CBE,Google Play Store,POSITIVE,0.9997647404670715,other
"it doesn't update status in any network i don't know where it work, please fix this problem it does't work at all",1,2022-02-12,CBE,Google Play Store,NEGATIVE,0.9997230172157288,other
Optimal,5,2022-02-12,CBE,Google Play Store,POSITIVE,0.9997511506080627,other
"It is the best mob.banking app, i ever used.",5,2022-02-12,CBE,Google Play Store,POSITIVE,0.9997490048408508,other
Good app We love it,4,2022-02-12,CBE,Google Play Store,POSITIVE,0.9998812675476074,other
"I'm very interested in this app, easily and friendly to use Im so happy of using it, and thank you for update information.",5,2022-02-12,CBE,Google Play Store,POSITIVE,0.9998043179512024,other
Apdate,5,2022-02-12,CBE,Google Play Store,POSITIVE,0.9417204260826111,other
.... nice app,5,2022-02-12,CBE,Google Play Store,POSITIVE,0.9997275471687317,other
An interesting digital platform,5,2022-02-12,CBE,Google Play Store,POSITIVE,0.9998338222503662,other
it's very good cbe,5,2022-02-12,CBE,Google Play Store,POSITIVE,0.9998574256896973,other
በኮቪድ ምክንያት እንቅስቃሴዬ በተገደበበት በዚህ ወቅት የተለያዩ ክፍያዎቼን ለመፈጸም ቀላል ያደረገልኝ መተግበሪያ (አፕሊኬሽን) ነው።,5,2022-02-12,CBE,Google Play Store,NEGATIVE,0.9555224180221558,other
"Do proud of my people in CBE , the developers Great mobile app !!!!",5,2022-02-12,CBE,Google Play Store,POSITIVE,0.9998164772987366,other
Until now it is not functional,1,2022-02-12,CBE,Google Play Store,NEGATIVE,0.9995853304862976,other
For me it was really comfortable 😌,5,2022-02-12,CBE,Google Play Store,POSITIVE,0.9995645880699158,other
"This is an excellent app. However, it did not work offline please work on it.",5,2022-02-12,CBE,Google Play Store,NEGATIVE,0.9745795726776123,other
I am using it 1.5 years ago it is so nice.,5,2022-02-12,CBE,Google Play Store,POSITIVE,0.9997840523719788,other
It is very nice and professional 👌,5,2022-02-12,CBE,Google Play Store,POSITIVE,0.9998672008514404,other
tiru nw mizu amarach alew,4,2022-02-12,CBE,Google Play Store,NEGATIVE,0.9761312007904053,other
i like the services,1,2022-02-12,CBE,Google Play Store,POSITIVE,0.9997939467430115,customer_support
This App ir really helpful and easy. Thank you CBE,1,2022-02-12,CBE,Google Play Store,POSITIVE,0.9989323019981384,customer_support
Easy to use!,4,2022-02-12,CBE,Google Play Store,POSITIVE,0.9990563988685608,other
Please Ethiopian electric opethio all,5,2022-02-12,CBE,Google Play Store,POSITIVE,0.9605406522750854,other
Ever loved apps software for transaction timely and with speed. But the activation key process should be improved.,4,2022-02-12,CBE,Google Play Store,POSITIVE,0.9928421974182129,"performance, transactions"
እስካሁን ስጠቀመው ምንም ግራ ያጋባኝ ነገር አላገኘሁበትም፣ በተለው ክፍያዎችን ለመከወን በጣም ተመችቶኛል። ወደ ሌላ ባንክ ለመላክ ግን ቴሌ ብር በጣም ይበልጠዋል።,5,2022-02-12,CBE,Google Play Store,NEGATIVE,0.9613829851150513,other
It is fast and saves my time to make payments.,4,2022-02-12,CBE,Google Play Store,NEGATIVE,0.9942687749862671,"performance, transactions"
"I am using it for a year. And the app is easy and fast, Use it.",5,2022-02-12,CBE,Google Play Store,POSITIVE,0.9976499676704407,performance
ብራንች ድረስ መሄድ ምን አስፈለገ verified ለማድረግ sms መላክ ትችላላችሁ እኮ ሰዎች,1,2022-02-12,CBE,Google Play Store,NEGATIVE,0.9574647545814514,other
This is awesome,5,2022-02-12,CBE,Google Play Store,POSITIVE,0.9998669624328613,other
Good nice,5,2022-02-12,CBE,Google Play Store,POSITIVE,0.9998514652252197,other
Excellent application.,5,2022-02-12,CBE,Google Play Store,POSITIVE,0.9998651742935181,other
5 stars,5,2022-02-12,CBE,Google Play Store,POSITIVE,0.9983590245246887,other
"Thank you for easing the life and making our business modern ,easy and reachable.",5,2022-02-12,CBE,Google Play Store,POSITIVE,0.9998629093170166,other
I got a text message i need to update this app with a link.but nothing here. Are u crazy.,1,2022-02-12,CBE,Google Play Store,NEGATIVE,0.9988391995429993,other
These is the most rediculous app i have ever seen in my life! You ahould just remove it from play store.,1,2022-02-12,CBE,Google Play Store,NEGATIVE,0.977371096611023,other
"it's good and easy app,i like it",4,2022-02-12,CBE,Google Play Store,POSITIVE,0.9998723268508911,other
Cannot update,4,2022-02-12,CBE,Google Play Store,NEGATIVE,0.9981446266174316,other
Loved it,5,2022-02-12,CBE,Google Play Store,POSITIVE,0.9998797178268433,other
"The Most worrying thing of this Application is, while you confirm Transfer and hit ok, it prompted ""Connection error"" but actually if you see your balance the transfer was already done. This is serious bugg which you need to update and make security amendment's. I personally send twice one day , if the reciepent wasn't kind enough, imagine what will happen. Serious problem which needs Attention.",3,2022-02-12,CBE,Google Play Store,NEGATIVE,0.9989456534385681,"transactions, bugs"
"U redirect me here to update the app, but there is no an update rather to open it and the app is not working. Unable to sync, pls go througn it.",4,2022-02-12,CBE,Google Play Store,NEGATIVE,0.9997754693031311,other
Very bad experience,1,2022-02-12,CBE,Google Play Store,NEGATIVE,0.9998032450675964,other
Easy to use everywhere,5,2022-02-12,CBE,Google Play Store,POSITIVE,0.9984612464904785,other
"Some buttons get stuck, like the transfer button",2,2022-02-12,CBE,Google Play Store,NEGATIVE,0.9986640214920044,transactions
Sometimes get stack!!!,5,2022-02-11,CBE,Google Play Store,NEGATIVE,0.9229668974876404,other
Verification key sucks after installing again,1,2022-02-11,CBE,Google Play Store,NEGATIVE,0.99970942735672,other
"Nice app, I live abroad and I was managing transactions using the app since last 4 months. but now after 3 4 days onward, I couldn't access it. pls any one can help me with this?",4,2022-02-11,CBE,Google Play Store,NEGATIVE,0.9958457350730896,"login_issues, transactions, customer_support"
"Currently not working, but was a great app!",2,2022-02-11,CBE,Google Play Store,POSITIVE,0.99610435962677,other
The app is not functioning for me. Please assist.,4,2022-02-11,CBE,Google Play Store,NEGATIVE,0.9996091723442078,other
"It said, always poor network, poor network....... even the network is there. You grilled us!!",1,2022-02-11,CBE,Google Play Store,NEGATIVE,0.9997208714485168,other
WiFi integrated is not worked,1,2022-02-11,CBE,Google Play Store,NEGATIVE,0.9993695616722107,other
WI-FI and Mobile data integration is nope! Other updates not worked on Sysy ...,2,2022-02-11,CBE,Google Play Store,NEGATIVE,0.9994202852249146,other
Its so nice,5,2022-02-11,CBE,Google Play Store,POSITIVE,0.9998569488525391,other
Best in everything.,4,2022-02-11,CBE,Google Play Store,POSITIVE,0.9998100399971008,other
"Though the app is a better enough in its service till now, now we can't access the service as it tells us no network and sync , thus please update it",1,2022-02-11,CBE,Google Play Store,NEGATIVE,0.9971394538879395,"login_issues, customer_support"
Tipical app,5,2022-02-10,CBE,Google Play Store,POSITIVE,0.6726186871528625,other
"Some what good,it's so dormant l don't known the reason why",1,2022-02-10,CBE,Google Play Store,NEGATIVE,0.9952978491783142,other
I thanks again,5,2022-02-10,CBE,Google Play Store,POSITIVE,0.9998075366020203,other
Very good but latley has been some glitchs,5,2022-02-10,CBE,Google Play Store,POSITIVE,0.9182289242744446,other
Disappointing! I lost my phone so I went to a CBE branch to reactivate it (unnecessary imo) waited for 2 hours to receive the verification key for it to be useless and invalid.,1,2022-02-10,CBE,Google Play Store,NEGATIVE,0.9997715353965759,other
Can't download,1,2022-02-09,CBE,Google Play Store,NEGATIVE,0.9904319643974304,other
This app is loser app I ever seen.this app is it's not working in verification code.the verification code is not sending!!!😡😡😤,1,2022-02-07,CBE,Google Play Store,NEGATIVE,0.9996671676635742,other
I dont wanna give even one star it's annoying,1,2022-02-07,CBE,Google Play Store,NEGATIVE,0.9991231560707092,other
"Currently the app is not working becuase I think they forgot to update it. It always shows'sync failed''. And there is no customer service online. People living abroad are having problems. It is a big shame. It is very annoying and not user friendly, People are using CBE just becuase salary is transferd there. The app is a total failur.",1,2022-02-06,CBE,Google Play Store,NEGATIVE,0.9997491240501404,"transactions, ui_ux, customer_support"
Very interested,1,2022-02-06,CBE,Google Play Store,POSITIVE,0.9997778534889221,other
"Its easy and safe, I like it.",5,2022-02-06,CBE,Google Play Store,POSITIVE,0.9998559951782227,other
Woe,5,2022-02-06,CBE,Google Play Store,NEGATIVE,0.9996906518936157,other
"Great app, thank you cbe! You make my life easy!",5,2022-02-05,CBE,Google Play Store,POSITIVE,0.9998136162757874,other
Sometimes it's too annoying 🙄.,4,2022-02-05,CBE,Google Play Store,NEGATIVE,0.9994586110115051,other
Very exelent,5,2022-02-04,CBE,Google Play Store,POSITIVE,0.9991648197174072,other
Good App !!!!,5,2022-02-04,CBE,Google Play Store,POSITIVE,0.9998618364334106,other
Farfataa,5,2022-02-04,CBE,Google Play Store,NEGATIVE,0.7869287133216858,other
"My internate banking is not allowing me to transfer to another bank. While having this app, the application asks me to contact a nearby nmbranch. Don't save your money trysting this application. It is so bad! It doesn't even have help icon included. I dislike this up.",1,2022-02-04,CBE,Google Play Store,NEGATIVE,0.9997137188911438,"transactions, customer_support"
System stopped suddenly from working. Very unreliable system which fails when you need it.,2,2022-02-04,CBE,Google Play Store,NEGATIVE,0.9997101426124573,other
It works perfectly,5,2022-02-03,CBE,Google Play Store,POSITIVE,0.9998629093170166,other
It's easy to use and accessable,5,2022-02-03,CBE,Google Play Store,POSITIVE,0.9993510842323303,login_issues
Users should have verified themselves without the need to go in branch.,3,2022-02-02,CBE,Google Play Store,NEGATIVE,0.88455730676651,other
Great App,5,2022-02-02,CBE,Google Play Store,POSITIVE,0.999821126461029,other
Well organized and easy access keep it up and also wish all the best......,5,2022-02-02,CBE,Google Play Store,POSITIVE,0.9997561573982239,login_issues
It is nice have to ATM withdrawal on mobile banking,3,2022-02-01,CBE,Google Play Store,NEGATIVE,0.8742915391921997,other
Excllent app fast,5,2022-02-01,CBE,Google Play Store,NEGATIVE,0.9669733643531799,performance
It's very fast and reliable,4,2022-02-01,CBE,Google Play Store,POSITIVE,0.999840259552002,performance
transfer,5,2022-01-31,CBE,Google Play Store,POSITIVE,0.973126232624054,transactions
minizarie ayasayim,5,2022-01-31,CBE,Google Play Store,POSITIVE,0.7633833289146423,other
Very good up. Would be greate if there is a pdf download feature for transfers,4,2022-01-31,CBE,Google Play Store,POSITIVE,0.9994339346885681,transactions
ባንክ ከሚያስተናግዱን የተሰላቹ ባንከሮች እጅግ በጣም በተሻለ መንገድ ይሄ አፕ አገልግሎት ይሰጣል።,5,2022-01-30,CBE,Google Play Store,NEGATIVE,0.9510265588760376,other
I really love it,5,2022-01-29,CBE,Google Play Store,POSITIVE,0.9998788833618164,other
They don't deserve even half star The worst bank I ever use it.,1,2022-01-28,CBE,Google Play Store,NEGATIVE,0.9997177720069885,other
Very satisfying!,5,2022-01-28,CBE,Google Play Store,POSITIVE,0.9998824596405029,other
All good except the inability to rotate when rotates my phones.,4,2022-01-24,CBE,Google Play Store,POSITIVE,0.9949870109558105,other
My bank👍👍👍,5,2022-01-23,CBE,Google Play Store,POSITIVE,0.7963734865188599,other
CBE My# Best aps.,3,2022-01-21,CBE,Google Play Store,POSITIVE,0.9985539317131042,other
Tnx more,5,2022-01-20,CBE,Google Play Store,NEGATIVE,0.9636895060539246,other
I really loved this app. So much easy and make my transaction's and payment's easy. Great app 👍,4,2022-01-20,CBE,Google Play Store,POSITIVE,0.9997996687889099,transactions
It always need to go the branch that you open first time to solve errors.,1,2022-01-19,CBE,Google Play Store,NEGATIVE,0.9650896787643433,bugs
Woow!!it's very good app to done your job and it is help us any deposits‚withdrow and transfer details,5,2022-01-19,CBE,Google Play Store,POSITIVE,0.999055802822113,"transactions, customer_support"
I too like the service of this app it is the special service for all,5,2022-01-18,CBE,Google Play Store,POSITIVE,0.9511803388595581,customer_support
Adil Ziyaad CBE mobile,1,2022-01-18,CBE,Google Play Store,POSITIVE,0.8247938752174377,other
Wenderfull I Love It!!!!!!!!,5,2022-01-17,CBE,Google Play Store,POSITIVE,0.9998792409896851,other
"It is good app and really user friendly , but it not possible to start service after the app is uninstalled or device phone is changed. So please make it easy for us, after once you set us the requirements in your office we should have to use it only by install and launch it. We do not have to visit the near by branch office every time for such silly businesses but important things.",3,2022-01-17,CBE,Google Play Store,NEGATIVE,0.905954897403717,"ui_ux, customer_support"
Online banking services በጣም ጥሩ ነው። የATM services እንደ አማራጭ ጥሩ የሚባል ነው ነገር ግን በአብዛኛው ማለት ይቻላል አለም ባንክ እና አንፎ ቅርንጫፎች ያሉት ኤቲኤም ማሽኖች ገንዘብህን ይቆርጣሉ ግን ብር አይሰጥህም የተቆረጠውም ገንዘብ ወደ አካውንትህ ከሳምንታት ቦሀላ ይመለሳል፤ ሌላው አብዛኛው CBE Customer service ላይ የሚሰሩ ስራተኞች ፊትለፊት ላይ ቁጭ ይላሉ ነገር ግን ስራ አይሰሩም በጣም ጥቂቶቹ ለደንበኛ አገልግሎት ይሰጣሉ በጣም አሳፋሪው ነር ደግሞ ማናጀሮቻቸውም ብዙ ደንበኞች አግልግሎት ፈልገው ቆመው እርሱም መፍትሄ ከመስጠት ከጀርባ ሆኖ ያዮሃል ይህ ችግር በአብዛኛው የCBE ላይ አለ በተለይ አንፎ ቅርንጫፍ ላይ ይብሳል,3,2022-01-13,CBE,Google Play Store,NEGATIVE,0.9511666893959045,customer_support
Not working all of a sudden. I do not even know who to call to fix the bug. Disappointed as usual. I believe I need to visit the Branch to get the app fixed. Come on guys! It is not a car we are in 2022 for God sake. .,2,2022-01-13,CBE,Google Play Store,NEGATIVE,0.9997557997703552,bugs
"Easy to use, but it is not functional always.",5,2022-01-11,CBE,Google Play Store,NEGATIVE,0.9984309077262878,other
"It is really amazing app, it makes everything easy ...",5,2022-01-08,CBE,Google Play Store,POSITIVE,0.9998743534088135,other
Payment,5,2022-01-08,CBE,Google Play Store,POSITIVE,0.9950516819953918,transactions
After updating The app says This Device is rooted. You can't use this app. But my phone is not rooted I don't think it works on Android 11. Please fix it,1,2022-01-07,CBE,Google Play Store,NEGATIVE,0.9979902505874634,other
Hmmm... I like it,5,2022-01-06,CBE,Google Play Store,POSITIVE,0.999717652797699,other
I can't transfer money from other country .,1,2022-01-05,CBE,Google Play Store,NEGATIVE,0.9929395914077759,transactions
This is the best app l used till now .,1,2022-01-05,CBE,Google Play Store,POSITIVE,0.9995934367179871,other
በጣም ሀሪፍ ደስስስስስ የሚል,5,2022-01-05,CBE,Google Play Store,NEGATIVE,0.8616323471069336,other
Perfect .,5,2022-01-04,CBE,Google Play Store,POSITIVE,0.99985671043396,other
"Good, only attachement download is not working",4,2022-01-04,CBE,Google Play Store,NEGATIVE,0.9707416892051697,other
Great App. I wonder why do I need CBE Birr when this app works pretty good and exceedingly convenient. There were bugs but it seems like they are now addressed.,4,2022-01-04,CBE,Google Play Store,POSITIVE,0.8643092513084412,bugs
"Isn't there an IT professional in Ethiopia who can solve the problem of downloading the app? it's been 3 days since I've been trying to download the app. You're losing business, big time. I am so disappointed I don't even have words to express how frustrated I am. Please fix it.",1,2022-01-02,CBE,Google Play Store,NEGATIVE,0.9997010231018066,other
Good system,4,2022-01-01,CBE,Google Play Store,POSITIVE,0.9998434782028198,other
This app best of the best,5,2021-12-31,CBE,Google Play Store,POSITIVE,0.9995429515838623,other
It was working good from ET and outside the country but after recent update. No more working!,2,2021-12-30,CBE,Google Play Store,NEGATIVE,0.9946228265762329,other
Nice to see more transactions BUT if u have lots of transaction it lags and becomes slow. May be an option to limit the transaction history to a reasonable amount or by date so it doesnt load all data.,5,2021-12-29,CBE,Google Play Store,NEGATIVE,0.9988582134246826,"performance, transactions"
"Wowww, With my own mistake i was saying it works only Werkamaw Bank. But now i got real point and it works for me also Finfine Bank. I am so happy. I am doing any thing what i want very easly from out of Ethiopia. simply it is really Fantastic very usefull. Thanks our CBE Banking system",5,2021-12-27,CBE,Google Play Store,POSITIVE,0.9998130202293396,other
So Far so Good. Needs work on showing better transaction history.,5,2021-12-25,CBE,Google Play Store,POSITIVE,0.8696393370628357,transactions
It's a good app but I have two suggestions. It would be nice if it had an option to change between our own accounts. The option for downloading and sharing transactions that we have made does not work,4,2021-12-24,CBE,Google Play Store,NEGATIVE,0.9990193843841553,"login_issues, transactions"
Good user experience. Your backbend requires more work in terms of availability though.,5,2021-12-24,CBE,Google Play Store,POSITIVE,0.6399292349815369,other
Very useful and easy to use.,5,2021-12-22,CBE,Google Play Store,POSITIVE,0.9998332262039185,other
It is best to make your financial activities .and please do your best again .,5,2021-12-22,CBE,Google Play Store,POSITIVE,0.9775601625442505,other
It is very simple to use and have almost all kinda online services. Am very satisfied with this app.,5,2021-12-21,CBE,Google Play Store,POSITIVE,0.9984955787658691,customer_support
It has improved much since I reviewed last time.,4,2021-12-20,CBE,Google Play Store,POSITIVE,0.9997887015342712,other
Very best app thanks CBE,5,2021-12-19,CBE,Google Play Store,POSITIVE,0.9997716546058655,other
The app is working despite limited connectivity. I tried it from USA and satisfied. Keep it up to remain in the fierce competition!,4,2021-12-19,CBE,Google Play Store,POSITIVE,0.9957017302513123,other
It will be good to show the balance rather than only showing recent transaction.,1,2021-12-19,CBE,Google Play Store,POSITIVE,0.9986333250999451,transactions
የሚተማመኑበት ባንክ ወረፋ ዜሮ አድርጉ 951 የጥሪ ማዕከላችሁን ለማግኘት በፀሎትም አይሆንም,5,2021-12-18,CBE,Google Play Store,NEGATIVE,0.9310958981513977,other
Useful,5,2021-12-18,CBE,Google Play Store,POSITIVE,0.9997634291648865,other
It's best app,5,2021-12-18,CBE,Google Play Store,POSITIVE,0.9998397827148438,other
ምርጥ መተግበሪያ ነው ፣ ብዙ ነገር ነው ሚያቀለው። እንደ ቴሌ እና መብራት ኃይል ወርኃዊ የአገልግሎት ክፍያ ስንከፍል ሒሳብ ከሌለብን 0.0 ቢያሳይ ጥሩ ነበር።,5,2021-12-17,CBE,Google Play Store,NEGATIVE,0.9694608449935913,other
Excellence,5,2021-12-15,CBE,Google Play Store,POSITIVE,0.9998365640640259,other
"Great app, it like bank on my hand",5,2021-12-15,CBE,Google Play Store,POSITIVE,0.9996848106384277,other
"it is nice app,but it must have an option to add an other cbe account for multi account users",5,2021-12-14,CBE,Google Play Store,NEGATIVE,0.9085894227027893,login_issues
Nice app well done,5,2021-12-14,CBE,Google Play Store,POSITIVE,0.9998270869255066,other
Good app.,4,2021-12-13,CBE,Google Play Store,POSITIVE,0.9998503923416138,other
This is very good app 👏 👌 👍,5,2021-12-13,CBE,Google Play Store,POSITIVE,0.9998095631599426,other
It's a very good and helpful mobile banking app when compared with other local banking apps. Thank you!,5,2021-12-12,CBE,Google Play Store,POSITIVE,0.9998701810836792,customer_support
ever good,5,2021-12-11,CBE,Google Play Store,POSITIVE,0.9998745918273926,other
"Unable to connect, pls. Improve the system",5,2021-12-11,CBE,Google Play Store,NEGATIVE,0.9995279312133789,other
Good application but you have to incorporate Paperless bank statement obtaining method and should abolish going to the branch whenever changing a new device and new number for activation.,4,2021-12-07,CBE,Google Play Store,NEGATIVE,0.9957181811332703,other
Transfer to another bank is working just it shows error,1,2021-12-05,CBE,Google Play Store,NEGATIVE,0.9995777010917664,"transactions, bugs"
Better than all banks apps good work CBE,5,2021-12-04,CBE,Google Play Store,POSITIVE,0.999578058719635,other
Doesn't work. Horrible.,1,2021-12-03,CBE,Google Play Store,NEGATIVE,0.9997959733009338,other
Clear and very easy,5,2021-12-02,CBE,Google Play Store,POSITIVE,0.9998263716697693,other
Transfering meny,5,2021-12-02,CBE,Google Play Store,POSITIVE,0.940679669380188,transactions
The worst app.... Made me think I was robbed. Please fix or make an update,1,2021-12-01,CBE,Google Play Store,NEGATIVE,0.9998021721839905,other
Rate,5,2021-11-30,CBE,Google Play Store,POSITIVE,0.9813971519470215,other
Soulihe.ali,5,2021-11-29,CBE,Google Play Store,POSITIVE,0.9397832751274109,other
Very Good to use,5,2021-11-29,CBE,Google Play Store,POSITIVE,0.9998694658279419,other
Not working properly,2,2021-11-25,CBE,Google Play Store,NEGATIVE,0.9997847676277161,other
It's just fine,2,2021-11-25,CBE,Google Play Store,POSITIVE,0.9998652935028076,other
Fresh,5,2021-11-24,CBE,Google Play Store,POSITIVE,0.9998635053634644,other
It is amazing app no more comment,5,2021-11-24,CBE,Google Play Store,POSITIVE,0.9996471405029297,other
Its not working on my mobile,1,2021-11-23,CBE,Google Play Store,NEGATIVE,0.9993883371353149,other
Best app. I love the simplicity. Keep up the good job.,5,2021-11-22,CBE,Google Play Store,POSITIVE,0.9998726844787598,other
Veri nic,5,2021-11-21,CBE,Google Play Store,POSITIVE,0.982702374458313,other
Easy to use but can not update it?,5,2021-11-21,CBE,Google Play Store,NEGATIVE,0.9976518750190735,other
I think it's best for us..for the biggest transaction banks..but update it and modernizing throughout technologies.,4,2021-11-20,CBE,Google Play Store,POSITIVE,0.9739792943000793,transactions
5000.000000dawnelode,5,2021-11-19,CBE,Google Play Store,NEGATIVE,0.9913657903671265,other
When the connection is good the app also very good,4,2021-11-19,CBE,Google Play Store,POSITIVE,0.9997557997703552,other
It has been improved tremendosly. I am now comfortable to use it anytime I want. Good job CBE team.,5,2021-11-18,CBE,Google Play Store,POSITIVE,0.9995273351669312,other
It is best app it remove waste of time.,1,2021-11-16,CBE,Google Play Store,NEGATIVE,0.9981326460838318,other
"Fast and secure service, exchange money everywhere",5,2021-11-15,CBE,Google Play Store,POSITIVE,0.9919559955596924,"performance, customer_support"
Its nice app more easy to use it. It shown only Recent history transaction. Please all transaction history.To summarize my transaction with reason. And add traffic penality button. Generally its nice app,5,2021-11-13,CBE,Google Play Store,POSITIVE,0.9909346699714661,transactions
It's not showing the second account and takes long on loading,2,2021-11-12,CBE,Google Play Store,NEGATIVE,0.9996131062507629,login_issues
V.nice,5,2021-11-12,CBE,Google Play Store,POSITIVE,0.9973741769790649,other
ፀዴ አፕ,5,2021-11-10,CBE,Google Play Store,NEGATIVE,0.7850580215454102,other
Wow cbe,5,2021-11-09,CBE,Google Play Store,POSITIVE,0.9987693428993225,other
Yes very good to be with,5,2021-11-08,CBE,Google Play Store,POSITIVE,0.9998654127120972,other
"Great app, fast transactions and seemless experience.",5,2021-11-08,CBE,Google Play Store,POSITIVE,0.9790657758712769,"performance, transactions"
ብዙው ነገሩ ጥሩ ነው። ካየኇቸው ችግሮች መካከል አፕሊኬሽኑ ተዘግቶ ከተወጣ በኇላ ሌላ ነገር ሌላ ቦታ እየተጠቀምን እያለ የን.ባ አፕሊኬሽን ድንገት ራሱ በጣልቃ መጥቶ ፓስወርድ ማስገቢያውን ቦታ ያቀርባል። ሌላው ነገር ፤ የተደረገ የገንዘብ እንቅስቃሴን ለማሳየት መዘግየት ነው። ይሄኛው የባንኩ ሲስተም ችግር ይሁን የአፕሊኬሽኑ ግን አላውቅም።,4,2021-11-07,CBE,Google Play Store,NEGATIVE,0.9657653570175171,other
Best app from all Ethiopia banks,5,2021-11-07,CBE,Google Play Store,POSITIVE,0.9996637105941772,other
"Its a nice app and banking services. I have two questions&/ suggestions, why the beneficiary lists are sometimes not available/ not working? It will better if you allowed to see more than one page transaction statement.",4,2021-11-06,CBE,Google Play Store,NEGATIVE,0.9433917999267578,"transactions, customer_support"
"Very nice app, it makes my financial work so easy but i have one problem, that is the app RELAUNCHES itself after I closed it. if you guys could get rid of this it would be a lot better. Thanks!",4,2021-11-05,CBE,Google Play Store,POSITIVE,0.9190503358840942,other
"Love it, keep up my country",5,2021-11-05,CBE,Google Play Store,POSITIVE,0.9998713731765747,other
"I love it.it makes payment easier for me.as i don't like going to banks and wait and waste my time,i found this app very helpful and important . 5⭐",5,2021-11-05,CBE,Google Play Store,POSITIVE,0.9994882345199585,"transactions, customer_support"
It's very nice to use this app and no reason to be on the line.,5,2021-11-04,CBE,Google Play Store,NEGATIVE,0.9927834272384644,other
ከፍተኛ እግልትን የሚቀንስ አፖ ነው good app,5,2021-11-04,CBE,Google Play Store,POSITIVE,0.9990843534469604,other
Very convenient to sign in and out as well as mobile service is perfect.,5,2021-11-03,CBE,Google Play Store,POSITIVE,0.9996869564056396,customer_support
Commercial Bank of Ethipia,5,2021-11-02,CBE,Google Play Store,POSITIVE,0.7672914862632751,other
Good but I couldn't receive verification key,5,2021-11-01,CBE,Google Play Store,NEGATIVE,0.9312189817428589,other
"The app is designed well however some actions require assistance and when I called ur bank for assistance, I guess no one cares enough to answer",1,2021-11-01,CBE,Google Play Store,NEGATIVE,0.98082435131073,"ui_ux, customer_support"
951 call center was not unable to answer the call idlee guys.... My cbe application was stoped working the last 2weeks....please give us the reason,3,2021-11-01,CBE,Google Play Store,NEGATIVE,0.9995434880256653,other
Its cool,5,2021-10-31,CBE,Google Play Store,POSITIVE,0.9998533725738525,other
The best app in Ethiopia,5,2021-10-30,CBE,Google Play Store,POSITIVE,0.9997978806495667,other
Very simple and easy to use I loved it,5,2021-10-29,CBE,Google Play Store,POSITIVE,0.9998583793640137,other
Very easy to use,5,2021-10-29,CBE,Google Play Store,POSITIVE,0.9991422891616821,other
BEST !,5,2021-10-27,CBE,Google Play Store,POSITIVE,0.9998348951339722,other
Its really fantastic,5,2021-10-27,CBE,Google Play Store,POSITIVE,0.9998742341995239,other
Can not check my account! All I see is a blank screen! What is the problem?It is not user friendĺy!I will have to take my money & try other banķs.This is a waste of time!!!,1,2021-10-27,CBE,Google Play Store,NEGATIVE,0.9998151659965515,login_issues
Finely tuned,5,2021-10-26,CBE,Google Play Store,POSITIVE,0.9998664855957031,other
Good God my business,5,2021-10-25,CBE,Google Play Store,POSITIVE,0.9983428716659546,other
Transcation information available only for a very short period of time. Unstable when used for two accounts. It sometimes doesn't show me my second account.,2,2021-10-24,CBE,Google Play Store,NEGATIVE,0.998755931854248,login_issues
Great App👍,5,2021-10-23,CBE,Google Play Store,POSITIVE,0.9997692704200745,other
So easy and clear to use the app,5,2021-10-22,CBE,Google Play Store,POSITIVE,0.9967843294143677,other
"Very useful, but Please add daily foreign exchange rate. Thank you.",5,2021-10-21,CBE,Google Play Store,POSITIVE,0.9996483325958252,other
"Great, please include bank statement options.",5,2021-10-21,CBE,Google Play Store,POSITIVE,0.9997798800468445,other
best app keep the update for new features,4,2021-10-21,CBE,Google Play Store,POSITIVE,0.998214840888977,other
The bank always rely on CBE.,5,2021-10-18,CBE,Google Play Store,POSITIVE,0.8127681612968445,other
Baga nagayan asiin nuu ga'e,1,2021-10-17,CBE,Google Play Store,NEGATIVE,0.9700130820274353,other
Ilike this app because it is fast and easy,5,2021-10-16,CBE,Google Play Store,POSITIVE,0.997927188873291,performance
Best app It's user friendly,5,2021-10-16,CBE,Google Play Store,POSITIVE,0.9994657635688782,ui_ux
SAMSUNG Galaxy A21s,5,2021-10-15,CBE,Google Play Store,POSITIVE,0.8098435997962952,other
It is a good app but sometimes very poor and i hate your rules about transfering birr only 5 times a week... We have more than 5 problem per week and it is shamefull.,3,2021-10-15,CBE,Google Play Store,NEGATIVE,0.9970398545265198,transactions
Nice app but sometimes it deduct two times when i recharge mobile card and Dstv payment,5,2021-10-15,CBE,Google Play Store,NEGATIVE,0.9791461229324341,transactions
Easy and fast but some time it show us error but the trasaction is alrady sent and the error mislead us and we do the trx again. This affect our acount twice,5,2021-10-15,CBE,Google Play Store,NEGATIVE,0.9935328960418701,"performance, bugs"
Very slow and worst doesn't work good 🙃,1,2021-10-14,CBE,Google Play Store,NEGATIVE,0.9998074173927307,performance
What a nice and simple app 😊,5,2021-10-14,CBE,Google Play Store,POSITIVE,0.9997171759605408,other
"Very unsafe! The password is stored in the phone, which is very unsafe. And once you entered the password, there is no timeout nor ask for password while making transaction. Therefore, if you have stolen your phone, you may end-up loosing your money",1,2021-10-13,CBE,Google Play Store,NEGATIVE,0.9991058707237244,"login_issues, transactions"
በሚፈለገው ፍጥነትና ጥራት ለመጠቀም የኔትወርክ ወይም የዳታ ዉስንነት አለበት ይህ ችግር ቢቀረፍ እላለሁኝ በተረፈ ምርጥ አፕ ነው በርቱልን።,4,2021-10-13,CBE,Google Play Store,NEGATIVE,0.959501326084137,other
"Thak you for your support specaliy who is leaving on bord. Easy access and outstanding. I would like ro sujest all who was leving on bord like me use this up. Blessings,",5,2021-10-12,CBE,Google Play Store,POSITIVE,0.9997259974479675,"login_issues, customer_support"
No working perfectly,1,2021-10-11,CBE,Google Play Store,NEGATIVE,0.9996792078018188,other
"The application is good but sometimes it doesn't respond my issues ie: Transfer,. In addition to this the application don't show my balance instade it only shows transaction history. If possible it's better if z app were able to show z exact balance sheet and fix a problem of not responding, if so I will rate z app ***** by adding z remaining 2 ** 10 Q.",3,2021-10-11,CBE,Google Play Store,NEGATIVE,0.9942299127578735,transactions
Great app but it would be nice if it allow cardless transaction On ATM like abyssinya bank has on its mobile app.,4,2021-10-10,CBE,Google Play Store,NEGATIVE,0.972039520740509,transactions
I wrote that 15 days ago i think. It's better now for the most part. Also please stop showing toasts! There is no way to stop it from showing repeatedly,5,2021-10-09,CBE,Google Play Store,NEGATIVE,0.9975467324256897,other
Interbank transaction is not functional.,3,2021-10-08,CBE,Google Play Store,NEGATIVE,0.9997681975364685,transactions
I love 💕 it's easy and fast,5,2021-10-08,CBE,Google Play Store,POSITIVE,0.9997997879981995,performance
Good work at all,5,2021-10-07,CBE,Google Play Store,POSITIVE,0.999854564666748,other
Very nice app 👌,5,2021-10-06,CBE,Google Play Store,POSITIVE,0.9998155236244202,other
So simplified and easy to use. I suggest you all to download and use it ASAP.,5,2021-10-06,CBE,Google Play Store,POSITIVE,0.9214050769805908,other
I looke best application to work in the future,2,2021-10-05,CBE,Google Play Store,POSITIVE,0.9921234250068665,other
Can you update please..the utility service does not work,3,2021-09-30,CBE,Google Play Store,NEGATIVE,0.99979168176651,customer_support
What is the verification code ? And how to get it? why?,4,2021-09-30,CBE,Google Play Store,NEGATIVE,0.9994035959243774,other
That so nice,5,2021-09-28,CBE,Google Play Store,POSITIVE,0.9998593330383301,other
I like it very much..is secured and easy to use..we can easily make a transaction with accounts of the same bank..,4,2021-09-28,CBE,Google Play Store,POSITIVE,0.9997327923774719,"login_issues, transactions"
Enable to read my accounts fast,5,2021-09-27,CBE,Google Play Store,POSITIVE,0.9971234202384949,"login_issues, performance"
"I love this app. It's simple to use and syncs fast. The only issue I had was the balance shows only what's on the ledger, there is no way to tell what the actual balance is. I learn about the difference between the two balance types the hard way on an ATM machine. I would love to see that fixed in your next update.",5,2021-09-25,CBE,Google Play Store,POSITIVE,0.9968240261077881,performance
Very nice app but please incorporate exchange rate and ATM locater,4,2021-09-23,CBE,Google Play Store,POSITIVE,0.9677081108093262,other
very well apps thanks,5,2021-09-22,CBE,Google Play Store,POSITIVE,0.9998468160629272,other
It is good app before but now it's not working properly,2,2021-09-21,CBE,Google Play Store,NEGATIVE,0.9987711310386658,other
I am trying to use now,5,2021-09-21,CBE,Google Play Store,NEGATIVE,0.9878836274147034,other
It is a a much better App than other Private Banks. But you have to include the following options; 1. The Bank Statement should be Unlimited. It should allow to see all Transactions by Tracing Back. No Need to Limit it with only one Page Transaction (May be 10Page). 2. You have to Work on transferring Money to other Banks too. You can ask additional payment for it. But the Service will be Essential for Us.,5,2021-09-21,CBE,Google Play Store,POSITIVE,0.9583488702774048,"transactions, customer_support"
biutyfull,5,2021-09-17,CBE,Google Play Store,NEGATIVE,0.9593095779418945,other
Chaking,5,2021-09-16,CBE,Google Play Store,NEGATIVE,0.9570676684379578,other
Keep it up,5,2021-09-16,CBE,Google Play Store,POSITIVE,0.9998098015785217,other
It's fast and reliable. You can make transaction from anywhere in the world.,5,2021-09-16,CBE,Google Play Store,POSITIVE,0.9997475743293762,"performance, transactions"
It's very nice more better from this .,5,2021-09-15,CBE,Google Play Store,POSITIVE,0.9985658526420593,other
Its god,5,2021-09-15,CBE,Google Play Store,POSITIVE,0.9914584755897522,other
It works very well. I have two issues though 1/ it is not possible to transfer accounts in other Banks. 2/ the exoress money sending function dies not work as neither the recipient nor the sender get the secret number but the money will alrwady be sent. I had to go throgh a very lengthy process to get the money back with the transfer fee already deducted. In the end I lost three days plus the transfer fee for teying to send money fast. Other than these issues it does the rest of the job well.,3,2021-09-15,CBE,Google Play Store,NEGATIVE,0.9870928525924683,"login_issues, performance, transactions"
"The app doesn't have more option. I expected more and convinient features than other local banks mobile app however i found it poor. Pls add option where clients can check statment back dated, ....etc u need to advace the security like disabling screen shots from mobile device. I recommend you to bench mark Wells Fargo app.",1,2021-09-14,CBE,Google Play Store,NEGATIVE,0.9989804625511169,other
Good But Not perfect,4,2021-09-14,CBE,Google Play Store,POSITIVE,0.5562960505485535,other
By far the most crucial and progressivly growing financial app. Keep up the good work.from an end user stand point It would also make sense to include push notification for each transaction as well.,4,2021-09-13,CBE,Google Play Store,POSITIVE,0.9991058707237244,transactions
Keep good work,5,2021-09-12,CBE,Google Play Store,POSITIVE,0.9998666048049927,other
Hanna umukunzi,1,2021-09-11,CBE,Google Play Store,POSITIVE,0.686267077922821,other
Nice and smooth to use.,5,2021-09-10,CBE,Google Play Store,POSITIVE,0.999864935874939,other
እጅግ በጣም ጥሩ አፕሊኬሽን ነው,5,2021-09-10,CBE,Google Play Store,NEGATIVE,0.8832126259803772,other
"Not able to get transaction list, it has very few options from what other Banks mobile app offer. It needs improvement.",2,2021-09-10,CBE,Google Play Store,NEGATIVE,0.9995711445808411,transactions
Frequent responce,5,2021-09-10,CBE,Google Play Store,NEGATIVE,0.9510806202888489,other
Just Wow!,5,2021-09-08,CBE,Google Play Store,POSITIVE,0.999786913394928,other
Root betederege mobile lay ayseram,3,2021-09-07,CBE,Google Play Store,NEGATIVE,0.9984822869300842,other
Good. Saves time!,5,2021-09-07,CBE,Google Play Store,POSITIVE,0.9998332262039185,other
"Easy, versatile and secure financial transaction mobile app in Ethiopia.",5,2021-09-07,CBE,Google Play Store,POSITIVE,0.9992190599441528,transactions
Its very slow annoying,1,2021-09-07,CBE,Google Play Store,NEGATIVE,0.9997945427894592,performance
Mustafe shide,5,2021-09-07,CBE,Google Play Store,POSITIVE,0.9861165881156921,other
I am spending too much time because it gets stuck frequently. I would rather go to pay at the bank than waste my time with this app. Bad app,1,2021-09-03,CBE,Google Play Store,NEGATIVE,0.9998019337654114,other
"Can developers present options to see transactions details like locations ( city ) or CBE branches where transactions are initiated or identity who wired transfers rather than simple generic term ""transfer"" ? This option helps to track cash in flows without going to nearby CBE branch to learn details of a transaction. Apart from this, the app is great and make life easy.",4,2021-09-03,CBE,Google Play Store,POSITIVE,0.9991087317466736,"transactions, customer_support"
Unable to save transaction message Please solve asap,4,2021-09-03,CBE,Google Play Store,NEGATIVE,0.9995225667953491,transactions
when are you going to change the CBE Logo,3,2021-09-02,CBE,Google Play Store,NEGATIVE,0.9942418336868286,other
Echange rate is not added and all recoginzed banks not included in bank to bank transfer,4,2021-09-01,CBE,Google Play Store,NEGATIVE,0.9987419247627258,transactions
በጣም አሪፍ መተግበሪያ ነው👏👏👏,5,2021-09-01,CBE,Google Play Store,NEGATIVE,0.8616323471069336,other
The best and active app ever,5,2021-08-31,CBE,Google Play Store,POSITIVE,0.9998562335968018,other
"Best, application for use and time saving",5,2021-08-31,CBE,Google Play Store,POSITIVE,0.9982130527496338,other
Is best app in ethiopia there is avaliable for next time,1,2021-08-31,CBE,Google Play Store,POSITIVE,0.9978195428848267,other
Easily manege the money,4,2021-08-31,CBE,Google Play Store,POSITIVE,0.9970512390136719,other
Nice app it's help life runs easly and facilititet busines fast,5,2021-08-31,CBE,Google Play Store,POSITIVE,0.9902743697166443,"performance, customer_support"
fast & perfect with a good new feuture. thanks & keep it up🙏,5,2021-08-30,CBE,Google Play Store,POSITIVE,0.9998867511749268,performance
Why it's not found on App Gallery for Huawei users?,2,2021-08-27,CBE,Google Play Store,NEGATIVE,0.9995107650756836,other
"Poor update, not exactly show the figure on the time!!",1,2021-08-27,CBE,Google Play Store,NEGATIVE,0.9997978806495667,other
I couldn't synchronize my current balance.,3,2021-08-26,CBE,Google Play Store,NEGATIVE,0.9996457099914551,other
Best mobile banking,5,2021-08-26,CBE,Google Play Store,POSITIVE,0.9997305274009705,other
"Freindly app, suitable for many clients.sometimes, synchronization would not be possibe.",3,2021-08-26,CBE,Google Play Store,NEGATIVE,0.9795477390289307,other
"Fast ,best and saves time.",5,2021-08-25,CBE,Google Play Store,POSITIVE,0.999777615070343,performance
Perfect & Reliable Service,5,2021-08-25,CBE,Google Play Store,POSITIVE,0.9998666048049927,customer_support
Couldn't see any thing.even i can't see my balance.,1,2021-08-25,CBE,Google Play Store,NEGATIVE,0.9988337159156799,other
Very Interesting,5,2021-08-24,CBE,Google Play Store,POSITIVE,0.999863862991333,other
Very user friendly App,5,2021-08-24,CBE,Google Play Store,POSITIVE,0.996707558631897,ui_ux
"This one is better than the previous versions. But am unable to send to benficiaries, it was working on the previous versions. While working on the other features please work on this failure too. Thank u!",4,2021-08-24,CBE,Google Play Store,NEGATIVE,0.9966689944267273,other
"Was so nice, days ago. But since last week I couldn't transfer and use it, properly. Would you forwarded me any option, please ? Thank you!",2,2021-08-23,CBE,Google Play Store,POSITIVE,0.8652492761611938,transactions
"Please add the ability to view all transaction history, and pressing back on sub pages should not display logout confirmation. Plus, self registration should be a thing",3,2021-08-21,CBE,Google Play Store,NEGATIVE,0.993638813495636,transactions
Exceptionally super boring to use.,1,2021-08-20,CBE,Google Play Store,NEGATIVE,0.9996790885925293,other
As much as possible good job save and share of transaction not work yet.,4,2021-08-20,CBE,Google Play Store,NEGATIVE,0.9660605192184448,transactions
It's Child apps Design,1,2021-08-19,CBE,Google Play Store,NEGATIVE,0.9546898603439331,ui_ux
100% perfect number one chosen bank,5,2021-08-19,CBE,Google Play Store,POSITIVE,0.9998332262039185,other
Seet,1,2021-08-19,CBE,Google Play Store,POSITIVE,0.9986395239830017,other
Horrible can't sync my account,1,2021-08-18,CBE,Google Play Store,NEGATIVE,0.9996353387832642,login_issues
It's amazing app easy to use,5,2021-08-18,CBE,Google Play Store,POSITIVE,0.9998030066490173,other
Esay,1,2021-08-18,CBE,Google Play Store,POSITIVE,0.9963625073432922,other
this app is not functional for some phones,1,2021-08-17,CBE,Google Play Store,NEGATIVE,0.9996984004974365,other
This app is not compatible for Samsung not,5,2021-08-17,CBE,Google Play Store,NEGATIVE,0.999714195728302,other
Not working at all!,1,2021-08-16,CBE,Google Play Store,NEGATIVE,0.9997861981391907,other
How can I get verification Code lol🤔?,3,2021-08-16,CBE,Google Play Store,NEGATIVE,0.9991008043289185,other
"Very efficient, good, very good",5,2021-08-14,CBE,Google Play Store,POSITIVE,0.9998753070831299,other
I meed updated,5,2021-08-14,CBE,Google Play Store,POSITIVE,0.9432913661003113,other
"The last update is not working properly, please fix the bug fast",2,2021-08-13,CBE,Google Play Store,NEGATIVE,0.9997782111167908,"performance, bugs"
I uninstalled the app but Now I can't download it,1,2021-08-12,CBE,Google Play Store,NEGATIVE,0.9936490654945374,other
Good app...It would be good if Summary of transactions also incorporated .,4,2021-08-12,CBE,Google Play Store,POSITIVE,0.9988237023353577,transactions
Genet zewde77@yahoo .come,1,2021-08-11,CBE,Google Play Store,NEGATIVE,0.9648354053497314,other
Doesn't work for Samsung A30s!,1,2021-08-11,CBE,Google Play Store,NEGATIVE,0.9992050528526306,other
very limited option we could see the previous transactions.,2,2021-08-09,CBE,Google Play Store,NEGATIVE,0.9986044764518738,transactions
i'm happy this cbe service,5,2021-08-09,CBE,Google Play Store,POSITIVE,0.9998464584350586,customer_support
Ir is nice try it,5,2021-08-08,CBE,Google Play Store,POSITIVE,0.9991763234138489,other
How it can be explained for those mass customer's,5,2021-08-07,CBE,Google Play Store,POSITIVE,0.9680085182189941,other
Good Interface and user frendly app great work cbe👍🏻,4,2021-08-05,CBE,Google Play Store,POSITIVE,0.9996709823608398,ui_ux
"It is not functional after installing error message says ""this device is rooted.you can't use this app."" i think it is not compatible for android 10",2,2021-08-04,CBE,Google Play Store,NEGATIVE,0.9995784163475037,bugs
App's literally broken after the last update. The new interface was great but unusable. I sent E-mail to to Dev. team but no response or acknowledgment of the issue so far. Please resolve it ASAP.,1,2021-08-03,CBE,Google Play Store,NEGATIVE,0.9990302324295044,"ui_ux, customer_support"
"Good job, but sometimes even with good connection it can't sync.",3,2021-08-02,CBE,Google Play Store,NEGATIVE,0.9830386638641357,other
This is a very good app that every customer should be able to be a bank for him/her self👍👍,5,2021-07-30,CBE,Google Play Store,POSITIVE,0.9996659755706787,other
አማርኛ ምርጫ ላይ እንግሊዘኛ ቃላት ምን ማለት ነው? አሁን ወራቶች መጠረያ ቃል የለንምና ነው ? ያለንን በትክክል ተጠቀሙበት ቋንቋ መግባቢያ እንጂ እውቀት አይደለም!! ስለዚህ አትቀላቅሉ? ሬት አፕ ምን ማለት ነው? ሁለተኛው አስተያየት ያለኝ መተግበርያው ብዙ የሚጎድሉት ነገሮች አሉት። ምሳሌ የሚስጥር ቁጥር አገባቡ ቀላል ነው። ብር ማስተላለፍ ድጋሚ የተለየ ቁጥርና ቢኖረውና ይህም ተቀያያሪ ቢሆን ብዙ አለ ። ለማንኛውም እስኪ አንድ የኮርያ ባንክ ልጠቁምና እዩት። keb hana bank ከዚህ ብዙ ትማራላችው ብዬ አስባለው።,2,2021-07-30,CBE,Google Play Store,NEGATIVE,0.9802010655403137,other
"Very convenient, easy to use. The only reason that made me be a CBE customer.",5,2021-07-30,CBE,Google Play Store,NEGATIVE,0.9978237152099609,other
በጣም ቆንጆ አፕ ነው,5,2021-07-29,CBE,Google Play Store,NEGATIVE,0.8616323471069336,other
This is very helpful and functional app. Recently I am facing issues on transfer to other banks. Please address it,5,2021-07-27,CBE,Google Play Store,POSITIVE,0.9987607002258301,"transactions, customer_support"
Good app but sometimes its down,3,2021-07-25,CBE,Google Play Store,NEGATIVE,0.9574103951454163,other
Awesome app keep up the good work 👏,5,2021-07-22,CBE,Google Play Store,POSITIVE,0.9998750686645508,other
Best of the best,4,2021-07-19,CBE,Google Play Store,POSITIVE,0.9998401403427124,other
this is best but add traffic fine app.,4,2021-07-17,CBE,Google Play Store,POSITIVE,0.9989206790924072,other
The application makes my day to day activities very easy and comfotable.,5,2021-07-17,CBE,Google Play Store,POSITIVE,0.9859604835510254,other
My country big bank,5,2021-07-16,CBE,Google Play Store,POSITIVE,0.9820247888565063,other
ለአጠቃቀም ምቹ እና ግልፅ አፕልኬሽን ነው። ከኤቲኤም ሲስተም እጅጉን ይሻላል።,4,2021-07-16,CBE,Google Play Store,NEGATIVE,0.9489790797233582,other
Arif New Temechtognal,5,2021-07-15,CBE,Google Play Store,NEGATIVE,0.8881317973136902,other
"It's good, but why have a limit of 5 on weekly transfer.",4,2021-07-15,CBE,Google Play Store,POSITIVE,0.7221120595932007,transactions
It isMore comfortable application!,1,2021-07-14,CBE,Google Play Store,POSITIVE,0.9993870258331299,other
Great app for an Ethiopian perspective,5,2021-07-13,CBE,Google Play Store,POSITIVE,0.999599039554596,other
The best app for banking,5,2021-07-12,CBE,Google Play Store,POSITIVE,0.9997715353965759,other
Not functional our mobile,1,2021-07-12,CBE,Google Play Store,NEGATIVE,0.9997795224189758,other
"Starting from the past two weeks, it is not working properly. Did you release any update? If not please investigate the problem and solve it.",3,2021-07-11,CBE,Google Play Store,NEGATIVE,0.9997326731681824,other
Simple and user friendly. Thanks it is very helpful.,5,2021-07-10,CBE,Google Play Store,POSITIVE,0.9998093247413635,"ui_ux, customer_support"
It is very great and helpful app. Easy and helps to save time alot,5,2021-07-09,CBE,Google Play Store,POSITIVE,0.9997001886367798,customer_support
Good cbe app,5,2021-07-08,CBE,Google Play Store,POSITIVE,0.9994891881942749,other
It's nice app...!,5,2021-07-08,CBE,Google Play Store,POSITIVE,0.99985671043396,other
It does not work properly,1,2021-07-07,CBE,Google Play Store,NEGATIVE,0.9997746348381042,other
ተመችቶኛል,1,2021-07-07,CBE,Google Play Store,NEGATIVE,0.6970561742782593,other
So gooood!! Keep Going,4,2021-07-06,CBE,Google Play Store,NEGATIVE,0.8874846696853638,other
wow nice app thanks,5,2021-06-30,CBE,Google Play Store,POSITIVE,0.9998430013656616,other
"Great GUI, easy to use and convenience.",5,2021-06-29,CBE,Google Play Store,POSITIVE,0.9993645548820496,other
"CBE, please fix this app or you'll be left behind. Considering this was one of the first banking apps in Ethiopia, most bugs should have been fixed by now. But bugs still abound. It worked from outside Ethiopia but not for long. I haven't been able to use it (from outside Ethiopia) for the past 4 weeks. No updates visible. Nothing against the country that I dearly love. But this app is the one-eyed version as far as banking apps go. You know... a one-eyed man is a king...",3,2021-06-28,CBE,Google Play Store,NEGATIVE,0.996508777141571,bugs
It reduces life hassling.,1,2021-06-28,CBE,Google Play Store,NEGATIVE,0.9989944100379944,other
Comfortable and easiest app,5,2021-06-27,CBE,Google Play Store,POSITIVE,0.9998262524604797,other
Bad...very Bad..taboo .. Need an education,1,2021-06-27,CBE,Google Play Store,NEGATIVE,0.9997575879096985,other
It works only on WiFi,2,2021-06-27,CBE,Google Play Store,NEGATIVE,0.9948703050613403,other
win,5,2021-06-26,CBE,Google Play Store,POSITIVE,0.9997997879981995,other
Very good app. Thanks,5,2021-06-26,CBE,Google Play Store,POSITIVE,0.999863862991333,other
So far soooo good 👍,5,2021-06-25,CBE,Google Play Store,POSITIVE,0.9996744394302368,other
No account balance shown,2,2021-06-25,CBE,Google Play Store,NEGATIVE,0.9992691874504089,login_issues
WOW I am so impressed using this App. It is simple to use and helps digital money transaction.,5,2021-06-24,CBE,Google Play Store,POSITIVE,0.9995260238647461,"transactions, customer_support"
My phone is not rooted however the app claims that it is. Please fix this bug. Whoever wrote the verification for a rooted OS please please please revisit your code.,1,2021-06-24,CBE,Google Play Store,NEGATIVE,0.9912368059158325,bugs
It makes life easy everything is there you are expected only to download this app and use it a bank you can always relay,5,2021-06-24,CBE,Google Play Store,POSITIVE,0.9709317088127136,other
Excellent app! Like it. It's user friendly. And the last updated is also good for adding some privacy.,5,2021-06-21,CBE,Google Play Store,POSITIVE,0.9997391104698181,ui_ux
Well improved,5,2021-06-21,CBE,Google Play Store,POSITIVE,0.9998574256896973,other
በጣም ተመችቶኛል ሂወቴ ፈጣን አረገልኝ,4,2021-06-20,CBE,Google Play Store,NEGATIVE,0.8832126259803772,other
What does it mean can't sync,4,2021-06-20,CBE,Google Play Store,NEGATIVE,0.9994314312934875,other
I realy hate this app it simply keep on saying that your device is rooted you can't use this ap when my device is not rooted so you better consult an android developer✌️ so one star is too much....,1,2021-06-19,CBE,Google Play Store,NEGATIVE,0.9992941617965698,other
Best option for Any CBE account services I have seen yet.,5,2021-06-19,CBE,Google Play Store,POSITIVE,0.9852591753005981,"login_issues, customer_support"
"It's mostly unable to connect to the Internet, very frustrating",1,2021-06-18,CBE,Google Play Store,NEGATIVE,0.9998120665550232,other
ameloayele@g email,1,2021-06-17,CBE,Google Play Store,NEGATIVE,0.9780842661857605,other
useful update but at the moment its not easy to download or update and that means we can't use the the app at the moment,3,2021-06-17,CBE,Google Play Store,NEGATIVE,0.9983192086219788,other
Only works when it wants!,1,2021-06-15,CBE,Google Play Store,NEGATIVE,0.915094256401062,other
Why my app not responding,5,2021-06-15,CBE,Google Play Store,NEGATIVE,0.9993854761123657,other
Good apk,5,2021-06-14,CBE,Google Play Store,POSITIVE,0.9998421669006348,other
No comment,5,2021-06-14,CBE,Google Play Store,NEGATIVE,0.9760733842849731,other
Simply Poor.,1,2021-06-14,CBE,Google Play Store,NEGATIVE,0.999785840511322,other
I need to get the details of my utilities payment without going to the Bank. Thank you!,3,2021-06-13,CBE,Google Play Store,POSITIVE,0.9996362924575806,transactions
Why you are closed seeing our balance in recently updated version?,1,2021-06-12,CBE,Google Play Store,NEGATIVE,0.9935397505760193,other
I need it to active my job,5,2021-06-11,CBE,Google Play Store,NEGATIVE,0.988787829875946,other
Very bad app,5,2021-06-11,CBE,Google Play Store,NEGATIVE,0.9997768998146057,other
Is not working,1,2021-06-11,CBE,Google Play Store,NEGATIVE,0.9997809529304504,other
What an update its amazing Super Fast,5,2021-06-11,CBE,Google Play Store,POSITIVE,0.9997957348823547,performance
ወድጄዋለሁ,5,2021-06-11,CBE,Google Play Store,NEGATIVE,0.6970561742782593,other
I have been used this app from the beginning and like it. On the current updated version it states we can share and save the transaction details. However it can't share or save. The only option I am using is Screenshot. So would you please review it?,4,2021-06-09,CBE,Google Play Store,NEGATIVE,0.9624647498130798,transactions
Wonderful update. I use to take a screenshot of my transactions before but now I can share or download the details. Thank you so much. Keep up!,5,2021-06-09,CBE,Google Play Store,POSITIVE,0.9998459815979004,transactions
"I used this app for a long time , and i like it, its user friendly, not complicated at all, and more over it makes life easier for real. But the now after some times, this app is working better only on wifi, .. its veary hard to use it with mobile data, so please do something",3,2021-06-08,CBE,Google Play Store,NEGATIVE,0.9868799448013306,ui_ux
እኔ ከምንም በላይ ጊዜና ድካሜን ቀንሶልኛል,5,2021-06-07,CBE,Google Play Store,NEGATIVE,0.9046949148178101,other
The installed app says this app is rooted you can't open it whats the problem they don't know what they are doing.,1,2021-06-07,CBE,Google Play Store,NEGATIVE,0.9978575110435486,other
"Just updated to version 4.3 but it failed to sync after that. Please do something, I couldn't use it since it is popping ""can't sync"".",1,2021-06-07,CBE,Google Play Store,NEGATIVE,0.9996404647827148,other
CBE is My Favorite Choice in All Transaction,5,2021-06-07,CBE,Google Play Store,POSITIVE,0.998528003692627,transactions
Best app but if you add more than ten transaction it will be better,3,2021-06-07,CBE,Google Play Store,NEGATIVE,0.9484379291534424,transactions
Very Good App,5,2021-06-06,CBE,Google Play Store,POSITIVE,0.9998675584793091,other
Wow very easy and wonderful app,5,2021-06-06,CBE,Google Play Store,POSITIVE,0.9998797178268433,other
Hey! What a weakly limit restriction you made? Why I cannot withdraw my money at any time when I want? This leads the app to be debris!,1,2021-06-06,CBE,Google Play Store,NEGATIVE,0.9993014335632324,other
After I update this app when I try to use it say can't cync. I can't use. What is the problem?,1,2021-06-06,CBE,Google Play Store,NEGATIVE,0.9994112253189087,other
"It so clear and symple to use, solves problems in our daily financial activities and enrichs us with current exchange informations. It is so lovely.",5,2021-06-06,CBE,Google Play Store,POSITIVE,0.9998636245727539,other
Wonderfully make your lifrle simple,5,2021-06-05,CBE,Google Play Store,POSITIVE,0.9998857975006104,other
Wonderful Application!!!,5,2021-06-05,CBE,Google Play Store,POSITIVE,0.9998829364776611,other
Bareeda mitti Sireesaa akkaa nuu banamu,5,2021-06-05,CBE,Google Play Store,NEGATIVE,0.9850276708602905,other
Its better if you allow to pay for tele wifi payment ..,3,2021-06-05,CBE,Google Play Store,NEGATIVE,0.9964706897735596,transactions
"Nice app but mostly the txn sorting is not correct, earlier txns come on top but latest ones at below so its better if it has a time stamp besides the date or do something for better txn sorting.",4,2021-06-04,CBE,Google Play Store,NEGATIVE,0.9968620538711548,other
Normal uset,5,2021-06-04,CBE,Google Play Store,NEGATIVE,0.7612515687942505,other
"It used to work fine, but it's not logging in after the recent forced update.",5,2021-06-04,CBE,Google Play Store,NEGATIVE,0.9784940481185913,other
"After the update I received today, I have tried to conduct transfer to other CBE accounts and it continously brings error messages saying none available. It is also not allowing me to download the transacation picture as is advertised here. Please do something CBE as this app is continuing to frustrate me again and again.",3,2021-06-04,CBE,Google Play Store,NEGATIVE,0.9993345141410828,"login_issues, transactions, bugs"
Thank you for timely response. The app now working really well. Recommendations: please synchronize this app with telebirr.,4,2021-06-04,CBE,Google Play Store,POSITIVE,0.9991389513015747,customer_support
"I have been using for more than 3 years. It was good, but after upgrade to new version end up with white screen. What is wrong with that. Thanks.",3,2021-06-04,CBE,Google Play Store,NEGATIVE,0.9940481185913086,other
When u need to transfer the network stuck.... please fix this things,3,2021-06-04,CBE,Google Play Store,NEGATIVE,0.9986622333526611,transactions
Why build a skyscraper when your mobile app is this bad!!!... Priorities !!!!,1,2021-06-04,CBE,Google Play Store,NEGATIVE,0.9997913241386414,other
Its very easy to use in contrast to other similar apps,5,2021-06-04,CBE,Google Play Store,POSITIVE,0.9981250166893005,other
"It could be very useful if the app is able to show all the transactions made with out limitations, the current app shows only recent transactions.",3,2021-06-04,CBE,Google Play Store,NEGATIVE,0.9986376166343689,transactions
አሁን አሪፍ ሆኗል ገንዘባችንን ፊትለፊት አያሳይብንም እሱ ተመችቶኛል በጣም በርቱ,5,2021-06-04,CBE,Google Play Store,NEGATIVE,0.9366678595542908,other
"In the home menu, the updated date of balance is not shown. Moreover, the recent account does not show the withdrawal cash amount.",2,2021-06-04,CBE,Google Play Store,NEGATIVE,0.9975804090499878,login_issues
The up is simple and easy to use so far. And in the future updates i would recommed adding transaction statment in a report manner. Thankbyou CBE.,3,2021-06-04,CBE,Google Play Store,POSITIVE,0.9911054968833923,transactions
"Its a perfect app, Easy to use and works almost everytime",5,2021-06-04,CBE,Google Play Store,POSITIVE,0.9998049139976501,other
Nice app!!!!,5,2021-06-03,CBE,Google Play Store,POSITIVE,0.9997331500053406,other
Worst app I've ever seen,1,2021-06-03,CBE,Google Play Store,NEGATIVE,0.9997695088386536,other
"The best app, that I have used it",5,2021-06-03,CBE,Google Play Store,POSITIVE,0.9998161196708679,other
Er Jh,5,2021-06-03,CBE,Google Play Store,POSITIVE,0.8132340312004089,other
Very good👍,5,2021-06-03,CBE,Google Play Store,POSITIVE,0.8243645429611206,other
I tried to transfer a payment to my friend. The app did not show me any confirmation of a payment I belived as the payment was not sent to my friend so I tried many times. At the end I have found out that my account was out of balance. Its A Crazy And Unreliable App.,1,2021-06-03,CBE,Google Play Store,NEGATIVE,0.9996324777603149,"login_issues, transactions"
A job well done!,5,2021-06-03,CBE,Google Play Store,POSITIVE,0.999850869178772,other
Very fantastic application,1,2021-06-03,CBE,Google Play Store,POSITIVE,0.9998766183853149,other
It is Good!,4,2021-06-03,CBE,Google Play Store,POSITIVE,0.9998489618301392,other
Stuke,1,2021-06-02,CBE,Google Play Store,NEGATIVE,0.9989861845970154,other
what is the application verification key pls??,4,2021-06-02,CBE,Google Play Store,NEGATIVE,0.9991856217384338,other
The interface is good. But can you hide amount of money. It is sensitive. And login pin and keyboard are not really synced,4,2021-06-01,CBE,Google Play Store,POSITIVE,0.848020076751709,"login_issues, ui_ux"
it's very nice and Thanks,5,2021-06-01,CBE,Google Play Store,POSITIVE,0.9998562335968018,other
It is very easy to use specially for paying utilities,5,2021-06-01,CBE,Google Play Store,NEGATIVE,0.9481189846992493,other
Setastelu,1,2021-05-31,CBE,Google Play Store,POSITIVE,0.9560437798500061,other
"It very smooth, but it need a QR code payment system",4,2021-05-31,CBE,Google Play Store,NEGATIVE,0.978150486946106,transactions
My#ap,4,2021-05-31,CBE,Google Play Store,POSITIVE,0.9129142165184021,other
"This application is really bad. It is slow and doesn't work properly. It doesn't show recent activities. Using this app I transfered money to a friend and after showing deduction on my account, the money didn't reach the other end,the activity is not reflected on my recent transactions either. The worst app ever. It doesn't work outside of Ethiopia.",1,2021-05-31,CBE,Google Play Store,NEGATIVE,0.9997982382774353,"login_issues, performance, transactions"
A easy and wonderful app to use,5,2021-05-31,CBE,Google Play Store,POSITIVE,0.9998669624328613,other
The UI sucks it needs improvement Didnt expect this from a bank as big as this,2,2021-05-30,CBE,Google Play Store,NEGATIVE,0.9953936338424683,other
"The best app wich provides best , releable and fast financial service for cbe users.",5,2021-05-30,CBE,Google Play Store,POSITIVE,0.9996641874313354,"performance, customer_support"
Where can i get A verification key,4,2021-05-29,CBE,Google Play Store,NEGATIVE,0.9990028738975525,other
Thank you CBE,5,2021-05-29,CBE,Google Play Store,POSITIVE,0.9997555613517761,other
How do i get verification code?,1,2021-05-29,CBE,Google Play Store,NEGATIVE,0.9988968372344971,other
Doesn't work on rooted phone...! Its bad app to use..... You have to develop it again,1,2021-05-28,CBE,Google Play Store,NEGATIVE,0.9996745586395264,other
Nice one It has shown a lot of improvement everytime!!!,5,2021-05-26,CBE,Google Play Store,POSITIVE,0.999177873134613,other
I cant use this app cos it stops syncing after I update the app.,2,2021-05-26,CBE,Google Play Store,NEGATIVE,0.9990991353988647,other
as part of a secured app it should have request users for update before stop working.,1,2021-05-25,CBE,Google Play Store,NEGATIVE,0.9980132579803467,other
ምቹ እና ለአጠቃቀም ቀላል ነው።,5,2021-05-25,CBE,Google Play Store,NEGATIVE,0.9046949148178101,other
ኮድ ጠፍቶብኝ ማግኘት እችላለው,5,2021-05-24,CBE,Google Play Store,NEGATIVE,0.8616323471069336,other
We can not send transaction more than 5 times per week. It is restricted.,4,2021-05-24,CBE,Google Play Store,NEGATIVE,0.9966248273849487,transactions
Very nice at all,5,2021-05-24,CBE,Google Play Store,POSITIVE,0.999864935874939,other
superb,5,2021-05-21,CBE,Google Play Store,POSITIVE,0.9998656511306763,other
How can i get my authorization code,1,2021-05-20,CBE,Google Play Store,NEGATIVE,0.9991483688354492,other
Active exllent,5,2021-05-20,CBE,Google Play Store,POSITIVE,0.576370120048523,other
Excellent service....,5,2021-05-20,CBE,Google Play Store,POSITIVE,0.9998573064804077,customer_support
Best mobile banking app in Eth,5,2021-05-19,CBE,Google Play Store,POSITIVE,0.9995651841163635,other
It makes my life easy. I love it,5,2021-05-19,CBE,Google Play Store,POSITIVE,0.9998798370361328,other
The app. doesnt work🙄🙄Smh,1,2021-05-18,CBE,Google Play Store,NEGATIVE,0.9987659454345703,bugs
🤔,5,2021-05-18,CBE,Google Play Store,NEGATIVE,0.6970561742782593,other
"Dear all, if you're an iOS user then the new update doesn't work at all. Those of you who use the Android App and you've been having troubles your user credentials have expired that's why it doesn't even load your balance, so you need to go to your branch and have them fix that!",1,2021-05-18,CBE,Google Play Store,NEGATIVE,0.9996954202651978,other
Where do I find the app verification code,1,2021-05-18,CBE,Google Play Store,NEGATIVE,0.9989218711853027,other
service part is not working,1,2021-05-18,CBE,Google Play Store,NEGATIVE,0.9997575879096985,customer_support
It is interesting App,5,2021-05-17,CBE,Google Play Store,POSITIVE,0.9997692704200745,other
this is good for nothing and useless where is the verification code you are always back asholes useless and half,1,2021-05-17,CBE,Google Play Store,NEGATIVE,0.9998028874397278,other
The best app!!,5,2021-05-16,CBE,Google Play Store,POSITIVE,0.999862551689148,other
it is crashed after updating why and how to fix it,5,2021-05-16,CBE,Google Play Store,NEGATIVE,0.9997805953025818,bugs
not bad,5,2021-05-16,CBE,Google Play Store,POSITIVE,0.9995881915092468,other
What is this this is the worest app i have ever seen they gave me a code but it say it doesn't work and they blocked me,1,2021-05-15,CBE,Google Play Store,NEGATIVE,0.9996381998062134,other
Verification key not sending,4,2021-05-15,CBE,Google Play Store,NEGATIVE,0.9967983365058899,other
Thank u,5,2021-05-15,CBE,Google Play Store,POSITIVE,0.9998247027397156,other
Difficult to find out verfication code. It took me z whole day,5,2021-05-15,CBE,Google Play Store,NEGATIVE,0.9974111914634705,other
"I opened an account and unable to download this app. What's wrong? 14.05.21 Two weeks now, and still unable to download app. No one from CBE is reacting. Negative image for an old institute such as CBE.",1,2021-05-14,CBE,Google Play Store,NEGATIVE,0.9996089339256287,login_issues
Perfect ui But mine is not working now days. Does something happened new? It was working well 3 day back now it say sync failed.. Are u people under mantainance??,1,2021-05-13,CBE,Google Play Store,NEGATIVE,0.9993357062339783,other
Best app with smooth experience.,5,2021-05-13,CBE,Google Play Store,POSITIVE,0.9995704293251038,other
"What a shame is this...how comes such a stupid app come from the huge ethiopian proud bank???boring, digesting app I have ever seen before. Asking Authorization /verification after downloading the app what the hell is this?!;:'""",1,2021-05-11,CBE,Google Play Store,NEGATIVE,0.9998078942298889,other
this very smart & simple app,5,2021-05-11,CBE,Google Play Store,POSITIVE,0.9998358488082886,other
Easy to access and transfer,5,2021-05-10,CBE,Google Play Store,POSITIVE,0.9993129968643188,"login_issues, transactions"
Good app !,5,2021-05-10,CBE,Google Play Store,POSITIVE,0.9998592138290405,other
Only works about 1 out of 10 times,1,2021-05-08,CBE,Google Play Store,NEGATIVE,0.9801187515258789,other
"I don't know what to do with this app anymore..after I synconized it, it doesn't show the features or the tools that needed to use for, just it shows my balance.. needed to be fixed asap.",1,2021-05-08,CBE,Google Play Store,NEGATIVE,0.9981024861335754,other
Really app but net is poor,3,2021-05-07,CBE,Google Play Store,NEGATIVE,0.9970760345458984,other
Worest app i didn't expect this kind of app from u,1,2021-05-07,CBE,Google Play Store,NEGATIVE,0.709733784198761,other
"Well, helpful but still lacks much more",4,2021-05-07,CBE,Google Play Store,NEGATIVE,0.9968274235725403,customer_support
"I am new to this app, I downloaded just right now from playstore and i it asked me for Verification code and i don't have it, Someone please help me......To solve the issue.",1,2021-05-05,CBE,Google Play Store,NEGATIVE,0.9984263181686401,customer_support
Commercial bank of Ethiopia is the most preferable organised and technician and thinking observation to saving institution and also this institution is my first choose,5,2021-05-04,CBE,Google Play Store,POSITIVE,0.9965001344680786,other
Time save,5,2021-05-03,CBE,Google Play Store,POSITIVE,0.9670606255531311,other
Why is this app not working out of Addis Ababa?,1,2021-05-03,CBE,Google Play Store,NEGATIVE,0.9996386766433716,other
I can't hide my balance on this app like CBE App on iphone,5,2021-05-02,CBE,Google Play Store,NEGATIVE,0.9929118752479553,other
Very good and useful app,5,2021-05-02,CBE,Google Play Store,POSITIVE,0.9998699426651001,other
"I have bad experience since I started using this app. I get ""none available "" error message while there is good internet connection. And I went to my branch two times to activate the app. There should be some way to activate without physically going to the branch. Anyway, it should be improved much from what it is now!!!",1,2021-05-02,CBE,Google Play Store,NEGATIVE,0.998217761516571,bugs
Idee bashin abrahim,1,2021-05-02,CBE,Google Play Store,POSITIVE,0.9754105806350708,other
It is not synchronizing with core banking,1,2021-05-01,CBE,Google Play Store,NEGATIVE,0.9996830224990845,other
I like this app b/c of it's do life simple,1,2021-05-01,CBE,Google Play Store,POSITIVE,0.9989073276519775,other
I have been using it for the last three years and was working perfectly but since this week cannot even show my balance and unable to make payment. Please try to fix it.,2,2021-04-29,CBE,Google Play Store,NEGATIVE,0.9988918900489807,transactions
It is good application and expected to move the financial sector forward,5,2021-04-29,CBE,Google Play Store,POSITIVE,0.9997000694274902,other
"Good, no bugs yet.",4,2021-04-29,CBE,Google Play Store,POSITIVE,0.9987323880195618,bugs
Its really good app i have ever have in ethiopia,5,2021-04-27,CBE,Google Play Store,POSITIVE,0.9998196959495544,other
Where do i get a verification code?,1,2021-04-27,CBE,Google Play Store,NEGATIVE,0.999500036239624,other
How can I get the verification code to install the app??,3,2021-04-24,CBE,Google Play Store,NEGATIVE,0.999588668346405,other
እባካችሁን ሂሳባችንን የምናውቅበት መንገድ ስሩልን🙏,4,2021-04-24,CBE,Google Play Store,NEGATIVE,0.8832126259803772,other
ወድጄዋለሁ አሪፍ አማራጭ ነው,5,2021-04-22,CBE,Google Play Store,NEGATIVE,0.8616323471069336,other
"Good, Improve App Always",4,2021-04-22,CBE,Google Play Store,POSITIVE,0.9998514652252197,other
እጅግ በጣም አሪፍ አፕ ነው ተመችቶኛል ተጠቀሙበት,5,2021-04-22,CBE,Google Play Store,NEGATIVE,0.9200406074523926,other
One limitation of the the app is that it is not functioning with normal mobile data (3G). It needs wifi or stronger signal. How can I fix this issue? Any help.,3,2021-04-21,CBE,Google Play Store,NEGATIVE,0.9995449185371399,customer_support
I cant get authorization code yet,5,2021-04-19,CBE,Google Play Store,NEGATIVE,0.9988569021224976,other
"Really I troubled to use this application since last week, I've been using it more than 2 years. I don't know what's wrong with it now. It can't synchronize, even can't see any update in my account. I tried to repair and manage in setting, but not possible. Also you don't have any means of online communication/ chat. Could you please tell me what to do?",4,2021-04-18,CBE,Google Play Store,NEGATIVE,0.9996029734611511,login_issues
"Lately, it is not working",1,2021-04-17,CBE,Google Play Store,NEGATIVE,0.9997062087059021,other
Ethiopia commerical bank,5,2021-04-17,CBE,Google Play Store,POSITIVE,0.9830245971679688,other
It made things a lot easier,5,2021-04-16,CBE,Google Play Store,POSITIVE,0.9977601766586304,other
"Found it easy to check payments for utility services, see payment history. Login is simple and software is easy to use.",5,2021-04-16,CBE,Google Play Store,POSITIVE,0.9919596314430237,"login_issues, transactions, customer_support"
"Very disappointed! It asks for verification code but no way to get it. The verification code should be sent to our mail or phone number. It doesn't give you any clue to get the code. I go to CBE branch & requested them if I can get the code, but they don't even know how to get it.",1,2021-04-15,CBE,Google Play Store,NEGATIVE,0.9997848868370056,other
Thanks for making life easy for getting service providers easily... Thanks,5,2021-04-12,CBE,Google Play Store,POSITIVE,0.9991359114646912,customer_support
"It's a gr8 app, that can makes everyone user life very simple.",5,2021-04-12,CBE,Google Play Store,POSITIVE,0.9910179376602173,other
It does not oppen,1,2021-04-12,CBE,Google Play Store,NEGATIVE,0.6113070845603943,other
Where can I get the authorization number?,1,2021-04-11,CBE,Google Play Store,NEGATIVE,0.9993904829025269,other
Easy to use I found it intuitive to use the app. It would be nice if it includes finger print to access the account.,4,2021-04-10,CBE,Google Play Store,POSITIVE,0.5125492215156555,login_issues
Great experience on android and you need some work on iphone connection,5,2021-04-10,CBE,Google Play Store,POSITIVE,0.9861272573471069,other
ምርጥ ነው፣ ሰልፍ የለ፣ ቢሮክራሲ የለ፣ ገንዘብ ከፋዩን እባክህ ፈጠን በል አስቸኳይ ነው የለ፣ u're bank is at ur finger tips. መስተካከል ያለበት ነገር ቢኖር፣ time out ይልና አልተላለፈም ይላል፣ ነገር ግን አንዳንዴ time out ቢልም ያስተላልፋል እና ድጋሚ ድጋሚ መሞከር ተጨማሪ ገንዘብ ያስከፍላል፣ ይሄን ጥንቃቄ ማድረግ ይስፈልጋል,3,2021-04-10,CBE,Google Play Store,NEGATIVE,0.9776081442832947,other
Verynice,5,2021-04-09,CBE,Google Play Store,NEGATIVE,0.9840372800827026,other
It is cool,5,2021-04-09,CBE,Google Play Store,POSITIVE,0.9998651742935181,other
I love this App,5,2021-04-09,CBE,Google Play Store,POSITIVE,0.9998608827590942,other
It is very good app tanks,5,2021-04-08,CBE,Google Play Store,POSITIVE,0.9997854828834534,other
smart,1,2021-04-08,CBE,Google Play Store,POSITIVE,0.9998456239700317,other
"Tried buying air time, there was network problems but it still withdrew the Money.",1,2021-04-07,CBE,Google Play Store,NEGATIVE,0.9988464117050171,other
This is a nice app- very fast and does well what it's designed to do,5,2021-04-05,CBE,Google Play Store,POSITIVE,0.999834418296814,"performance, ui_ux"
I have been using this app for many times. But now stopped. How it is solved?,5,2021-04-04,CBE,Google Play Store,NEGATIVE,0.9967691898345947,other
Has a good service with a hope to improve. Much.,3,2021-04-04,CBE,Google Play Store,POSITIVE,0.9998268485069275,customer_support
Please add RTGS services in your next update.,3,2021-04-03,CBE,Google Play Store,NEGATIVE,0.9505531787872314,customer_support
It's not loading,1,2021-04-02,CBE,Google Play Store,NEGATIVE,0.978567361831665,other
nica,5,2021-04-02,CBE,Google Play Store,NEGATIVE,0.8657251000404358,other
Exellent app!!,5,2021-04-01,CBE,Google Play Store,NEGATIVE,0.9190091490745544,other
not working,5,2021-04-01,CBE,Google Play Store,NEGATIVE,0.9997778534889221,other
Simple and nice !!! The issue with using mobile app is you can't print/share the transaction slip.Some company/people required the printable file for their record,4,2021-03-31,CBE,Google Play Store,POSITIVE,0.8845306038856506,transactions
"It is deficult to refresh, no menu for refreshment",3,2021-03-30,CBE,Google Play Store,NEGATIVE,0.9958279728889465,other
Nice app...,5,2021-03-28,CBE,Google Play Store,POSITIVE,0.9997116923332214,other
Good way at this time.,5,2021-03-28,CBE,Google Play Store,POSITIVE,0.9998354911804199,other
Very nice and easy,5,2021-03-27,CBE,Google Play Store,POSITIVE,0.9998743534088135,other
Never works abroad,1,2021-03-27,CBE,Google Play Store,NEGATIVE,0.9988319277763367,other
Amazing app.l like it!!,5,2021-03-25,CBE,Google Play Store,POSITIVE,0.9998748302459717,other
It is very user friendly. I would love to see and use simillar type of appplication without internet connection. Thanks.,4,2021-03-25,CBE,Google Play Store,POSITIVE,0.9747374653816223,ui_ux
It makes all personal banking system easy!better it will be best need more updating by adding extra uses!,5,2021-03-25,CBE,Google Play Store,NEGATIVE,0.9346994757652283,other
Very bad experience as it sticks every now and then,1,2021-03-25,CBE,Google Play Store,NEGATIVE,0.9996503591537476,other
I appriciate,5,2021-03-22,CBE,Google Play Store,POSITIVE,0.9619126319885254,other
Intuitive and reliable application! Excellent!,5,2021-03-21,CBE,Google Play Store,POSITIVE,0.9998806715011597,other
Easy to manage,5,2021-03-21,CBE,Google Play Store,POSITIVE,0.9996523857116699,other
Because it is my Bank,5,2021-03-20,CBE,Google Play Store,POSITIVE,0.980222761631012,other
GOOD,4,2021-03-19,CBE,Google Play Store,POSITIVE,0.9998161196708679,other
Excellent to use am happy,5,2021-03-19,CBE,Google Play Store,POSITIVE,0.9998754262924194,other
ጥሩ እና ቀለል ያለ መተግበሪያ ነው። ጊዜውን ባማከለ ሁኔታ መተግበሪያውን ማዘመኑንም በፍጥነት ስሩ።እናመሰግናለን።,5,2021-03-18,CBE,Google Play Store,NEGATIVE,0.9582905173301697,other
Easy and reliable app love it,5,2021-03-18,CBE,Google Play Store,POSITIVE,0.9997780919075012,other
Great app. Its 100% nice app than previous one.,5,2021-03-16,CBE,Google Play Store,POSITIVE,0.999789297580719,other
Bad product,1,2021-03-16,CBE,Google Play Store,NEGATIVE,0.9997833371162415,other
let me get this straight you have to go to the Bank to get the verification code ? for get it I leave abroad. I am trying to activate my swift account pending for three weeks I try to call the number no body picks up .😡😡😡,1,2021-03-15,CBE,Google Play Store,NEGATIVE,0.9993987083435059,login_issues
Very bad app. Never use it.,1,2021-03-14,CBE,Google Play Store,NEGATIVE,0.9977849721908569,other
The app is nice. But from the previous version we can transfer amount to the added beneficiaries. On this version not.,3,2021-03-14,CBE,Google Play Store,NEGATIVE,0.9901245832443237,transactions
Thanks for making easy access,5,2021-03-13,CBE,Google Play Store,POSITIVE,0.9997060894966125,login_issues
Fantastic I love the simplicity,5,2021-03-12,CBE,Google Play Store,POSITIVE,0.9998849630355835,other
Next merchant account,5,2021-03-12,CBE,Google Play Store,NEGATIVE,0.9398931860923767,login_issues
"I can't able to see account balance ,transfer and other services Performance is bad.",3,2021-03-12,CBE,Google Play Store,NEGATIVE,0.9997455477714539,"login_issues, performance, transactions, customer_support"
It has been really helpful. Thank u CBE,5,2021-03-12,CBE,Google Play Store,POSITIVE,0.9996342658996582,customer_support
Love it !!!,5,2021-03-09,CBE,Google Play Store,POSITIVE,0.9998838901519775,other
How can i get verification code?,4,2021-03-08,CBE,Google Play Store,NEGATIVE,0.9993411898612976,other
"Great app to manage your account, and the update as a very modern and simplistic GUI and is really great!",5,2021-03-07,CBE,Google Play Store,POSITIVE,0.9998611211776733,login_issues
My application was blocked what is the reason?!,5,2021-03-07,CBE,Google Play Store,NEGATIVE,0.9996386766433716,other
Totally not working I can't see my balance ot is blank.,1,2021-03-06,CBE,Google Play Store,NEGATIVE,0.999705970287323,other
Great app. But why limit transaction history? We should be able to view transaction history at least for the past 12 months if not more. Currently it only goes back one or two weeks.,4,2021-03-04,CBE,Google Play Store,NEGATIVE,0.9941831231117249,transactions
Good work. I am happy we have mobile banking access. I am sure it will develop more and more.,5,2021-03-04,CBE,Google Play Store,POSITIVE,0.9998257756233215,login_issues
Very interesting but it doesn't support all networks,4,2021-03-02,CBE,Google Play Store,NEGATIVE,0.9972911477088928,customer_support
l like the app.GREAT,5,2021-03-01,CBE,Google Play Store,POSITIVE,0.9997512698173523,other
Best bank !,5,2021-02-28,CBE,Google Play Store,POSITIVE,0.9997982382774353,other
"after i updated the app, Refreshing the home page took forever, now it doesn't load at all",1,2021-02-28,CBE,Google Play Store,NEGATIVE,0.9921557307243347,other
I can not activate and it can not syncronized,2,2021-02-28,CBE,Google Play Store,NEGATIVE,0.9995988011360168,other
Good but i cant rich verification key,5,2021-02-28,CBE,Google Play Store,POSITIVE,0.984391450881958,other
Where do I get the verification key the app asking me to start,1,2021-02-28,CBE,Google Play Store,NEGATIVE,0.9989860653877258,other
"After money is transferred, it shows failed signal. When trying again, it says failed again but it was actually transferring two times. Damn!",3,2021-02-26,CBE,Google Play Store,NEGATIVE,0.999320387840271,transactions
Great App...👍,4,2021-02-23,CBE,Google Play Store,POSITIVE,0.9996790885925293,other
"Best app, I like it, it makes my life easy",5,2021-02-23,CBE,Google Play Store,POSITIVE,0.9997770190238953,other
Beautiful,5,2021-02-19,CBE,Google Play Store,POSITIVE,0.9998807907104492,other
Commercial Bank of Ethiopia Best Bank of Africa,5,2021-02-17,CBE,Google Play Store,POSITIVE,0.9995530247688293,other
How can Iget auth code,3,2021-02-14,CBE,Google Play Store,NEGATIVE,0.9970671534538269,other
"Imagine being that larget bank in Ethiopia and building this kind of trash for your customers. Its not even showing any information it just login and every activity or transaction only says ""none done"" what does that even mean? Is this thing even tested before launch.በጣም ነው የምታሳዝኑት ወሬ ብቻ።",1,2021-02-13,CBE,Google Play Store,NEGATIVE,0.9996907711029053,"login_issues, transactions"
Better than than the previous,5,2021-02-13,CBE,Google Play Store,POSITIVE,0.9997387528419495,other
The bast app,5,2021-02-12,CBE,Google Play Store,POSITIVE,0.998450517654419,other
Perfect app.,5,2021-02-12,CBE,Google Play Store,POSITIVE,0.9998550415039062,other
It keeps repeating transfer and makes you lose your money it has done that multiple times,2,2021-02-11,CBE,Google Play Store,NEGATIVE,0.9992631077766418,transactions
Best mobile banking app from all the banks in Ethiopia.,5,2021-02-11,CBE,Google Play Store,POSITIVE,0.9997647404670715,other
"It says ""none available"" after installed and subscribed. what is wrong with it?",1,2021-02-09,CBE,Google Play Store,NEGATIVE,0.9997889399528503,other
Very nice application 👍.,5,2021-02-08,CBE,Google Play Store,POSITIVE,0.9997884631156921,other
I like the new interface but gave me headache!! Most of the time it fails to sync.,2,2021-02-06,CBE,Google Play Store,NEGATIVE,0.9997476935386658,ui_ux
The verfication doesnt sent me until now,1,2021-02-06,CBE,Google Play Store,NEGATIVE,0.9776602983474731,other
Wow i like this,5,2021-02-05,CBE,Google Play Store,POSITIVE,0.9998372793197632,other
Much faster and easier to access,5,2021-02-04,CBE,Google Play Store,POSITIVE,0.9993956089019775,"login_issues, performance"
Please it needs to be updated or do some improvement The previous version was very good as compared to this one . with this app I can't make any payment . When I try to send payment it always says You have exceeded your weekly number of transaction!!,2,2021-02-04,CBE,Google Play Store,NEGATIVE,0.9870460033416748,transactions
I like this app it is better than the previous one!,5,2021-02-04,CBE,Google Play Store,POSITIVE,0.9997109770774841,other
Fantastic application.,5,2021-02-03,CBE,Google Play Store,POSITIVE,0.9998774528503418,other
Its not working properly .it say (syn error ),2,2021-02-03,CBE,Google Play Store,NEGATIVE,0.9998142123222351,bugs
I really luv this app it's makes life get easy,5,2021-02-02,CBE,Google Play Store,POSITIVE,0.9603066444396973,other
Good app for making payments.,5,2021-02-02,CBE,Google Play Store,POSITIVE,0.9995654225349426,transactions
It is helpful!,4,2021-02-01,CBE,Google Play Store,POSITIVE,0.9996732473373413,customer_support
"There is problem with sudden system or software failure. And most importantly the history of transaction is too short , at least we must be able to look at monthly statement on the app!!!",3,2021-01-31,CBE,Google Play Store,NEGATIVE,0.9997462630271912,transactions
CBE can provide us better version of the app they are the biggest bank in horn of africa yet they dont concer in developing thier system or application,3,2021-01-29,CBE,Google Play Store,NEGATIVE,0.9463855028152466,other
Very nice it is easy to use it I like it,5,2021-01-28,CBE,Google Play Store,POSITIVE,0.999819815158844,other
Really I like the new update. I rate it ☺️☺️,5,2021-01-28,CBE,Google Play Store,POSITIVE,0.9988347887992859,other
Very efficient and easy to use I like it,5,2021-01-25,CBE,Google Play Store,POSITIVE,0.9998667240142822,other
It doesn't even sync Very bad app it doesn't work anymore,1,2021-01-24,CBE,Google Play Store,NEGATIVE,0.9972781538963318,other
This application is very useful I do like it Thank you so much Ethiopian Commercial Bank really you are the best ❤️👍 Please keep it up,5,2021-01-23,CBE,Google Play Store,POSITIVE,0.9998267292976379,other
dump🙄,1,2021-01-23,CBE,Google Play Store,NEGATIVE,0.6970561742782593,other
The update looks cleaner and better. Kudos to the app developer. (it took me a while to figure out the update was what was wrong with my app though),5,2021-01-22,CBE,Google Play Store,NEGATIVE,0.9994888305664062,other
It ia taking forever to load once i signed up ans its been 10days. No change. This is not working.,1,2021-01-22,CBE,Google Play Store,NEGATIVE,0.9997933506965637,other
Very bad app. It doesn't even tell balances. ብዙ መሻሻል አለበር። I prefer the USSD.,1,2021-01-21,CBE,Google Play Store,NEGATIVE,0.9997918009757996,other
Great app.but appears on screen after finish using application.,4,2021-01-21,CBE,Google Play Store,POSITIVE,0.9126942157745361,other
This version is better than than the previous one and this one didn't find strong internet connection which is its strong side.,5,2021-01-20,CBE,Google Play Store,NEGATIVE,0.9861095547676086,other
app is a good ideas and good version but this app not download my phone i want to use this app,4,2021-01-20,CBE,Google Play Store,POSITIVE,0.593472421169281,other
Really good!,5,2021-01-18,CBE,Google Play Store,POSITIVE,0.9998509883880615,other
Lovely app,5,2021-01-17,CBE,Google Play Store,POSITIVE,0.9998546838760376,other
Easy to use but all new customers forced to download this app bc shared app doest work on other phone,2,2021-01-16,CBE,Google Play Store,NEGATIVE,0.9988922476768494,other
በጣምአረፍነበር ነገርግንአደገኛነቱምበዛውልክነዉ ለምሳእኔየገጠኝንልንገራቹህ ለአንደሰውአሰርሸመላክፋልጌ እናየብርጠኑንአሰቀምጬ የመጨረሻየይለፍምልክቷተጭኜደረሰኝእድሰጠኝእየተጠባበኩባለሁበትሁለትደቂቃዘግይቶቀጥታበራወጣ ትንቆቶሶሰትግዜ ከሂሳቤተቀነሰ,3,2021-01-16,CBE,Google Play Store,NEGATIVE,0.9239574670791626,other
It nice,5,2021-01-16,CBE,Google Play Store,POSITIVE,0.9998676776885986,other
Good app from the old one but during sign up the old search box doesn't appear in order to activate directly from message,4,2021-01-16,CBE,Google Play Store,NEGATIVE,0.99809330701828,other
App doesn't work most of the time and refreshing the updates it takes more time,2,2021-01-13,CBE,Google Play Store,POSITIVE,0.9411327838897705,other
4266 Mahmad mahmud,5,2021-01-13,CBE,Google Play Store,POSITIVE,0.5133667588233948,other
It ask application verification key what does it mean,1,2021-01-12,CBE,Google Play Store,NEGATIVE,0.9955236911773682,other
loved it,5,2021-01-12,CBE,Google Play Store,POSITIVE,0.9998797178268433,other
how to add verification,5,2021-01-09,CBE,Google Play Store,POSITIVE,0.9760435223579407,other
The app asks me to write verifcation number where can i get it?,5,2021-01-09,CBE,Google Play Store,NEGATIVE,0.9988151788711548,other
I love the app,5,2021-01-08,CBE,Google Play Store,POSITIVE,0.9998427629470825,other
I respect your transparency,2,2021-01-06,CBE,Google Play Store,POSITIVE,0.9991328120231628,other
It is good for saving time consuming and fast service giving.,4,2021-01-06,CBE,Google Play Store,POSITIVE,0.9996140599250793,"performance, customer_support"
Better view but less performance Why?🙄,3,2021-01-06,CBE,Google Play Store,NEGATIVE,0.9897857904434204,performance
I had very comfortable to used this app. The best app at all !!!,5,2021-01-05,CBE,Google Play Store,POSITIVE,0.9997428059577942,other
It's not working properly,1,2021-01-04,CBE,Google Play Store,NEGATIVE,0.9997792840003967,other
Simple for utility,5,2021-01-04,CBE,Google Play Store,POSITIVE,0.6543292999267578,other
v.good,1,2021-01-04,CBE,Google Play Store,POSITIVE,0.9948773980140686,other
It doesn't work anymore. It says it synced successfully but doesn't show any thing. It doesn't sync at all,1,2021-01-03,CBE,Google Play Store,NEGATIVE,0.9985387325286865,other
Some time it is not working,1,2021-01-02,CBE,Google Play Store,NEGATIVE,0.9995595812797546,other
I love this app. Some improvement I wish to be made is that a menu that helps to Bach delete beneficiaries (delete two or more beneficiaries at once instead of individually). Thank you!,5,2021-01-02,CBE,Google Play Store,POSITIVE,0.9993904829025269,customer_support
Home page Loading for 5 min on 4G net are you kidding me😬😬,1,2021-01-02,CBE,Google Play Store,NEGATIVE,0.9966506361961365,other
It was working perfectly until it stopped displaying my balance.,2,2021-01-02,CBE,Google Play Store,NEGATIVE,0.9847171902656555,other
"The previous version is much better than this one. I used it for more than six years without any problem. But now I'm having a serious trouble with the updated app. I don't know why it takes him forever to refresh and load the home page once you sign in. And if it fails to load, it never recovers. I only see some UI changes. Really disappointed",2,2021-01-01,CBE,Google Play Store,NEGATIVE,0.9991132616996765,other
በጣም ብዙ ነገሮችን የሚያቀል መተግበሪያ ነው። እናመሰግናለን,5,2021-01-01,CBE,Google Play Store,NEGATIVE,0.9239574670791626,other
Sometimes this app becomes iactive.,4,2021-01-01,CBE,Google Play Store,NEGATIVE,0.9971318244934082,other
"Easy to use, it has got everything you need. The only problem I encountered is it doesn't show all your transactions in history, It just hides some without any reason.",4,2021-01-01,CBE,Google Play Store,NEGATIVE,0.9965721368789673,transactions
"The activatin code that i got from the bank doesn't work, 😡",1,2020-12-31,CBE,Google Play Store,NEGATIVE,0.9996064305305481,other
CBE mob app works so well in Ethiopia and internationally too.,5,2020-12-30,CBE,Google Play Store,POSITIVE,0.9991183876991272,other
I get the access from my nearest CBE branch but i still couldn't see my transactions,1,2020-12-28,CBE,Google Play Store,NEGATIVE,0.9969066977500916,"login_issues, transactions"
15 years,1,2020-12-28,CBE,Google Play Store,POSITIVE,0.9893747568130493,other
😀 በጣም ጠቃሚ፣፣ኀ,5,2020-12-27,CBE,Google Play Store,NEGATIVE,0.9046949148178101,other
keep it up,5,2020-12-26,CBE,Google Play Store,POSITIVE,0.9998098015785217,other
How we make athourize,5,2020-12-26,CBE,Google Play Store,POSITIVE,0.9485124349594116,other
"Great App, easy to use!",5,2020-12-23,CBE,Google Play Store,POSITIVE,0.99973064661026,other
how can I get application variation code,3,2020-12-23,CBE,Google Play Store,NEGATIVE,0.9980331063270569,other
Working smoot,5,2020-12-23,CBE,Google Play Store,NEGATIVE,0.9628134965896606,other
Good 🖒,3,2020-12-23,CBE,Google Play Store,POSITIVE,0.9998576641082764,other
never update my balance,1,2020-12-22,CBE,Google Play Store,NEGATIVE,0.9901136159896851,other
Its good ..keep it up,5,2020-12-22,CBE,Google Play Store,POSITIVE,0.9998527765274048,other
Intersting & I feel good to use this app. Thanks .,5,2020-12-22,CBE,Google Play Store,POSITIVE,0.9998303651809692,other
I love it u can do what ever you want easily,5,2020-12-21,CBE,Google Play Store,POSITIVE,0.9998347759246826,other
Not active,1,2020-12-21,CBE,Google Play Store,NEGATIVE,0.999765932559967,other
Nice but Account display is not private it's lways front line.,4,2020-12-21,CBE,Google Play Store,NEGATIVE,0.7427840828895569,login_issues
what is application verification code,4,2020-12-21,CBE,Google Play Store,NEGATIVE,0.9912303686141968,other
This isn't safe app,1,2020-12-20,CBE,Google Play Store,NEGATIVE,0.9997703433036804,other
Very good apps,3,2020-12-19,CBE,Google Play Store,POSITIVE,0.9998751878738403,other
It is very nice,5,2020-12-19,CBE,Google Play Store,POSITIVE,0.9998657703399658,other
ጥሩ መሻሻል ነው። አንዳንድ ጊዜ ደግሞ አዝግ ነው አይሰራም,3,2020-12-18,CBE,Google Play Store,NEGATIVE,0.9366678595542908,other
Better than others,5,2020-12-17,CBE,Google Play Store,POSITIVE,0.999774158000946,other
Better from the former one,5,2020-12-16,CBE,Google Play Store,POSITIVE,0.9966979026794434,other
"Before years later i used this app and is used to work in mobile data eventhough it doesn't have different features like this version but now it doesn't even sync my balance and even can't use any of the services it says "" can't sync "" and "" none available "" 😡🤬😡",1,2020-12-16,CBE,Google Play Store,NEGATIVE,0.999244213104248,customer_support
"Since I have started using the application, I have saved a lot of time. It is very important application for individuals who want to save their time",5,2020-12-15,CBE,Google Play Store,POSITIVE,0.9957718253135681,other
"No working direct upgrade, you need to go to a branch everytime there is enhancement",1,2020-12-14,CBE,Google Play Store,NEGATIVE,0.9974155426025391,other
Sometimes it does not work.,4,2020-12-13,CBE,Google Play Store,NEGATIVE,0.9997753500938416,other
Gug app,4,2020-12-13,CBE,Google Play Store,NEGATIVE,0.9769474267959595,other
- Stop showing toasts on errors. It keeps showing up after app is closed - Show paged transaction history. The latest 10 is not enough. - Network error is happening and it's taking money without filling airtime to my phone ...,1,2020-12-13,CBE,Google Play Store,NEGATIVE,0.9996021389961243,"transactions, bugs"
Thanks How to get application verification,5,2020-12-12,CBE,Google Play Store,POSITIVE,0.9982169270515442,other
"The app cannot sync with backend server, keep shown me can't sync",1,2020-12-11,CBE,Google Play Store,NEGATIVE,0.9996432065963745,other
Loving it!!,5,2020-12-11,CBE,Google Play Store,POSITIVE,0.9998834133148193,other
Wow good app,4,2020-12-11,CBE,Google Play Store,POSITIVE,0.9998589754104614,other
"It is not working,not syncing,not perfectly updated",2,2020-12-09,CBE,Google Play Store,NEGATIVE,0.9997984766960144,other
It's a great app,5,2020-12-08,CBE,Google Play Store,POSITIVE,0.999862790107727,other
how can i get the verification code?,1,2020-12-07,CBE,Google Play Store,NEGATIVE,0.999536395072937,other
Good app to operate,5,2020-12-06,CBE,Google Play Store,POSITIVE,0.9998272061347961,other
I appreciated by this app. But it can't send money to inactive account and pending authorization account. Please develop more. I have long experience( more than 3 years) with former version and ussd *889#. This latter version is better than both. Keep it up!thank you. is there any payment for using cbe mobile bank? Please explain,5,2020-12-06,CBE,Google Play Store,POSITIVE,0.9947804808616638,"login_issues, transactions"
Very help fuel,5,2020-12-06,CBE,Google Play Store,POSITIVE,0.9888080954551697,customer_support
Where i get app verification key?,5,2020-12-05,CBE,Google Play Store,NEGATIVE,0.9984500408172607,other
i lov it,3,2020-12-05,CBE,Google Play Store,POSITIVE,0.998885452747345,other
Best app and user familiar with more information included,5,2020-12-04,CBE,Google Play Store,POSITIVE,0.9975962042808533,other
Well help the people to meet bank,5,2020-12-04,CBE,Google Play Store,POSITIVE,0.9971801042556763,customer_support
"Like always it is the worst app of all time, even I doubt it's oudated or updated. My phone is not rooted and it says you can't use this app because it's rooted",1,2020-12-04,CBE,Google Play Store,NEGATIVE,0.9997615218162537,other
I've been using the previous app more than a year without any prob. This application is not working more than a month and even they couldn't also fix it.,1,2020-12-04,CBE,Google Play Store,NEGATIVE,0.9996914863586426,other
Excellent Application that's appropriate for use.,5,2020-12-03,CBE,Google Play Store,POSITIVE,0.9998546838760376,other
It's not working it only updates I can't even see my balance,2,2020-12-02,CBE,Google Play Store,NEGATIVE,0.9986029267311096,other
Easy and compatible,5,2020-12-02,CBE,Google Play Store,POSITIVE,0.9998053908348083,other
Looks grate. Thanks,4,2020-12-02,CBE,Google Play Store,POSITIVE,0.969173014163971,other
It's doesn't work properly.,1,2020-12-01,CBE,Google Play Store,NEGATIVE,0.9997817873954773,other
Its good app but we cant check statements for past months just recent is availavle Ita good to add this function,4,2020-12-01,CBE,Google Play Store,POSITIVE,0.9804528951644897,other
Gobezoch!,5,2020-12-01,CBE,Google Play Store,NEGATIVE,0.9857284426689148,other
It's not working please make it something,1,2020-11-30,CBE,Google Play Store,NEGATIVE,0.9996987581253052,other
How to verify it?,3,2020-11-30,CBE,Google Play Store,NEGATIVE,0.9928795695304871,other
Oooook,5,2020-11-30,CBE,Google Play Store,POSITIVE,0.9751350283622742,other
I was trying to activate the app but I do have a problem with the verification code...how can I get the verification code?,3,2020-11-29,CBE,Google Play Store,NEGATIVE,0.9995812773704529,other
"It couldn't even show me my current balance, disappointing.",1,2020-11-28,CBE,Google Play Store,NEGATIVE,0.9989832043647766,other
I have been using this App simply for transfer b/c CBE accounts - Ok. But the feature to transfer to non-CBE account simply took my money to unknown account?,3,2020-11-28,CBE,Google Play Store,NEGATIVE,0.999062716960907,"login_issues, transactions"
Very thoughtful it's making work very simple.,5,2020-11-25,CBE,Google Play Store,POSITIVE,0.9998524188995361,other
Can't update anytime pleas make it better,1,2020-11-21,CBE,Google Play Store,NEGATIVE,0.9966685175895691,other
The new one is better to use easly and so simple to asses ur account,5,2020-11-20,CBE,Google Play Store,NEGATIVE,0.9987897276878357,login_issues
App is Not working from last update.,2,2020-11-20,CBE,Google Play Store,NEGATIVE,0.9973421692848206,other
አሪፍ አፕ ነው በጣም ውበት አለው ፈጣን ነው። ችግሮቹ 2 ናቸው የመጀመሪያው recents ብዙ አያሳይም ለነጋዴ የሚሆን አፕ አይደለም በቀን ብዙ transaction ካለ ግማሹ ይደበቃል ሁልቀን እንደተቸገርኩ ነው። ሁለተኛው ችግር ማዘበራረቁ ነው መጨረሻ ላይ የገቡ ብሮች ይደበቃሉ ስንት እንደሆነ የማን እንደሆነ አያሳይም። ችግር እስከሌለው ድረስ recentu በዛ ቢል 30 ቢሆን አሪፍ ነው ስቶሬጅ አይዝም እንደውም ከተቻለ statment የሚል option ኖሮ የሳምንት ድረስ ማሳየት ቢችል በጣም ምርጥ ይሆናል ይሄንን ያክል ከተለፋበት አይቀር ፕሊስ አስተካክሉት,4,2020-11-20,CBE,Google Play Store,NEGATIVE,0.9716481566429138,transactions
No eady way to check balance after deposit or withdrawal.,2,2020-11-19,CBE,Google Play Store,NEGATIVE,0.9992639422416687,other
Beneficiary account is not working!,1,2020-11-16,CBE,Google Play Store,NEGATIVE,0.9997894167900085,login_issues
It's refreshing not working since last update. I already authenticated and signed in to my account but it says no available when I clicked on service.,1,2020-11-16,CBE,Google Play Store,NEGATIVE,0.9917113780975342,"login_issues, customer_support"
How can I get app verification,4,2020-11-16,CBE,Google Play Store,NEGATIVE,0.9982661604881287,other
I can't get veritification code,1,2020-11-15,CBE,Google Play Store,NEGATIVE,0.9995713829994202,other
It ask verification key when i try to open . It leads me which is useless app. I suggest to fix it up...,1,2020-11-14,CBE,Google Play Store,NEGATIVE,0.9998038411140442,other
You make it easier and faster to use,5,2020-11-14,CBE,Google Play Store,POSITIVE,0.9985198378562927,performance
"It is best and good app, we can use easily, enjoy it.",5,2020-11-12,CBE,Google Play Store,POSITIVE,0.9998683929443359,other
"the new version is amazing. It has all in one and works, Great job CBE.",5,2020-11-11,CBE,Google Play Store,POSITIVE,0.9998617172241211,other
"The app is not friendly usable . For example, it asks you verification key as soon as you download it. There is no description where or how to get verification key. This is crazy. I never seen any app ask you verification key at the start . confusing app. No more try waste of time.",1,2020-11-11,CBE,Google Play Store,NEGATIVE,0.9997614026069641,other
"I like it, it save time and mekes me trustful friend.",3,2020-11-10,CBE,Google Play Store,POSITIVE,0.9998492002487183,other
"This app is good and easy to use UI. But, still need some bug fix such as own account transfer and payment to beneficiaries didn't work. Localization also not yet work like date conversion...",4,2020-11-10,CBE,Google Play Store,NEGATIVE,0.9937000274658203,"login_issues, transactions, bugs"
I'm frustrated by this app.its not even doing a single thing for me.it just keeps saying none available every time I try to use it. Hope the developers bring solutions to this problem. Thanks in advance,1,2020-11-09,CBE,Google Play Store,NEGATIVE,0.9015078544616699,other
Nice app ! Thinks,5,2020-11-09,CBE,Google Play Store,POSITIVE,0.9997419714927673,other
Very good improvement,4,2020-11-09,CBE,Google Play Store,POSITIVE,0.9998444318771362,other
"The app won't list transactions made via USSD(889), why is that?",4,2020-11-08,CBE,Google Play Store,NEGATIVE,0.998955488204956,transactions
not synchronze the network,1,2020-11-07,CBE,Google Play Store,NEGATIVE,0.9995471835136414,other
This app is not dependable and it fail to sync often. By far the sms version is better. Please try to solve it soon.,2,2020-11-07,CBE,Google Play Store,NEGATIVE,0.9996691942214966,other
It is not work properly,1,2020-11-07,CBE,Google Play Store,NEGATIVE,0.9997850060462952,other
Such a bad application and service u are giving us. Never think using cbe for an emergency situation.,1,2020-11-05,CBE,Google Play Store,NEGATIVE,0.9996654987335205,customer_support
"Application UI and new features are better than the previous version. I found a minor bugs though. I couldn't transfer to an account from the beneficiary list, it says None Available; There is still so much to do with the localization; Instead of ሰኔ it says ጁን and more like this; date conversion is missing also. If this minor things are fixed it will be much better.",3,2020-11-05,CBE,Google Play Store,NEGATIVE,0.9995701909065247,"login_issues, transactions, bugs"
Horrible!,1,2020-11-05,CBE,Google Play Store,NEGATIVE,0.9997667670249939,other
So far excellent!,5,2020-11-03,CBE,Google Play Store,POSITIVE,0.9998670816421509,other
Good Application but it stops sametime,5,2020-11-02,CBE,Google Play Store,NEGATIVE,0.7759283781051636,other
Stop working after 2 days of installation,2,2020-11-02,CBE,Google Play Store,NEGATIVE,0.9996790885925293,other
Can't use this app after unsubscibing previous phone holders account and reinstalling. While I enter pin and activation code it says failed to authenticate and finally blocks the pin after 3 trials. I have been retried more than 3 times and finally gets stuck. Pls help.,4,2020-11-01,CBE,Google Play Store,NEGATIVE,0.9997487664222717,"login_issues, customer_support"
It is a good up with nice interface.....but it doesn't sych.....pls correct it,4,2020-11-01,CBE,Google Play Store,NEGATIVE,0.9939677715301514,ui_ux
if you trouble activating it in the bank with mobile data try the wifi its much faster and works,5,2020-10-31,CBE,Google Play Store,POSITIVE,0.9892420172691345,performance
GadulaTube,4,2020-10-31,CBE,Google Play Store,NEGATIVE,0.9692673683166504,other
በዚህ አፕሊኬሽን ብዙ አካውንት add ማድረግ ቢቻል ጥሩ ነበር‼️,2,2020-10-31,CBE,Google Play Store,NEGATIVE,0.945918619632721,other
Nice up easy to use,5,2020-10-29,CBE,Google Play Store,POSITIVE,0.9998414516448975,other
Safe and fast thanks,5,2020-10-29,CBE,Google Play Store,POSITIVE,0.999868631362915,performance
Nice one cbe,4,2020-10-28,CBE,Google Play Store,POSITIVE,0.9997931122779846,other
User friendly & Wonderful app,5,2020-10-28,CBE,Google Play Store,POSITIVE,0.9998729228973389,ui_ux
I wasn't able to try your app because while opening the app it's says your device is rooted. Even if it's a precaution incase of hacking but my device is not rooted. I even disable OEM unlocking but the error is still there.,1,2020-10-27,CBE,Google Play Store,NEGATIVE,0.996954083442688,bugs
Works fine,4,2020-10-27,CBE,Google Play Store,POSITIVE,0.99986732006073,other
EXCellent,5,2020-10-26,CBE,Google Play Store,POSITIVE,0.9998434782028198,other
Bad app.,1,2020-10-26,CBE,Google Play Store,NEGATIVE,0.9997915625572205,other
Goodwill,5,2020-10-25,CBE,Google Play Store,POSITIVE,0.9998470544815063,other
I am happy with this app introduction; the older version was troublesome. Thank you #CBE!!,5,2020-10-25,CBE,Google Play Store,POSITIVE,0.9955969452857971,other
The app is not working in android version 10 . Please fix it,1,2020-10-23,CBE,Google Play Store,NEGATIVE,0.9996218681335449,other
Improved app,5,2020-10-21,CBE,Google Play Store,POSITIVE,0.9995018243789673,other
I love the upgrade but what happened to the details of the transactions made?????,5,2020-10-21,CBE,Google Play Store,NEGATIVE,0.9982622265815735,transactions
First for Humanity and your vision. Thank you for your best service CBE.,5,2020-10-20,CBE,Google Play Store,POSITIVE,0.9997010231018066,customer_support
"If you forgot your password you have to go to the bank which is so tiring, there should be a link on the app that helps you recover your password. And it has huge problem using the app to send money.",1,2020-10-20,CBE,Google Play Store,NEGATIVE,0.9993276596069336,"login_issues, transactions, customer_support"
What is the verifcation key,1,2020-10-20,CBE,Google Play Store,POSITIVE,0.795007050037384,other
Its way better than before,3,2020-10-19,CBE,Google Play Store,POSITIVE,0.9996534585952759,other
"I downloaded the app,but asking for a key. How do I get the App's verification key?",5,2020-10-19,CBE,Google Play Store,NEGATIVE,0.9987879395484924,other
My experience with this app is very bad. I just downloaded and installed this app and I stuck with the verification code. The app requested me to input the code without sending it. 😢,1,2020-10-19,CBE,Google Play Store,NEGATIVE,0.9997106194496155,other
You do good on upgrading the app keep it up👍,4,2020-10-18,CBE,Google Play Store,POSITIVE,0.986323893070221,other
go ahead,5,2020-10-18,CBE,Google Play Store,POSITIVE,0.999769389629364,other
In most of the cases the app doesn't work properly. It is more than a week the app was stopped working.,1,2020-10-18,CBE,Google Play Store,NEGATIVE,0.999745786190033,other
It's a good job,5,2020-10-16,CBE,Google Play Store,POSITIVE,0.9998584985733032,other
Tranferring money to CBE wallet is too difficult this time. Please fix it!!,3,2020-10-15,CBE,Google Play Store,NEGATIVE,0.9994547963142395,other
But signal is weak,4,2020-10-14,CBE,Google Play Store,NEGATIVE,0.9983503818511963,other
"Nice platform, thanks.",5,2020-10-13,CBE,Google Play Store,POSITIVE,0.9998613595962524,other
I love the update . Nice work,5,2020-10-13,CBE,Google Play Store,POSITIVE,0.9998658895492554,other
Can't synchronize.,3,2020-10-13,CBE,Google Play Store,NEGATIVE,0.9997043013572693,other
Please Linked My Account.,5,2020-10-12,CBE,Google Play Store,POSITIVE,0.9867933392524719,login_issues
Before a time this app is working properly but now busy,5,2020-10-12,CBE,Google Play Store,NEGATIVE,0.9979973435401917,other
The worest app ever,1,2020-10-10,CBE,Google Play Store,POSITIVE,0.9535900950431824,other
Good but need more features,3,2020-10-10,CBE,Google Play Store,POSITIVE,0.9774045944213867,other
Nice app with a new features ... Really like it !!!,5,2020-10-09,CBE,Google Play Store,POSITIVE,0.9998534917831421,other
Were is verification code,5,2020-10-08,CBE,Google Play Store,NEGATIVE,0.9688984155654907,other
I realy like it,5,2020-10-07,CBE,Google Play Store,POSITIVE,0.999866247177124,other
Ict,5,2020-10-07,CBE,Google Play Store,POSITIVE,0.9936234354972839,other
GOODAPP,5,2020-10-05,CBE,Google Play Store,POSITIVE,0.9998255372047424,other
This app is good. It is better if the bank has app for ussd *889# like cve birr *847# becaus connection in ethiopia is not good and closed for smoll reason.,5,2020-10-05,CBE,Google Play Store,NEGATIVE,0.8324577808380127,other
"I don't understand what is verification key account number,ATM card code, account name what is it?",1,2020-10-04,CBE,Google Play Store,NEGATIVE,0.9995331764221191,login_issues
My laif...,5,2020-10-03,CBE,Google Play Store,NEGATIVE,0.9814460873603821,other
"The application do not show the real account balance on time, which shows fake balance. Its poor and offending Most of the time it shows old balance.",1,2020-10-03,CBE,Google Play Store,NEGATIVE,0.9997467398643494,login_issues
Was good till internet shutdown by govt,5,2020-10-03,CBE,Google Play Store,NEGATIVE,0.7758634686470032,other
Evry thing ok but it not acitve,5,2020-10-01,CBE,Google Play Store,NEGATIVE,0.9550117254257202,other
The application is upgraded to it's best. ADD other feature as per customers experience,5,2020-10-01,CBE,Google Play Store,POSITIVE,0.9958550333976746,other
Very important for more security now the secret pin is only 4 digit but make for better security 6-8 digits pin please Very nice ui design but the top up is not working please Fix the bug,5,2020-09-30,CBE,Google Play Store,NEGATIVE,0.9973614811897278,"ui_ux, bugs"
Why would I go to the bank to get verification !! I was supposed to enter my pin number,1,2020-09-30,CBE,Google Play Store,NEGATIVE,0.9993070363998413,other
Now it supports most phones. Good job!,5,2020-09-30,CBE,Google Play Store,POSITIVE,0.9996734857559204,customer_support
"It is good and easy to use. But as you changed your phone it needs activation code from bank. So this needs improvement. Always as you changed your phone, you should go to bank branch to get activation",1,2020-09-29,CBE,Google Play Store,NEGATIVE,0.994023859500885,other
The updated cbe application is perfect,5,2020-09-29,CBE,Google Play Store,POSITIVE,0.9998579025268555,other
It is very nice app specially for saving time and avoiding needles services .,5,2020-09-29,CBE,Google Play Store,POSITIVE,0.999087929725647,customer_support
None avialable only,1,2020-09-28,CBE,Google Play Store,NEGATIVE,0.9986857771873474,other
Very updated,4,2020-09-28,CBE,Google Play Store,POSITIVE,0.999842643737793,other
☝️☝️☝️☝️,5,2020-09-28,CBE,Google Play Store,NEGATIVE,0.6970561742782593,other
Its Good,5,2020-09-27,CBE,Google Play Store,POSITIVE,0.9998385906219482,other
"I am having problem with this updated version . Old version was way better than this one,",1,2020-09-26,CBE,Google Play Store,NEGATIVE,0.9325708150863647,other
Easy life,5,2020-09-25,CBE,Google Play Store,POSITIVE,0.9983786344528198,other
No suficient service,5,2020-09-25,CBE,Google Play Store,NEGATIVE,0.9935356378555298,customer_support
Help full,5,2020-09-25,CBE,Google Play Store,POSITIVE,0.9875344038009644,customer_support
I never want to use this app. I like to type *889#. I just hated to go to the bank to activate the app. It took them 1 minute to do it. Now I just bragging I can recharge my phone with one click. Nice interface keep at it.,5,2020-09-25,CBE,Google Play Store,POSITIVE,0.8417991995811462,ui_ux
i like,5,2020-09-23,CBE,Google Play Store,POSITIVE,0.9998149275779724,other
Commercial Bank,5,2020-09-23,CBE,Google Play Store,POSITIVE,0.5637831687927246,other
It doesn't work and sync when you want to use and transfer money to others. Why CBE is not working to solve the problem.,4,2020-09-23,CBE,Google Play Store,NEGATIVE,0.9997294545173645,transactions
This app is not working....,5,2020-09-22,CBE,Google Play Store,NEGATIVE,0.99979168176651,other
How can I get verification code?,3,2020-09-22,CBE,Google Play Store,NEGATIVE,0.9993411898612976,other
Wow! This last update solved the problem of some system compatibility issues. now it works fine. thanks?,4,2020-09-22,CBE,Google Play Store,POSITIVE,0.9996614456176758,other
good app 10 q commercial bank of ETHIOPIA,5,2020-09-21,CBE,Google Play Store,POSITIVE,0.9993271827697754,other
It is so nice app,4,2020-09-21,CBE,Google Play Store,POSITIVE,0.9998564720153809,other
It deserves 5 🌟 now.,5,2020-09-18,CBE,Google Play Store,POSITIVE,0.9736817479133606,other
It has serious synchronisation problem,1,2020-09-18,CBE,Google Play Store,NEGATIVE,0.9977377653121948,other
it is best.,5,2020-09-18,CBE,Google Play Store,POSITIVE,0.9998393058776855,other
Very simple to use,5,2020-09-18,CBE,Google Play Store,POSITIVE,0.9976269602775574,other
It's fast and simple to use.,4,2020-09-17,CBE,Google Play Store,POSITIVE,0.9995816349983215,performance
"I have been using old version of this app since 2017 ,this version is very nice.",5,2020-09-17,CBE,Google Play Store,POSITIVE,0.9995393753051758,other
I was able to use the older version with ease. But now it doesn't even open and tells me that it can't be opened on rooted devices. Please fix that.,2,2020-09-17,CBE,Google Play Store,NEGATIVE,0.9991652965545654,other
"it very interesting and easy to use & this new version is very fast to update the transaction, acct bal ,etc",5,2020-09-16,CBE,Google Play Store,NEGATIVE,0.8016839623451233,"performance, transactions"
thank u for ur immidiate action to update the app for all types of android system.,5,2020-09-16,CBE,Google Play Store,POSITIVE,0.9950075149536133,other
Doesn't synchronized,1,2020-09-16,CBE,Google Play Store,NEGATIVE,0.9970579147338867,other
"I have been using this app fair smoothly till the last update few days back and now it is a disaster as it repetitively says 'unable to sinc ' and when I uninstalled it and tried to re-install with proper procedure guided from my CBE branch, it again and again fails to accept verification code ...it is quite a disappointment !",1,2020-09-15,CBE,Google Play Store,NEGATIVE,0.9997804760932922,other
"I keep getting error pop ups on my screen even after closing the app and when i am using other apps, please fix this bug.",3,2020-09-15,CBE,Google Play Store,NEGATIVE,0.9994558691978455,bugs
Good app and friendly to use in its amahric langogue feature.,5,2020-09-14,CBE,Google Play Store,POSITIVE,0.9996675252914429,other
How to get verification code,1,2020-09-14,CBE,Google Play Store,NEGATIVE,0.96791672706604,other
Simple to use,4,2020-09-14,CBE,Google Play Store,POSITIVE,0.9970622658729553,other
Better with the design. But still it can be improved with a better interface. Good work,5,2020-09-14,CBE,Google Play Store,POSITIVE,0.9996034502983093,ui_ux
Why the 3.7MB update takes forever to install? At first I thought it was my data conn issue but was not. I have been enjoying the later version until I unable to use due to update installation issue.,1,2020-09-14,CBE,Google Play Store,NEGATIVE,0.9948559999465942,other
It asking verification code where could i find it. Please help,5,2020-09-13,CBE,Google Play Store,NEGATIVE,0.9925901889801025,customer_support
Much better user experience than the old version. Please add more utility payments like DStv.,5,2020-09-13,CBE,Google Play Store,NEGATIVE,0.9106417894363403,transactions
This is what i need a really really love the new app,5,2020-09-13,CBE,Google Play Store,POSITIVE,0.9991381168365479,other
Nice & fast,5,2020-09-13,CBE,Google Play Store,POSITIVE,0.9998736381530762,performance
CBE አሪፍ ነው።,5,2020-09-12,CBE,Google Play Store,POSITIVE,0.9689662456512451,other
Ethiopia Oromia USA,5,2020-09-12,CBE,Google Play Store,POSITIVE,0.9805638194084167,other
best application,5,2020-09-12,CBE,Google Play Store,POSITIVE,0.9998098015785217,other
"I have been using this app for more than a year it came with best version, but now after the last update it's not working well as before. It can't sync, the connection is not working at all. I can't see recent transactions and make any transfer , all the features are not working, I hope you will come with a better update soon.",2,2020-09-12,CBE,Google Play Store,NEGATIVE,0.999546468257904,transactions
Best app. Improved speed,5,2020-09-12,CBE,Google Play Store,POSITIVE,0.9997475743293762,performance
"It's great until few days back but it stop working for me starting Friday it says ""can't sycn"" please solve the problem.",4,2020-09-12,CBE,Google Play Store,NEGATIVE,0.9952380657196045,other
"If it shows more transactions, it would be nice. But it's still great app",5,2020-09-12,CBE,Google Play Store,POSITIVE,0.9997734427452087,transactions
Well designed user interface and easy to use! Great app! Good job developers!✔✔✔,5,2020-09-11,CBE,Google Play Store,POSITIVE,0.9998179078102112,ui_ux
I have been using the previous version of this app. My android version is 6.0 but unfortunately this new update support android 7.0 or higher. I don't know why you choose to do that. Most famous app here in google play are still support devices starting from version 4.0. considering most of the users to be from Ethiopia I don't think you will target almost all of the customers with the current lowest version support. Please address this issues we are facing.,2,2020-09-11,CBE,Google Play Store,NEGATIVE,0.9973457455635071,customer_support
It asks an authorization key. I can't get it,2,2020-09-10,CBE,Google Play Store,NEGATIVE,0.9989219903945923,other
I love this new app!,5,2020-09-10,CBE,Google Play Store,POSITIVE,0.9998648166656494,other
"Activation took to much of my time and initial log out was difficult, asking PIN again and again.",3,2020-09-10,CBE,Google Play Store,NEGATIVE,0.9985249638557434,other
The interface of the app is great but it's very difficult to see balance and other functions. It's seems no more functional...,1,2020-09-10,CBE,Google Play Store,NEGATIVE,0.9994437098503113,ui_ux
CBE mobile banking makes life easy.realy it helps in creating cashless society..please make cbe birr apps active as mobile banking too...your call center is too busy...and not found at all..please take corection action on it,5,2020-09-09,CBE,Google Play Store,POSITIVE,0.6109105944633484,customer_support
I cant pass the authorization key how do i find it? Please reply if u know.,1,2020-09-09,CBE,Google Play Store,NEGATIVE,0.9955257773399353,other
👍👍👍👍👍,4,2020-09-09,CBE,Google Play Store,NEGATIVE,0.6970561742782593,other
Nicě 😷,5,2020-09-09,CBE,Google Play Store,POSITIVE,0.9998424053192139,other
The updated version of the app is fabulous; easy to use and customer friendly.,5,2020-09-09,CBE,Google Play Store,POSITIVE,0.999855637550354,other
"Great app, keep it up. we need more service option to make life easy.",5,2020-09-07,CBE,Google Play Store,POSITIVE,0.9959132075309753,customer_support
"It helps a lot,thanks",4,2020-09-07,CBE,Google Play Store,POSITIVE,0.9998365640640259,customer_support
ወደ ሙባይል የተላከን ገንዘብ መመለሻ የለውም,4,2020-09-06,CBE,Google Play Store,NEGATIVE,0.9046949148178101,other
Barely works. My balance never updates and I cant transfer money 90% of the time. The old app was so much better.,1,2020-09-06,CBE,Google Play Store,NEGATIVE,0.9989357590675354,transactions
"V,good",5,2020-09-05,CBE,Google Play Store,POSITIVE,0.9998000264167786,other
Its so nic app,5,2020-09-05,CBE,Google Play Store,NEGATIVE,0.6831437349319458,other
"It only works at the first glance(only after installation and configuration). After that all the transfer options, utilities, top up doesn't work. It just say doesn't sync. Even the balance bord keeps loading and doesn't show the current balance.... Very poor experience ☹️😥.",1,2020-09-05,CBE,Google Play Store,NEGATIVE,0.9995508790016174,transactions
When App Updates it askes to reregistration from the branches,3,2020-09-04,CBE,Google Play Store,NEGATIVE,0.9945921301841736,other
It asks authorization key I'm cofused with it which is the authorization key,2,2020-09-04,CBE,Google Play Store,NEGATIVE,0.9564206600189209,other
"It's sweet app,do more to fix more fitures",5,2020-09-03,CBE,Google Play Store,POSITIVE,0.9984226226806641,other
Always 'can't sync' and i can't get solution at the branch office.,1,2020-09-03,CBE,Google Play Store,NEGATIVE,0.9995288848876953,other
"I have been using this app for almost four years now. In the beginning, it was working fine. Sometime later, it gets difficult to create a connection to my account, and could not manage to make and see transactions on my account. After updating it lately, Jul 2020, I was glad this app came with some user interface improvements, and the connection was quite fast. Not longer than two weeks, the app starts to get stuck, and it cannot even show me the UI properly. As a result, I have a useless app on my cell phone, hoping that [you] will soon come with updates.",2,2020-09-03,CBE,Google Play Store,NEGATIVE,0.9995779395103455,"login_issues, performance, transactions, ui_ux"
Can't see the nearest Branch or ATM available,3,2020-09-02,CBE,Google Play Store,NEGATIVE,0.9962969422340393,other
No complaints.,5,2020-09-02,CBE,Google Play Store,POSITIVE,0.9621791839599609,other
Galatooma gaarii dha,5,2020-09-02,CBE,Google Play Store,NEGATIVE,0.9718124270439148,other
I think the old was way better than this. I wish i never updated this app .,1,2020-09-02,CBE,Google Play Store,NEGATIVE,0.9986615180969238,other
"really appreciate and useful 👍 app ..and happy if u can use more access to buy air tickets, get loans, ....etc...but honestly so glad to use this app..thanks",5,2020-09-02,CBE,Google Play Store,POSITIVE,0.9993883371353149,login_issues
It is good but sometime it doesn't work,5,2020-09-01,CBE,Google Play Store,NEGATIVE,0.9982117414474487,other
I love it. Keep up your good work,5,2020-09-01,CBE,Google Play Store,POSITIVE,0.999876856803894,other
I like this App. Very much.,5,2020-09-01,CBE,Google Play Store,POSITIVE,0.9998384714126587,other
The old/previous version was better than this updated version.,1,2020-08-31,CBE,Google Play Store,POSITIVE,0.9972836971282959,other
"The App is very good. What I couldnot see is transfer history beyond one week, such as a month or two months. Is there any way to do that?",4,2020-08-30,CBE,Google Play Store,POSITIVE,0.9979122281074524,transactions
It was nice at the previous versions but at the new update it did not work anything!,1,2020-08-29,CBE,Google Play Store,NEGATIVE,0.9996719360351562,other
The app is good..but where I get authorization key.,2,2020-08-29,CBE,Google Play Store,POSITIVE,0.5586441159248352,other
Would've given it 5 but sometimes it doesn't work properly. It's been 3 days since it stopped transferring money and buying airtime,4,2020-08-29,CBE,Google Play Store,NEGATIVE,0.9994475245475769,transactions
just wow,5,2020-08-29,CBE,Google Play Store,POSITIVE,0.999775230884552,other
Love it But Recently the app is unfuctional. Fix bugs,3,2020-08-28,CBE,Google Play Store,NEGATIVE,0.9976503252983093,bugs
User friendly app,5,2020-08-28,CBE,Google Play Store,POSITIVE,0.9911230802536011,ui_ux
This app is good but i cant download on my LG & samsung s6 phone it says 'its not compatible for this devices' so pls fix this problem guys & make the app to compatible for all phones pls pls...thanks.,2,2020-08-27,CBE,Google Play Store,NEGATIVE,0.9857922196388245,other
It is moreover best if it works with differen accounts,5,2020-08-26,CBE,Google Play Store,NEGATIVE,0.9960216879844666,login_issues
Very much improved from the previous one. I really love it,4,2020-08-26,CBE,Google Play Store,POSITIVE,0.9998779296875,other
"The old version stopped working for me and whenever that happens I had to go to my CBE branch and ask for help to get it reinstalled. I just updated it, and it worked like a charm with an elegant UI and very stable services.",5,2020-08-26,CBE,Google Play Store,POSITIVE,0.9992983341217041,customer_support
"Solid app, but it will be good to have a 2 step security authentication before funds activity is comfirmed.",5,2020-08-25,CBE,Google Play Store,NEGATIVE,0.9554954767227173,other
"The app is not compatible with certain devices. For example, with samsung galaxy note edge.",2,2020-08-25,CBE,Google Play Store,NEGATIVE,0.9996589422225952,other
The application is not user freindly at all,2,2020-08-25,CBE,Google Play Store,NEGATIVE,0.9952901601791382,other
Always sync failed,1,2020-08-25,CBE,Google Play Store,NEGATIVE,0.999683141708374,other
Better from previous version but doesn't support to use more than 1 account with one phone no. And also once reinstalling the app. Need authentication and confirmation no from branch. I wish you can make it soon,3,2020-08-24,CBE,Google Play Store,NEGATIVE,0.9785939455032349,"login_issues, customer_support"
The last update is so nice and interactive. Good job,5,2020-08-24,CBE,Google Play Store,POSITIVE,0.999854564666748,other
This is really fantastic app,5,2020-08-24,CBE,Google Play Store,POSITIVE,0.9998656511306763,other
incrideble,5,2020-08-24,CBE,Google Play Store,NEGATIVE,0.9957907795906067,other
Very poor as compared with the previous one.,1,2020-08-23,CBE,Google Play Store,NEGATIVE,0.9998003840446472,other
We'll designed user interface and easy to use app. Well done CBE. The last version was just boring and unattractive. This version looks so good that I'm seeing people logging in just to enjoy the view. Keep it up.,5,2020-08-22,CBE,Google Play Store,POSITIVE,0.9931294322013855,ui_ux
"Dear developer, The new update says mybdevice is rooted and I cant use the app, However I amb100% sure that my device is not rooted. Please fix this bug ASAP as this issue iw ibservee on another galaxy S7 edge device",1,2020-08-21,CBE,Google Play Store,NEGATIVE,0.9942514896392822,bugs
Arif app new!,5,2020-08-21,CBE,Google Play Store,POSITIVE,0.9776487946510315,other
It's not good,1,2020-08-21,CBE,Google Play Store,NEGATIVE,0.9997920393943787,other
Why it delay?,5,2020-08-21,CBE,Google Play Store,NEGATIVE,0.9992634654045105,other
Real good,5,2020-08-21,CBE,Google Play Store,POSITIVE,0.9998493194580078,other
"As i downloaded the app, I had and issue of the authorization code. I don't even get any notification that provides this code.",1,2020-08-20,CBE,Google Play Store,NEGATIVE,0.9994363188743591,other
How do i get authorization key?,3,2020-08-20,CBE,Google Play Store,NEGATIVE,0.9980105757713318,other
"Good interface, but long waiting for synchronization. U better need to look at the backend infrastructure",4,2020-08-19,CBE,Google Play Store,NEGATIVE,0.9947875738143921,ui_ux
Its that what i want good app,5,2020-08-19,CBE,Google Play Store,POSITIVE,0.9993820190429688,other
still now not not showing my balance but it open,3,2020-08-19,CBE,Google Play Store,POSITIVE,0.998880922794342,other
Wonderful app,5,2020-08-19,CBE,Google Play Store,POSITIVE,0.9998787641525269,other
I love this new version but it doesn't update the balance immediately,5,2020-08-19,CBE,Google Play Store,NEGATIVE,0.990622341632843,other
"This application has many problems, 1.This application requires physically going to bank to configure it for the first time. 2.It doesn't not have strong authentication policies 3. Unlike other bank applications it does not support username, password and email/phone number authentication 4. Sometimes it does not work",1,2020-08-19,CBE,Google Play Store,NEGATIVE,0.9996621608734131,"login_issues, customer_support"
Very reliable and friendly for use!,5,2020-08-18,CBE,Google Play Store,POSITIVE,0.9998650550842285,other
"Better than pervious,Nice interface and looking. However , *better to include balance after each withdraw/deposit. *include water services ( You show it in the app but not there) *Make it Printable via bluetooth printer *",3,2020-08-18,CBE,Google Play Store,NEGATIVE,0.8034465909004211,"ui_ux, customer_support"
An amazing best application. U'r now more advanced.,5,2020-08-18,CBE,Google Play Store,POSITIVE,0.9998055100440979,other
Most of the time it doesn't work,2,2020-08-18,CBE,Google Play Store,NEGATIVE,0.9994431138038635,other
How do i get the activation,3,2020-08-18,CBE,Google Play Store,NEGATIVE,0.9902796149253845,other
better user interface and very fast 👏👏,4,2020-08-17,CBE,Google Play Store,POSITIVE,0.9974973797798157,"performance, ui_ux"
What a massive improvement from the previous version!,5,2020-08-17,CBE,Google Play Store,POSITIVE,0.9992156028747559,other
"The new update is fantastic. The CBE app never looked better, faster and interactive. Good Job.",5,2020-08-16,CBE,Google Play Store,POSITIVE,0.9994914531707764,performance
It's good for me,4,2020-08-16,CBE,Google Play Store,POSITIVE,0.9998531341552734,other
"The new app is not compatible with my android phone,what shall I do? Since the previous one worked properly.",1,2020-08-16,CBE,Google Play Store,NEGATIVE,0.9997586607933044,other
"On the previous version i used to have the remaining balance after each transaction, that was so helpful. But know its just the last remaining balance zat u can check. Zats not good",3,2020-08-16,CBE,Google Play Store,NEGATIVE,0.9996780157089233,"transactions, customer_support"
"This is realy an amazing payment apps i have ever seen. It is easy, beautiful user interface and light.",5,2020-08-15,CBE,Google Play Store,POSITIVE,0.9998706579208374,"transactions, ui_ux"
The update is awesome,5,2020-08-14,CBE,Google Play Store,POSITIVE,0.999870777130127,other
Very nice. Fast and easy. I love it.,5,2020-08-14,CBE,Google Play Store,POSITIVE,0.9998799562454224,performance
I'm living in China. Previously it was working even around the beginning of the new updated relased. Currently I can log in but it is not working after that. Is the new version is working out of Ethiopia or not?,5,2020-08-14,CBE,Google Play Store,NEGATIVE,0.9981156587600708,other
Banck Account,5,2020-08-14,CBE,Google Play Store,NEGATIVE,0.9803296327590942,login_issues
I like cbe app!,5,2020-08-13,CBE,Google Play Store,POSITIVE,0.9954515099525452,other
Great App! ምርጥ ነው።,5,2020-08-13,CBE,Google Play Store,POSITIVE,0.9996066689491272,other
This is awesome.,5,2020-08-13,CBE,Google Play Store,POSITIVE,0.9998689889907837,other
Very nice and easy to us better from the previous app,5,2020-08-13,CBE,Google Play Store,POSITIVE,0.9997716546058655,other
I like it. Keep it up!,4,2020-08-12,CBE,Google Play Store,POSITIVE,0.9998805522918701,other
"Very smart app, but it's not compatible for all android version. So, please amend it since almost all users use mobile apparatus that have a version of below 6.",5,2020-08-11,CBE,Google Play Store,NEGATIVE,0.9865753054618835,other
super fast and I can do everything in one place,5,2020-08-11,CBE,Google Play Store,POSITIVE,0.9996449947357178,performance
Good application Thank so,5,2020-08-11,CBE,Google Play Store,POSITIVE,0.9998524188995361,other
Really I got it helpful It is easy to use It reduces time for transactions,5,2020-08-11,CBE,Google Play Store,NEGATIVE,0.8821659088134766,"transactions, customer_support"
I like it but it would be better to show not only recent transactions and should add monthly statement,4,2020-08-11,CBE,Google Play Store,POSITIVE,0.9146295189857483,transactions
Now it looks great! We can use ever utilities as simple as it is. Thanks.,4,2020-08-11,CBE,Google Play Store,POSITIVE,0.9997779726982117,other
Better than the old one but the utility section doesn't seem to respond to any entry. Hope it gets fixed,3,2020-08-11,CBE,Google Play Store,NEGATIVE,0.9992566704750061,other
The most precious easy to access and secured app love,5,2020-08-11,CBE,Google Play Store,POSITIVE,0.999137282371521,login_issues
Better than the previous one,4,2020-08-10,CBE,Google Play Store,POSITIVE,0.9997406601905823,other
Great app guys! Easy to use and sync automatically update.,5,2020-08-10,CBE,Google Play Store,POSITIVE,0.9997110962867737,other
Fabulous,5,2020-08-10,CBE,Google Play Store,POSITIVE,0.9998722076416016,other
The New Update is no1. It deserve 5 stars +. Good job CBE.,5,2020-08-10,CBE,Google Play Store,POSITIVE,0.9310650825500488,other
It did not worked for me irrespctive of Internet connection!,1,2020-08-09,CBE,Google Play Store,NEGATIVE,0.9986355900764465,other
Zigale Kassa Bizuneh,5,2020-08-09,CBE,Google Play Store,NEGATIVE,0.9513182044029236,other
don't transfer to cebbirr,3,2020-08-09,CBE,Google Play Store,NEGATIVE,0.9250572919845581,transactions
Its amazing feature good CBE,5,2020-08-08,CBE,Google Play Store,POSITIVE,0.9998635053634644,other
Is not working on my phone how can i fix that pls help me,1,2020-08-08,CBE,Google Play Store,NEGATIVE,0.9997896552085876,customer_support
Wonderful and smart applicable,5,2020-08-08,CBE,Google Play Store,POSITIVE,0.9998714923858643,other
"Its better,but it's not complete. E.g on access to AAWSA payment,can't add another account.",4,2020-08-07,CBE,Google Play Store,NEGATIVE,0.9994077682495117,"login_issues, transactions"
V. good,5,2020-08-07,CBE,Google Play Store,POSITIVE,0.9948773980140686,other
Good features. And really very fast..! Amazing from CBE...!!,5,2020-08-07,CBE,Google Play Store,POSITIVE,0.9998819828033447,performance
It's like being in a stone age,1,2020-08-07,CBE,Google Play Store,NEGATIVE,0.6857204437255859,other
The old version was bad and difficult to login. but this one is amazing and user friendly.,5,2020-08-07,CBE,Google Play Store,POSITIVE,0.9995530247688293,"login_issues, ui_ux"
Good improvement it support Amharic font,5,2020-08-07,CBE,Google Play Store,POSITIVE,0.9987278580665588,customer_support
Very Nice Application.,5,2020-08-07,CBE,Google Play Store,POSITIVE,0.9998633861541748,other
"Much better than the previous, simple and user friendly. 👏",5,2020-08-07,CBE,Google Play Store,POSITIVE,0.9994423985481262,ui_ux
It is beter than before,4,2020-08-07,CBE,Google Play Store,NEGATIVE,0.8988615274429321,other
wow nice application,5,2020-08-07,CBE,Google Play Store,POSITIVE,0.999825656414032,other
Its really a good app BZW,4,2020-08-07,CBE,Google Play Store,POSITIVE,0.9998219609260559,other
I see major improvements and I thank you personaly. But the total exiting after usage is non responsive. Try to solve it.,4,2020-08-07,CBE,Google Play Store,NEGATIVE,0.9996377229690552,other
The frequent changing of the app by the developers and stop of mobile banking app is disturbing and disappointing. Why do this keep happening?,4,2020-08-07,CBE,Google Play Store,NEGATIVE,0.9996877908706665,other
Currently it's not working on my phone android 9 and Ram 6gb what's is the solution.,5,2020-08-07,CBE,Google Play Store,NEGATIVE,0.9996371269226074,other
How to get authorization code?,1,2020-08-07,CBE,Google Play Store,NEGATIVE,0.9983212351799011,other
"Previous update didnt work but now everything seems to be working,",4,2020-08-06,CBE,Google Play Store,POSITIVE,0.9948095083236694,bugs
Just great app,5,2020-08-06,CBE,Google Play Store,POSITIVE,0.9998509883880615,other
Great problem solver application. Thank you.,5,2020-08-06,CBE,Google Play Store,POSITIVE,0.9998534917831421,other
The new version of the app is awesome!,4,2020-08-06,CBE,Google Play Store,POSITIVE,0.9998389482498169,other
how to get autorized key,3,2020-08-06,CBE,Google Play Store,NEGATIVE,0.9927269220352173,other
"Obviously it is improved, but still it lucks exit interface, please fix it",4,2020-08-06,CBE,Google Play Store,NEGATIVE,0.994465172290802,ui_ux
"The new update is user-friendly, interactive and packed with new features. 5 stars!",5,2020-08-06,CBE,Google Play Store,POSITIVE,0.9995918869972229,ui_ux
Nice application. Very easy to use.,4,2020-08-06,CBE,Google Play Store,POSITIVE,0.9998010993003845,other
ዋው ደስ ይላል,5,2020-08-06,CBE,Google Play Store,NEGATIVE,0.8337246179580688,other
The current version is a vast improvement.,4,2020-08-06,CBE,Google Play Store,POSITIVE,0.9986213445663452,other
It seems good now.,5,2020-08-06,CBE,Google Play Store,POSITIVE,0.9998441934585571,other
Well done.,4,2020-08-06,CBE,Google Play Store,POSITIVE,0.9998410940170288,other
Easy & attractive !,4,2020-08-06,CBE,Google Play Store,POSITIVE,0.9998753070831299,other
Make it available to all smart phone. It selects some phone to be down load from play store. It also better to be transfer through xenders . Better from previous one but need some support to be available to all smart phone.,5,2020-08-05,CBE,Google Play Store,NEGATIVE,0.9917809367179871,"transactions, customer_support"
Excellent upgrade,5,2020-08-05,CBE,Google Play Store,POSITIVE,0.9998555183410645,other
Great experience,5,2020-08-04,CBE,Google Play Store,POSITIVE,0.9998718500137329,other
Awesome!! Better also include AAWSA payment in the utility group as CBE birr payment doesn't show detail about the meter reading and also month of payment.,4,2020-08-04,CBE,Google Play Store,NEGATIVE,0.9902043342590332,transactions
Better UI and functionalities . which is best for me.,4,2020-08-04,CBE,Google Play Store,POSITIVE,0.9792918562889099,other
"Good App, and thousands of time better than the previous App, keep it up...",5,2020-08-03,CBE,Google Play Store,POSITIVE,0.9998282194137573,other
"For starters,the app is by far better than the previous one.It has better graphics,fast synchronization and it's easy to use.But what I don't understand is that first why is it so difficult for you guys to add a ""forgot pin"" link in the login page? Why is it every time a user forgots his/her pin,they had to go to their branch? it's very frustrating and not expected from a banking app of such a giant bank.Secondly,the ""Accounts"" and ""Recents"" sub menus at the bottom have exactly the same features",2,2020-08-02,CBE,Google Play Store,NEGATIVE,0.994255006313324,"login_issues, performance"
"I love it so much for its nice user interface and massive improvement. One much important thing it lacks is that, it synchronizes #ONLY-ONE account per app. For this reason, people (customers) who had >/= 2 accounts for different reasons, are obliged to visit the local CBE branch, which is unadvisable especially during COVID-19 era. I hope you will do your best on it.",4,2020-08-02,CBE,Google Play Store,POSITIVE,0.9825764894485474,"login_issues, ui_ux"
"The old one was very bad and clumsy. every time I tried to login there was a problem with synchronization, because of that I was close to clear my account from CBE and open a new one in privet bank, as they cares about their customers. In other hand the new one is perfect and shows a little bit reformation in the Headquarter and this makes us to trust this bank again.",4,2020-08-01,CBE,Google Play Store,POSITIVE,0.9952837824821472,login_issues
its not working properly,2,2020-08-01,CBE,Google Play Store,NEGATIVE,0.999790608882904,other
I am trying it now,5,2020-07-31,CBE,Google Play Store,POSITIVE,0.9963686466217041,other
The upgread is perfect and loved the new system could be accessed from any branch if u face problem in the application. The other thing if possible to add would be to expand the number of transaction be looked for all transaction back to a month period at list this will help review most transactions if there needs any review. The only problem I saw is that once a phone number is attached to another bank account # you need to provide another phone number to get the service. The rest is excellent,4,2020-07-31,CBE,Google Play Store,POSITIVE,0.9875314831733704,"login_issues, transactions, customer_support"
Not working...now I'm out of Ethiopia. Sync failed...any suggestions or solution,3,2020-07-31,CBE,Google Play Store,NEGATIVE,0.999790608882904,other
The new application is good interms of interface but the old one works better faster this one lags you have to work on it,1,2020-07-31,CBE,Google Play Store,NEGATIVE,0.9945421814918518,"performance, ui_ux"
It is good i like it.,5,2020-07-31,CBE,Google Play Store,POSITIVE,0.9998606443405151,other
I am proud that CBE upgrade this app!!,5,2020-07-31,CBE,Google Play Store,POSITIVE,0.999140739440918,other
ቀደም ሲል ኢትዮጵያ በነበረኩበት ጊዜ ሞባይል ባንኪንግ እጠቀም ነበረ። ከዛ ለትምህርት ወደ ሩሲያ ሞስኮ ሔድኩኝ ። እዚህም እያለሁ ላለፋት ሁለት ዓመታት በትክክል ይሠራ ነበረ ። ነገር ግን አሁን አድሱ መተግበሪያ / አፑ ከከፈተ በኋላ እየተሽከረከረ አይከፍትም ። በዚህም የተነሳ ለምፈልገው ነገር ሁሉ መጠቀም አልቻልኩም ። ነገር ግን በየጊዜው ማሻሻያ መደረጉ የሚበረታታ ነው ።,3,2020-07-31,CBE,Google Play Store,NEGATIVE,0.966593861579895,other
"Better than the previous apps, you can get the current balance with the acct.numer without too much ado.",5,2020-07-30,CBE,Google Play Store,POSITIVE,0.9958449006080627,other
It's a very nice and friendly application,5,2020-07-30,CBE,Google Play Store,POSITIVE,0.9998714923858643,other
Very Good!!!,5,2020-07-30,CBE,Google Play Store,POSITIVE,0.9998495578765869,other
Does not work properly,1,2020-07-29,CBE,Google Play Store,NEGATIVE,0.9997753500938416,other
"The page has synchronization issues at first entry, the balance display page will sync after entered one of the front icon and get back to the previous page.",3,2020-07-28,CBE,Google Play Store,NEGATIVE,0.9949427247047424,other
I have updated the june 28 version then it is not workings all. Considering the current Covid 19 pandemic you should make the system more friendly to avoid physical visit to the bank . i just don't get it why CBE is always two steep back in making the process more easy .,1,2020-07-28,CBE,Google Play Store,NEGATIVE,0.9958438277244568,other
"Too much slow n not working most of the time. ""Processing"" ""sync failed""... pls some one tell me how i can remove the update n use the pervious version??",1,2020-07-28,CBE,Google Play Store,NEGATIVE,0.9997377991676331,performance
What an amazing updated app... There are many new features zat i wishs before thnaks cbe... Am also cbe staff.,5,2020-07-27,CBE,Google Play Store,POSITIVE,0.999600350856781,other
Nice update 👍 . Cheese 🤛👍 IT mans good job.,5,2020-07-27,CBE,Google Play Store,POSITIVE,0.9877622127532959,other
When you refresh your account it's slow and it doesn't tell you the latest update time. This means you don't know whether the figure you see is old or new. This upgrade was actually a downgrade!,1,2020-07-27,CBE,Google Play Store,NEGATIVE,0.9996676445007324,"login_issues, performance"
Mobile topup not working,1,2020-07-27,CBE,Google Play Store,NEGATIVE,0.999680757522583,other
"I am out of Ethiopia I used to this app.It's very nice to use. but now I can't use. Also i tried the new version 4.1 and it doesn't work. I can't check my balance,transfer.... please help me!! how to solve the following problems? => can't sync & => none available",4,2020-07-27,CBE,Google Play Store,NEGATIVE,0.9989427924156189,"transactions, customer_support"
Working good,5,2020-07-27,CBE,Google Play Store,POSITIVE,0.9998366832733154,other
Well done guys!,5,2020-07-27,CBE,Google Play Store,POSITIVE,0.9998409748077393,other
"It is a nice app compared to the previous one. I appreciate you have included local language but the details in the Amharic section will return to English mode, please fix that problem plus additional local language will increase its usability. Also it would be nice if the terms and conditions agreements, security tips, charge and transfer limits.... are included in the app.",4,2020-07-26,CBE,Google Play Store,POSITIVE,0.9866319298744202,transactions
"I like the graphics! And, it syncs very easily.",5,2020-07-25,CBE,Google Play Store,POSITIVE,0.9997531771659851,other
The updated app is attractive and is working very well. Forced to revise my previous rating of 2 star to 4 star. Hope it will keep on working! Rated it excellent for the past years. Revised my review after it keeps on crashing in 2019 and installing it for a second time in less than 3 months. Please work on the problems.,4,2020-07-25,CBE,Google Play Store,POSITIVE,0.9991787075996399,bugs
"It asks me download authorisation code, and I didn't know it. Please help! I want to use this app now!",5,2020-07-25,CBE,Google Play Store,NEGATIVE,0.9905856251716614,customer_support
"That is good, it would be even better if we can access account satement at a point in time.",5,2020-07-25,CBE,Google Play Store,POSITIVE,0.997370719909668,login_issues
"It is greatly improved and user friendly.i really , enjoy and loved it.",5,2020-07-25,CBE,Google Play Store,POSITIVE,0.9998825788497925,other
This update is not totally working on my android 10.I try to reinstall and get the authorization key from branch but it always says authentication failed .Is the any one who cam help?,1,2020-07-24,CBE,Google Play Store,NEGATIVE,0.9997634291648865,customer_support
"The previous version was working fine but after update it said that my device was rooted, even though it wasn't, and it didn't work. I had to reinstall the previous one.",1,2020-07-24,CBE,Google Play Store,NEGATIVE,0.9908402562141418,other
Simetimes not working but as a biginig nice,3,2020-07-24,CBE,Google Play Store,POSITIVE,0.9970502853393555,other
Good but Not compatable for all android phones,3,2020-07-24,CBE,Google Play Store,POSITIVE,0.9175856113433838,other
CBE is coming with the updated technology. I am proud to be a customer and staff of this honored Bank. Please make an improvement on app exit request.( 'Are you sure to exit' yes or no),5,2020-07-24,CBE,Google Play Store,POSITIVE,0.9954570531845093,other
It can't download the application right now BCD of rooting,1,2020-07-23,CBE,Google Play Store,NEGATIVE,0.9981279969215393,other
Amazing update but topup is not working properly!,5,2020-07-23,CBE,Google Play Store,NEGATIVE,0.9996097683906555,other
Fantastic app! Very good job dear developers! Better than the previous one as it is user friendly!,5,2020-07-23,CBE,Google Play Store,POSITIVE,0.9998108744621277,ui_ux
Much better version!,5,2020-07-23,CBE,Google Play Store,POSITIVE,0.9984663724899292,other
"It cannot start. The old version was working perfectly. I am currently out of Ethiopia and cannot go to the bank to see what is the problem. Now I have no access to my account and with coronavirus travel restrictions, cannot go back to Ethiopia either. Is it possible to get an authorization key so that user can remotely reinstall/register the app?",1,2020-07-23,CBE,Google Play Store,NEGATIVE,0.9740169644355774,login_issues
A Perfect app but try to fix logout problem.,4,2020-07-22,CBE,Google Play Store,NEGATIVE,0.9963223934173584,other
It's better than previous,5,2020-07-22,CBE,Google Play Store,POSITIVE,0.9998156428337097,other
"How can I get authorization key to access my bank account through mobile CBE app? I zipped it due to space issue and when I try to unzip the app it stop working. Now, I have to process all the steps again. How can I do that as I am not currently in Ethiopia to access my account? Please please please support me",2,2020-07-20,CBE,Google Play Store,NEGATIVE,0.997859537601471,"login_issues, customer_support"
Your last update is wonderful ...nice app,4,2020-07-17,CBE,Google Play Store,POSITIVE,0.9998753070831299,other
Nice feature poor performance..... need upgrades on top up....it doesn't work.,1,2020-07-17,CBE,Google Play Store,NEGATIVE,0.9982571005821228,performance
I deleted the app and redownloaded it again but I couldn't connect because it asks an authorisation key number....how do I know it,2,2020-07-16,CBE,Google Play Store,NEGATIVE,0.999574601650238,other
Great. Specialy after update,4,2020-07-16,CBE,Google Play Store,POSITIVE,0.9998610019683838,other
በጣም ቀላል እና ምቹ መገልገያ ነው። የCBE Birr መገልገያ ተመሳሳይ App ቢኖረው መልካም ነው። 👍,5,2020-07-16,CBE,Google Play Store,NEGATIVE,0.9826675057411194,other
"New Update Is A Huge Improvement. Very Nice Interface. Version 4.1 Is The Best Yet. Keep It Up. I Have One Suggestion, Make The App Able To Sync Multiple Accounts Not Just One.",5,2020-07-16,CBE,Google Play Store,POSITIVE,0.9997548460960388,"login_issues, ui_ux"
"Very Good app, but needs some modifications.",4,2020-07-15,CBE,Google Play Store,NEGATIVE,0.8226736783981323,other
Amazing features,5,2020-07-15,CBE,Google Play Store,POSITIVE,0.9998767375946045,other
I Live Out Of Ethiopia I Send My Money to My Cbe Account But I Don Have Mobile Banking how Can I Open Please Help Me,3,2020-07-12,CBE,Google Play Store,NEGATIVE,0.9774464964866638,"login_issues, transactions, customer_support"
First time tha i get happy by CBE's achievements. Congrats CBE Simple to use and uptodate. Go on and it will be nice if you add the investment options so that we can invest online too. Good Job,5,2020-07-08,CBE,Google Play Store,POSITIVE,0.9996927976608276,other
Much better,5,2020-07-06,CBE,Google Play Store,POSITIVE,0.9996564388275146,other
Please solve problems very soon The app is denied to activate,1,2020-06-30,CBE,Google Play Store,NEGATIVE,0.999134361743927,other
Improved very much,5,2020-06-30,CBE,Google Play Store,POSITIVE,0.9998481273651123,other
Nice Improvent in the GUI from CBE but we'll see it the near future if the app has any crashes,4,2020-06-29,CBE,Google Play Store,POSITIVE,0.9367160797119141,bugs
"what a nice!. user friendly, easy to access, updated, Amharic supported, error solved and well developed app.",5,2020-06-29,CBE,Google Play Store,POSITIVE,0.999651312828064,"login_issues, ui_ux, customer_support, bugs"
"Wonderful app thanks for changing the oldq one, Good Job!",5,2020-06-29,CBE,Google Play Store,POSITIVE,0.9997695088386536,other
"Recent update is very good. User interface has been redesigned and it's really awesome. Only downside is that you can't see all of recent transactions, it is limited to some and there is no way to see older transactions. Apart from that CBE has done a good job in revitalizing the old app.",4,2020-06-29,CBE,Google Play Store,POSITIVE,0.9988609552383423,"transactions, ui_ux"
👏👏👏👏,5,2020-06-29,CBE,Google Play Store,NEGATIVE,0.6970561742782593,other
"This ought to be a major update in a while. The graphical user interface has been well improved. However, a very important feature that used to exist in the old versions, which used to allow the user to transfer money within his own accounts in the CBE at ease has to be reinstated back.",3,2020-06-29,CBE,Google Play Store,NEGATIVE,0.9570713639259338,"login_issues, transactions, ui_ux"
"Its nice user interface...I hope you fix synchronisation fail problems that is common in before apk. In before apk if you are in middle of try to send the money and unfortunately internet is disconnected or someone is call you , the application say to you synchronisation is fail ..try to restart my phone or off and on internet the application never work again.. I call 951 but never get any support .",4,2020-06-28,CBE,Google Play Store,NEGATIVE,0.9989043474197388,"transactions, ui_ux, customer_support"
Blameless !,5,2020-06-28,CBE,Google Play Store,NEGATIVE,0.9963117241859436,other
Better than previous app,5,2020-06-28,CBE,Google Play Store,POSITIVE,0.9995808005332947,other
Make it USSD not showing pin,5,2020-06-28,CBE,Google Play Store,NEGATIVE,0.9985872507095337,other
It is clear and nice application. Becuase it is more Userfriend app.,5,2020-06-28,CBE,Google Play Store,POSITIVE,0.9971373081207275,other
It keeps on crashing after the update.,1,2020-06-27,CBE,Google Play Store,NEGATIVE,0.9883272051811218,bugs
"Thank you for the update. It has been a long long time since the last update, now it seems cool than the old boring one.",5,2020-06-27,CBE,Google Play Store,POSITIVE,0.94948810338974,other
It have improved... I like this version but if I can see all the month statment is best!,5,2020-06-27,CBE,Google Play Store,POSITIVE,0.9994584918022156,other
Marvelous design,5,2020-06-27,CBE,Google Play Store,POSITIVE,0.9998636245727539,ui_ux
"It is a very good app; but as a comment, the signs in the app should have their own unique color. For example, the Top up sign should have the color of ethiotelecom.",4,2020-06-27,CBE,Google Play Store,POSITIVE,0.9749149680137634,other
Unfortunatly the app stoped working all the time when i try to run it,1,2020-06-27,CBE,Google Play Store,NEGATIVE,0.9988356232643127,other
frequently crashes,3,2020-06-27,CBE,Google Play Store,NEGATIVE,0.9992374181747437,bugs
Soooooo wonderful application,4,2020-06-27,CBE,Google Play Store,POSITIVE,0.9998639822006226,other
App is not opening after update,5,2020-06-27,CBE,Google Play Store,NEGATIVE,0.9967371821403503,other
"It's good app, you need upgrade continuously Thank you",5,2020-06-26,CBE,Google Play Store,POSITIVE,0.9997848868370056,other
Nice improvement,5,2020-06-26,CBE,Google Play Store,POSITIVE,0.9997482895851135,other
Happy to have ACCOUNT with CBE. Thank you for the new mobile banking app which can help the customer for settlement of their bills.,5,2020-06-26,CBE,Google Play Store,POSITIVE,0.9997864365577698,"login_issues, transactions, customer_support"
I am very proud of my bank. It is such a remarkable application ever.,5,2020-06-26,CBE,Google Play Store,POSITIVE,0.9998825788497925,other
"With your new CBE mobile app version, it is gonna be alright and much interactice I hope. However, using it in weaker internet connection is often tiring... 4 issues... 1. One thing, please allow the use to subscribe or unsubscribe from the service without the subscriber requiring him to come to your office in person.... 2. You may also introduce two-factor authorization, like if someone even has got your pin, 3. Consider includng water billing and 4.update your apps often work on improvements",3,2020-06-26,CBE,Google Play Store,NEGATIVE,0.9708494544029236,"transactions, customer_support"
Five star,5,2020-06-26,CBE,Google Play Store,POSITIVE,0.9985104203224182,other
This one is better than the earlier version. It still needs more to show info,4,2020-06-26,CBE,Google Play Store,NEGATIVE,0.9851277470588684,other
It works perfectly for me and has many options......5 star......,5,2020-06-26,CBE,Google Play Store,POSITIVE,0.9998149275779724,other
Its very nice!👌,5,2020-06-26,CBE,Google Play Store,POSITIVE,0.9998598098754883,other
Not working... it says. Can't Sync...,1,2020-06-26,CBE,Google Play Store,NEGATIVE,0.9998095631599426,other
Nice view layout,5,2020-06-25,CBE,Google Play Store,POSITIVE,0.9998550415039062,ui_ux
Good look and easy to use.,5,2020-06-25,CBE,Google Play Store,POSITIVE,0.9998676776885986,other
Just wow,5,2020-06-25,CBE,Google Play Store,POSITIVE,0.999775230884552,other
Improved,5,2020-06-25,CBE,Google Play Store,POSITIVE,0.9998389482498169,other
looks better,5,2020-06-25,CBE,Google Play Store,POSITIVE,0.6169998645782471,other
Upgraded to user friendly,5,2020-06-25,CBE,Google Play Store,POSITIVE,0.9844954609870911,ui_ux
ur update is so rubbish.. it crash when u login... and after all this comments you didn't do anything.. you should remove it or replace it with the old working version...or either tell us what to do.,1,2019-04-01,CBE,Google Play Store,NEGATIVE,0.9998007416725159,"login_issues, bugs"
fast & relayable!,5,2019-03-31,CBE,Google Play Store,POSITIVE,0.9988308548927307,performance
"can you please fix the problem, I'm overseas and can't get to CBE branch for a fix, PLEASE DO SOMETHING!! start by removing it from play store until you figure out what the issue is!",1,2019-03-31,CBE,Google Play Store,NEGATIVE,0.9983205199241638,other
the new app is not integrating with the system... fix it.,1,2019-03-30,CBE,Google Play Store,NEGATIVE,0.9997791647911072,other
Does not work after update,1,2019-03-29,CBE,Google Play Store,NEGATIVE,0.9996979236602783,other
whre can i get the donload authorization code,1,2019-03-28,CBE,Google Play Store,NEGATIVE,0.9991737008094788,other
Can't log in,3,2019-03-28,CBE,Google Play Store,NEGATIVE,0.9981762170791626,other
ዳንኤል,5,2019-03-28,CBE,Google Play Store,NEGATIVE,0.6970561742782593,other
"after updating the app it never works. Let alone giving a star if there was a negative star, i would have given you negative start. how could a biggest bank in a country doesn't have good app. ለማንኛውም ግን ማፈሪያ ባንክ ነው !!",1,2019-03-26,CBE,Google Play Store,NEGATIVE,0.9996659755706787,other
frequently failed and needs authorization.,2,2019-03-26,CBE,Google Play Store,NEGATIVE,0.9995005130767822,other
app not working after update if ur not aware of it already care to do something about it?,1,2019-03-26,CBE,Google Play Store,NEGATIVE,0.9993306398391724,other
please do something about the app!! the new update is useless!!!,1,2019-03-25,CBE,Google Play Store,NEGATIVE,0.9997829794883728,other
ባለፈው ግዜ የተሻለ ሃሳብ ሰጥቼ ነበር፣ አጋጣሚ ሁኖ አሁን ሃሳቤን ቀይሬ አለሁኝ፣ የኮከብ ደረጃም ከ5 ወደ አንድ ለማውረድ ተገድጄ አለሁኝ፣ አፕዴት አድርጎ የተሻሻለ አፕልኬሽን ለዛውም የፋይናንስ እንዴት ክራሽ ልያደርግ ይችላል፣ ከሃገር ውጭ ሁኜ አካውንት ማንቀሳቀስ አስችሎኝ ነበር ክራሽ በማድረጉ እና እንደገና አክትቬሽን ኮድ በመፈለጉ፣ ሃገር ቤት እስክመለስ እንዳልጠቀም አድርጎኛል። ለቀጣይ በተሻለ መልኩ ተሳራላችሁ ብየ ተስፋ አለኝ!!,1,2019-03-25,CBE,Google Play Store,NEGATIVE,0.7800645232200623,other
"why this app is trash,cannot open using my pin,please do something with this issue",1,2019-03-24,CBE,Google Play Store,NEGATIVE,0.999600350856781,other
I was using this up for while but after I logged out for several weeks and tried it again it failed to log in .. then I Uninstall the and tried it again after reinstall but somehow it needs a verification code form CBE,2,2019-03-22,CBE,Google Play Store,NEGATIVE,0.9995720982551575,other
wowww cbe,5,2019-03-22,CBE,Google Play Store,POSITIVE,0.9825053215026855,other
I just update this week it won't open now. Please fix it asap,4,2019-03-21,CBE,Google Play Store,NEGATIVE,0.9972766041755676,other
Best application for me.,4,2019-03-21,CBE,Google Play Store,POSITIVE,0.9990484118461609,other
"app is crashing with the new update. please fix it as soon as possible. I am in another country and not able to make transactions. Please, are you reading the reviews? Guys does anyone know if it works by uninstalling and reinstalling without needing to go the bank??",1,2019-03-21,CBE,Google Play Store,NEGATIVE,0.9996110796928406,"transactions, bugs"
Version 2 not working correctly,3,2019-03-21,CBE,Google Play Store,NEGATIVE,0.9998002648353577,other
The very important App for us.,5,2019-03-20,CBE,Google Play Store,POSITIVE,0.9989832043647766,other
its very annoying a company with this size doesn't respond to it's customer.very arrogant and ignorant,1,2019-03-19,CBE,Google Play Store,NEGATIVE,0.9996212720870972,other
Please try to link the updated version.,2,2019-03-19,CBE,Google Play Store,NEGATIVE,0.9887638092041016,other
Very Good App but add some Transactions list,3,2019-03-18,CBE,Google Play Store,POSITIVE,0.9979988932609558,transactions
crashes after update for v2. please reply for comments asap.,1,2019-03-17,CBE,Google Play Store,NEGATIVE,0.9996559619903564,bugs
very very very useful,5,2019-03-17,CBE,Google Play Store,POSITIVE,0.99982750415802,other
one day it just has stopped in the middle of no where and left me helpless. i was to transfer money to my brother for an urgent school fee.,4,2019-03-17,CBE,Google Play Store,NEGATIVE,0.9992427825927734,"transactions, customer_support"
what is going on with this app it's not working at all,1,2019-03-15,CBE,Google Play Store,NEGATIVE,0.999777615070343,other
"With the recent update, I faced a serious problem similar to those mentioned by others. Hence I have to uninstall and reinstall the app...and it is working well now. I strongly suggest if CBE makes a regular check and take a quick corrective actions on reviews made by customers!!!",3,2019-03-14,CBE,Google Play Store,POSITIVE,0.9954637885093689,other
update NOT Working,1,2019-03-14,CBE,Google Play Store,NEGATIVE,0.9997429251670837,other
After the recent update the application is getting crashed. Kindly fix the bug soon.,1,2019-03-14,CBE,Google Play Store,NEGATIVE,0.9972238540649414,bugs
Crashed after update. Pls release fix asap.,1,2019-03-14,CBE,Google Play Store,NEGATIVE,0.9997163414955139,bugs
Absolute trash after an update,1,2019-03-14,CBE,Google Play Store,NEGATIVE,0.9998000264167786,other
Excellente,5,2019-03-13,CBE,Google Play Store,POSITIVE,0.9998300075531006,other
Crashed after update,1,2019-03-13,CBE,Google Play Store,NEGATIVE,0.9996795654296875,bugs
App still crushing after entering pin! And still no response from tech support!!!!,1,2019-03-13,CBE,Google Play Store,NEGATIVE,0.9994932413101196,customer_support
sms code did not work,2,2019-03-13,CBE,Google Play Store,NEGATIVE,0.999776303768158,other
not working after i update,1,2019-03-12,CBE,Google Play Store,NEGATIVE,0.9996498823165894,other
"It has been a week since it stop working. How it doesn't work after UPDATE? Need attention. CBE, Please correct it!",1,2019-03-12,CBE,Google Play Store,NEGATIVE,0.9972031116485596,other
"Crashes after update, shame.",1,2019-03-12,CBE,Google Play Store,NEGATIVE,0.9997838139533997,bugs
After updating the app stops working.,1,2019-03-11,CBE,Google Play Store,NEGATIVE,0.9997413754463196,other
the app is crashing after update. please fix the problem or let us what to do.,5,2019-03-10,CBE,Google Play Store,NEGATIVE,0.9996159076690674,bugs
New update is very poor. Immediately crashes after Entering pin.,1,2019-03-10,CBE,Google Play Store,NEGATIVE,0.999743640422821,bugs
difficult on using occasional time.,1,2019-03-09,CBE,Google Play Store,NEGATIVE,0.9991942048072815,other
Please don't release update because after update it says unfortunately stoped! what is wrong?ohhh,2,2019-03-09,CBE,Google Play Store,NEGATIVE,0.9996347427368164,other
"was working fine, but now it crashes after the update and lots of people are complaining about it but you chose to keep silent",1,2019-03-08,CBE,Google Play Store,NEGATIVE,0.9968084692955017,bugs
useless update,1,2019-03-08,CBE,Google Play Store,NEGATIVE,0.9997654557228088,other
"I recently updated this app but it completely stop responding...this is very sad,can't even run my business deals.",1,2019-03-08,CBE,Google Play Store,NEGATIVE,0.9997512698173523,other
update doesn't work,1,2019-03-08,CBE,Google Play Store,NEGATIVE,0.9997705817222595,other
it is not working totally after update.,1,2019-03-08,CBE,Google Play Store,NEGATIVE,0.9997801184654236,other
This app is mot working after the recent update.,1,2019-03-07,CBE,Google Play Store,NEGATIVE,0.9984531402587891,other
this update is was not working,1,2019-03-07,CBE,Google Play Store,NEGATIVE,0.9997735619544983,other
crashing crashing and crashing fix it,1,2019-03-07,CBE,Google Play Store,NEGATIVE,0.994541585445404,bugs
"Do you even have tech support who reads the review and work on the glitch? the last update is totally unusable. Fix it quickly its a big national brand, it shouldn't have taken this long",1,2019-03-07,CBE,Google Play Store,NEGATIVE,0.9985784292221069,customer_support
እየፈጩ ፡ ጥሬ ፡ አለ ፡ የሀገሬ ፡ ሰው፡፡ በዩዘር ፡ ለምን ፡ እንድንገባ ፡ አታረጉም ፡ ሰው ፡ ከሌላ ፡ ሀገር ፡ እኮ ፡ እንዳገና ፡ መግባት ፡ ሊያስፈልግ ፡ ይችላል ፡ ስልክ ፡ ቢቀየር ፡ ወይ ፡ አፑ ፡ ቢበላሽ,1,2019-03-07,CBE,Google Play Store,NEGATIVE,0.9646371603012085,other
It crashes acfter this update...so what is the meaning of releasing V2...previously it was working....oppss...bad app.,1,2019-03-06,CBE,Google Play Store,NEGATIVE,0.9997689127922058,bugs
not working..,1,2019-03-06,CBE,Google Play Store,NEGATIVE,0.9997947812080383,other
too much beautiful and amazing apps,5,2019-03-06,CBE,Google Play Store,POSITIVE,0.9989117383956909,other
the app stop working when you update it and it has no solution for the problem,1,2019-03-06,CBE,Google Play Store,NEGATIVE,0.9997908473014832,other
app crush after update,1,2019-03-06,CBE,Google Play Store,NEGATIVE,0.9982498288154602,other
"you're lucky that you've got one star from me, because there is no half star.",1,2019-03-06,CBE,Google Play Store,POSITIVE,0.9996886253356934,other
The app keeps on crushing & I can't log in or access my account. Went to the bank for trouble shooting. The customer service was very poor and I told to reinstall the app and enter new activation key. I did and after starting to work for few hours again the prob is there and the app is still crushing and not working. Such poor service is unexpected from a big statd owned bank. You should fix the problem ASAP.,1,2019-03-06,CBE,Google Play Store,NEGATIVE,0.9996263980865479,"login_issues, customer_support"
"Completely and utterly made it unusable after the update. Why would anyone, in their right minds, make something that worked before to a new “updated” rubbish!?",1,2019-03-05,CBE,Google Play Store,NEGATIVE,0.9990523457527161,other
last update keeps crashing after inserting pin. fix please!,1,2019-03-05,CBE,Google Play Store,NEGATIVE,0.9806745648384094,bugs
Peoples are complaining. what aren't you responding? Your customer support is lame!,1,2019-03-05,CBE,Google Play Store,NEGATIVE,0.9998136162757874,customer_support
The app crashes after the last update. Please fix it.,3,2019-03-05,CBE,Google Play Store,NEGATIVE,0.9996981620788574,bugs
update ከሆነ ቡሀላ ባግባቡ አይሰራም በተቻለ መጠን በፍጥነት አስተካክሉት የመጀመሪያው የተሻለ ነበር,2,2019-03-05,CBE,Google Play Store,NEGATIVE,0.9298673868179321,other
Latest update is having bugs. The is not opening and crashing after updating.plz fix soon.,1,2019-03-05,CBE,Google Play Store,NEGATIVE,0.9994139671325684,bugs
this update crashes please do something,1,2019-03-05,CBE,Google Play Store,NEGATIVE,0.9982571005821228,bugs
"App crushing after update. I approach the bank to fix it and they told me I need new authentication key for every update. What if I was abroad? Even after I logged in, features like Services, Finance and Banking are not there. It doesn't deserve a single star either.",1,2019-03-05,CBE,Google Play Store,NEGATIVE,0.9990986585617065,customer_support
incompatible,1,2019-03-05,CBE,Google Play Store,NEGATIVE,0.9995378255844116,other
"updated version keeps crashing on Android Oreo, please fix it. UI is also really bad. its functional but could be a lot better.",3,2019-03-05,CBE,Google Play Store,NEGATIVE,0.9990684390068054,bugs
App doesn't work.,1,2019-03-04,CBE,Google Play Store,NEGATIVE,0.9997852444648743,other
Very bad app from the so called largest bank in Ethiopia. It keeps crashing after the new update and the interface is ugly.,2,2019-03-04,CBE,Google Play Store,NEGATIVE,0.9998124241828918,"ui_ux, bugs"
it was good app since last update now doesn't work after updating… what happened? please fix the problem ASAP.,2,2019-03-04,CBE,Google Play Store,POSITIVE,0.9718307852745056,other
this Last update is defective. the app is crashing after I updated it. please do fix it.,2,2019-03-04,CBE,Google Play Store,NEGATIVE,0.9997876286506653,bugs
"Excellent app, but limited transfer plz make the app to be tranferred large amount. Thanks",5,2019-03-04,CBE,Google Play Store,POSITIVE,0.9964309930801392,transactions
App crushing after update to V2. Keeps crushing after accepting pin.,1,2019-03-04,CBE,Google Play Store,NEGATIVE,0.9982324242591858,other
me,5,2019-01-12,CBE,Google Play Store,POSITIVE,0.9947214126586914,other
activate,4,2019-01-11,CBE,Google Play Store,POSITIVE,0.9993797540664673,other
It's a good app for android but I can't find it on iPhone apps store pls make it available for iPhone,3,2019-01-10,CBE,Google Play Store,NEGATIVE,0.9483346343040466,other
Thank u for the app,4,2018-12-29,CBE,Google Play Store,POSITIVE,0.9996694326400757,other
To autherize new account it needs uninsrall dis not good fix it,5,2018-12-13,CBE,Google Play Store,NEGATIVE,0.999459445476532,login_issues
"It keeps on failing to connect to server at intervals , to solve it, install again and activate",3,2018-12-03,CBE,Google Play Store,NEGATIVE,0.9997373223304749,other
needs improvement. can't see who makes the transfers the name should be seen when the detail is selected. also i have different accounts in my name and i can only use my phone for one account only ? mobile banking has become easy ....commercial banks of Ethiopia......you need to keep up!!!,1,2018-11-07,CBE,Google Play Store,NEGATIVE,0.9982166886329651,"login_issues, transactions"
Thank you download app,5,2018-11-07,CBE,Google Play Store,POSITIVE,0.9997865557670593,other
It is best app for my life,5,2018-10-19,CBE,Google Play Store,POSITIVE,0.9995896220207214,other
Impressive,5,2018-10-11,CBE,Google Play Store,POSITIVE,0.999863862991333,other
Gode,4,2018-10-05,CBE,Google Play Store,NEGATIVE,0.961505115032196,other
It's not enough to have an app. It has to work,1,2018-09-03,CBE,Google Play Store,NEGATIVE,0.9997184872627258,other
Its good begning,3,2018-09-01,CBE,Google Play Store,POSITIVE,0.9962170720100403,other
To use this app send massages,5,2018-08-25,CBE,Google Play Store,NEGATIVE,0.9368523955345154,other
Islamic creadit sistem fome,5,2018-08-20,CBE,Google Play Store,NEGATIVE,0.9855911731719971,other
Shopping,4,2018-08-15,CBE,Google Play Store,POSITIVE,0.9981168508529663,other
I haven't money but i'm very happy!!,5,2018-08-06,CBE,Google Play Store,POSITIVE,0.9998824596405029,other
Its good and simply to use but internet must be there,5,2018-08-06,CBE,Google Play Store,NEGATIVE,0.9476882815361023,other
Please remove what you call authentication code and use other simple steps,3,2018-08-02,CBE,Google Play Store,NEGATIVE,0.9990922212600708,other
to approve the update,5,2018-07-30,CBE,Google Play Store,POSITIVE,0.9977389574050903,other
"Why everything is complicated and difficult to use in ethiopia?your all 
applications are difficult to use I hate your everything",1,2018-07-29,CBE,Google Play Store,NEGATIVE,0.999699592590332,other
It say download the app authorization code&PIN from branch,5,2018-07-17,CBE,Google Play Store,NEGATIVE,0.9803845882415771,other
This is very good you can use any place all over the world i like it,5,2018-05-20,CBE,Google Play Store,POSITIVE,0.9998561143875122,other
በ ኣይፎን 11 ኣይሰራም ምክንያቱ ኣፕዴት ይጠይቃል,5,2018-05-13,CBE,Google Play Store,NEGATIVE,0.8943157196044922,other
TESFAY. CANADA. B.C.,4,2018-03-19,CBE,Google Play Store,NEGATIVE,0.9544905424118042,other
I think i growth  with you by anything  business,5,2018-01-04,CBE,Google Play Store,POSITIVE,0.9995850920677185,other
Add financial news and correct the speed of your network,3,2017-12-07,CBE,Google Play Store,POSITIVE,0.9973732233047485,performance
great application,5,2017-12-03,CBE,Google Play Store,POSITIVE,0.9998588562011719,other
i .....,5,2017-11-09,CBE,Google Play Store,NEGATIVE,0.9613499641418457,other
How poor is this app it's dead,1,2017-10-31,CBE,Google Play Store,NEGATIVE,0.9997846484184265,other
Hananeya,5,2017-10-20,CBE,Google Play Store,POSITIVE,0.7833886742591858,other
So happy with cbe,5,2017-10-13,CBE,Google Play Store,POSITIVE,0.9998633861541748,other
Yea,4,2017-09-28,CBE,Google Play Store,POSITIVE,0.7720598578453064,other
Not tanx,5,2017-09-01,CBE,Google Play Store,NEGATIVE,0.9825923442840576,other
It was somehow good but need improvement!,2,2017-08-11,CBE,Google Play Store,NEGATIVE,0.9602239727973938,other
Good app for major transaction & need to improve with  monthly summary repot,3,2017-08-11,CBE,Google Play Store,POSITIVE,0.9982794523239136,transactions
"Authorization key!?  What does it mean? May it be the Activation Code or the Pin Code I received from one of CBE Branches!? Or a different thing that, I should do another way???????? Every body asks, but no one appeared answering!! What a hell!!!",5,2017-08-09,CBE,Google Play Store,NEGATIVE,0.9995962977409363,other
Very nice app.i admire how it makes it easy for access,5,2017-07-03,CBE,Google Play Store,POSITIVE,0.9997988343238831,login_issues
Good to use it,3,2017-06-26,CBE,Google Play Store,POSITIVE,0.99985671043396,other
The blank space to write Ac no is unvisible  please modify to whight color.ነጭ ኣድርጉት,1,2017-06-17,CBE,Google Play Store,NEGATIVE,0.9987320303916931,other
This makes me to use the bank services easly,5,2017-06-14,CBE,Google Play Store,NEGATIVE,0.9896945953369141,customer_support
Authorization fails problem,5,2017-05-14,CBE,Google Play Store,NEGATIVE,0.9995920062065125,other
Iwanttobeuse SMS,5,2017-05-13,CBE,Google Play Store,NEGATIVE,0.9825908541679382,other
this is excellent app  Easy to use  Good work,5,2017-04-21,CBE,Google Play Store,POSITIVE,0.9996960163116455,other
Short and precise,5,2017-04-13,CBE,Google Play Store,POSITIVE,0.9996391534805298,other
Lol,5,2017-04-07,CBE,Google Play Store,NEGATIVE,0.9438177943229675,other
Sends cash many times with no number of count  dialogue to the same receiver.,4,2017-03-31,CBE,Google Play Store,NEGATIVE,0.9988579750061035,other
So these is very application,3,2017-03-30,CBE,Google Play Store,POSITIVE,0.9983730316162109,other
Yes,1,2017-03-21,CBE,Google Play Store,POSITIVE,0.9997805953025818,other
"When transaction are made it displays error and made no entry in the transaction list. When i made the second transaction it deduct twice a very serious bug that should be handled soon, i faced twice in a month. After all it is individual's money you are dealing with.",2,2017-03-19,CBE,Google Play Store,NEGATIVE,0.998996913433075,"transactions, bugs"
this app is not functional  in some android smart  phone. eg. android 3.4,1,2017-03-15,CBE,Google Play Store,NEGATIVE,0.9996906518936157,other
The Essential app,5,2017-03-06,CBE,Google Play Store,POSITIVE,0.999496579170227,other
App,5,2017-01-11,CBE,Google Play Store,POSITIVE,0.9684573411941528,other
"Very, very important and helpful",5,2017-01-10,CBE,Google Play Store,POSITIVE,0.999847412109375,customer_support
COMERSHAL,5,2017-01-03,CBE,Google Play Store,POSITIVE,0.9975531697273254,other
After some times it fails not working for those services insie it except checking balance. When I open to new service the app will close it self.,1,2016-12-08,CBE,Google Play Store,NEGATIVE,0.9993671774864197,customer_support
Whos and what is authorization. Code? ?,1,2016-12-07,CBE,Google Play Store,NEGATIVE,0.9975131750106812,other
to download and how ican log in my account?,1,2016-11-20,CBE,Google Play Store,NEGATIVE,0.9991288781166077,login_issues
Excellent Appllication,5,2016-11-06,CBE,Google Play Store,POSITIVE,0.999815046787262,other
Woooow,2,2016-10-27,CBE,Google Play Store,POSITIVE,0.9561598896980286,other
Most liked bank and trustworthy!,4,2016-10-15,CBE,Google Play Store,POSITIVE,0.9996707439422607,other
"I have downloaded and went to CBE and registered my account. It shows only my balance and previous transactions. But when I tried to transfer money to non CBE customer it asks only revipients name, phone number and amount not any other criteria such as branch of sender and recipient. Finally when I press ""submit"" button it says input valid data. So how can I use it? I filled all the available blank spaces correctly but it doesn' work",1,2016-09-25,CBE,Google Play Store,NEGATIVE,0.998160183429718,"login_issues, transactions"
Dish,5,2016-09-16,CBE,Google Play Store,NEGATIVE,0.9772239923477173,other
so smart,5,2016-09-13,CBE,Google Play Store,POSITIVE,0.9998641014099121,other
Hey,5,2016-09-08,CBE,Google Play Store,POSITIVE,0.9979209303855896,other
I thrust commercial bank of Ethiopia my money established it,5,2016-08-29,CBE,Google Play Store,POSITIVE,0.9878745675086975,other
Kkkk what is this?,1,2016-08-28,CBE,Google Play Store,NEGATIVE,0.9967718720436096,other
I like it saves your time.,3,2016-08-23,CBE,Google Play Store,POSITIVE,0.9995536208152771,other
please allow us to register online without going to branch office,1,2016-08-20,CBE,Google Play Store,POSITIVE,0.9870080351829529,other
I liked it.,4,2016-07-21,CBE,Google Play Store,POSITIVE,0.999852180480957,other
it is not  work,1,2016-07-21,CBE,Google Play Store,NEGATIVE,0.9996998310089111,other
bank,1,2016-07-13,CBE,Google Play Store,POSITIVE,0.826088547706604,other
is not so good but if you trying this is well we want app like barcalys or standerd chtred,4,2016-07-03,CBE,Google Play Store,NEGATIVE,0.9851577281951904,other
king,5,2016-06-18,CBE,Google Play Store,POSITIVE,0.9992654919624329,other
"The bank has given me an authorization key,but it says invalid",4,2016-06-15,CBE,Google Play Store,NEGATIVE,0.9996194839477539,other
This mobile app is great if it work properly. It is not working in my mobile (Samsung galaxy core).it  is not self contained and need web to see the full interface which is bad. The graphics(the first page) look very unprofessional.,1,2016-06-15,CBE,Google Play Store,NEGATIVE,0.997943103313446,ui_ux
Where can we get authorization code??  Need help from a developer or any body uses this App.?????,1,2016-06-13,CBE,Google Play Store,NEGATIVE,0.999671459197998,customer_support
Plse send,5,2016-06-05,CBE,Google Play Store,POSITIVE,0.8373776078224182,other
Downloaded and I've to go cbe branch ...not any branch.,2,2016-05-04,CBE,Google Play Store,NEGATIVE,0.9987789988517761,other
Anyone,5,2016-05-02,CBE,Google Play Store,POSITIVE,0.9625333547592163,other
I really hate CBR! I'd rather be AIB or OIB customer to get a good service.,1,2016-03-15,CBE,Google Play Store,NEGATIVE,0.9994785189628601,customer_support
Market,5,2016-03-09,CBE,Google Play Store,POSITIVE,0.9265685677528381,other
Can't download.,5,2016-03-02,CBE,Google Play Store,NEGATIVE,0.9965338706970215,other
ebc,5,2016-02-04,CBE,Google Play Store,POSITIVE,0.9745978116989136,other
Authorization code,5,2016-02-01,CBE,Google Play Store,POSITIVE,0.871202826499939,other
It is nice,5,2016-01-26,CBE,Google Play Store,POSITIVE,0.9998648166656494,other
Hi,5,2016-01-25,CBE,Google Play Store,POSITIVE,0.9983267188072205,other
It not installing it takes time why?,3,2015-12-11,CBE,Google Play Store,NEGATIVE,0.9992239475250244,other
"It works well but some functions are not visible for android 2.1, . . .",4,2015-11-07,CBE,Google Play Store,NEGATIVE,0.9800057411193848,other
But like all ethiopians app,5,2015-09-30,CBE,Google Play Store,POSITIVE,0.990036129951477,other
I loved it so much....,5,2015-09-30,CBE,Google Play Store,POSITIVE,0.9998741149902344,other
I like b.c it is must,1,2015-09-26,CBE,Google Play Store,POSITIVE,0.9987871050834656,other
Makes life simple.,1,2015-09-08,CBE,Google Play Store,POSITIVE,0.999845027923584,other
Seems good but needs lil improvements in speed & performance,4,2015-09-02,CBE,Google Play Store,NEGATIVE,0.9883387088775635,performance
I am always with this efficient Bank.,4,2015-08-13,CBE,Google Play Store,POSITIVE,0.9998379945755005,other
Your color choice makes it hard to read the text.  Logo is very blurry.  Try to use better quality vector images.  It seems like the app was designed by a beginner.  Look at some of the major banking apps like Bank of America  etc...  Nice try,1,2015-07-19,CBE,Google Play Store,NEGATIVE,0.997199296951294,ui_ux
I cant use by galaxy s6 edge,5,2015-07-14,CBE,Google Play Store,NEGATIVE,0.5559724569320679,other
Ajemamru lay  algebgnem yemn cod  new yemasegbaw ? Plss  help me,1,2015-07-08,CBE,Google Play Store,NEGATIVE,0.9970110654830933,customer_support
it is easy to work with,5,2015-07-03,CBE,Google Play Store,POSITIVE,0.9996808767318726,other
it Helps!,5,2015-06-29,CBE,Google Play Store,POSITIVE,0.999819815158844,customer_support
It is little bit confusing.,5,2015-06-17,CBE,Google Play Store,NEGATIVE,0.9944256544113159,other
Good App.,5,2015-06-10,CBE,Google Play Store,POSITIVE,0.9998503923416138,other
Www bayye gariidha,5,2015-04-28,CBE,Google Play Store,POSITIVE,0.8926618695259094,other
I Appreciate it app,5,2015-04-06,CBE,Google Play Store,POSITIVE,0.9998303651809692,other
Oky,5,2015-03-30,CBE,Google Play Store,POSITIVE,0.9996008276939392,other
What is an authorization code???,5,2015-03-19,CBE,Google Play Store,NEGATIVE,0.9973159432411194,other
first i thank you for this service  .then please tell me what is አውቶራይዜሽን key  please,4,2015-01-26,CBE,Google Play Store,POSITIVE,0.9981503486633301,customer_support
What is Authorisation code and where  can I get it!?,1,2015-01-14,CBE,Google Play Store,NEGATIVE,0.9991306662559509,other
Authorizations code,5,2015-01-12,CBE,Google Play Store,POSITIVE,0.5823419690132141,other
"I have authorization key  and activation code already. But when i tried to login ,it always says ,connection failed and try again. What shall i do?",5,2015-01-09,CBE,Google Play Store,NEGATIVE,0.9993378520011902,login_issues
Happy to have online banking in Ethiopia,5,2015-01-09,CBE,Google Play Store,POSITIVE,0.9997764229774475,other
Now everybody has access,5,2015-01-04,CBE,Google Play Store,POSITIVE,0.9980400204658508,login_issues
so bad how can we know the authorization code?,5,2015-01-03,CBE,Google Play Store,NEGATIVE,0.999769389629364,other
For Samsung S3 it doesn't work properly (isn't compatible ) please fix it.,2,2014-12-19,CBE,Google Play Store,NEGATIVE,0.9997259974479675,other
I want to activate mobile banking with CBE.CBE has sent me the pin and activation code.,5,2014-12-16,CBE,Google Play Store,NEGATIVE,0.9629372954368591,other
Gutama mahamad,5,2014-12-13,CBE,Google Play Store,POSITIVE,0.8598734140396118,other
My partner to develop!,5,2014-12-04,CBE,Google Play Store,POSITIVE,0.999692440032959,other
all of you have to go to the bank and fill in forms and get a pin,5,2014-11-29,CBE,Google Play Store,NEGATIVE,0.999091386795044,other
Found it very helpful,4,2014-11-28,CBE,Google Play Store,POSITIVE,0.9997076392173767,customer_support
"no one can ever get it work.  Completely unfinished app. please complete all the path.  it is more useful when it is a whole app.. This is a waste of time. guys, Don't download it.  I like the idea though.",2,2014-11-23,CBE,Google Play Store,NEGATIVE,0.9989519119262695,other
money transfer,5,2014-11-19,CBE,Google Play Store,NEGATIVE,0.9640114903450012,transactions
I don't like it just because it's limitation it's  not working  abroad and it doesn't give you the authentication numbers and also its only in English why not amharic,1,2014-10-21,CBE,Google Play Store,NEGATIVE,0.9974052309989929,other
"It's awesome software, but sometimes it completely doesn't work. But still it's nice to start thinking like that as a developing country.....better tomorrow!",4,2014-10-17,CBE,Google Play Store,POSITIVE,0.999180018901825,other
it is so nice try to use it.,5,2014-10-15,CBE,Google Play Store,POSITIVE,0.9973324537277222,other
Best apps fore bissneses Man.,5,2014-10-15,CBE,Google Play Store,POSITIVE,0.9918398857116699,other
I cant explain my feeling itso good iliked it thanks,4,2014-10-09,CBE,Google Play Store,POSITIVE,0.9994556307792664,other
All services not available on my phone.,4,2014-09-28,CBE,Google Play Store,NEGATIVE,0.9987918734550476,customer_support
Yes!Yes!Yes! I loved it very much because of they gave me fast service to obtain mobile banking service and ATM service.,5,2014-09-25,CBE,Google Play Store,POSITIVE,0.9998226761817932,"performance, customer_support"
It good  application! Thanks !,3,2014-09-25,CBE,Google Play Store,POSITIVE,0.9998619556427002,other
Etv,1,2014-09-23,CBE,Google Play Store,POSITIVE,0.8249005675315857,other
Ato.Mussie Yohannes,4,2014-09-13,CBE,Google Play Store,POSITIVE,0.993493378162384,other
I love  this app it's  so cool  and time  saving but poor  method of authorization  key delivery  method,5,2014-09-13,CBE,Google Play Store,NEGATIVE,0.9988303780555725,other
It's nice I like it,4,2014-09-11,CBE,Google Play Store,POSITIVE,0.9998660087585449,other
Lov it,5,2014-09-08,CBE,Google Play Store,POSITIVE,0.9991973042488098,other
thanks!!,5,2014-09-06,CBE,Google Play Store,POSITIVE,0.9998160004615784,other
Any one pls tell me how to use mobile banking from overseas,5,2014-08-31,CBE,Google Play Store,NEGATIVE,0.9869308471679688,other
Help me to get an authorization code as soon as possible please!,2,2014-08-27,CBE,Google Play Store,NEGATIVE,0.9519110918045044,customer_support
After some step it is not functioning!,3,2014-08-26,CBE,Google Play Store,NEGATIVE,0.9998028874397278,other
User friendly!,5,2014-08-20,CBE,Google Play Store,POSITIVE,0.9941344857215881,ui_ux
But what is download authorization code???,3,2014-08-20,CBE,Google Play Store,NEGATIVE,0.9982736110687256,other
I love it.,5,2014-08-07,CBE,Google Play Store,POSITIVE,0.9998767375946045,other
Costamer,4,2014-08-03,CBE,Google Play Store,POSITIVE,0.9944397211074829,other
I what add bot i dot now cod,1,2014-07-31,CBE,Google Play Store,NEGATIVE,0.9951733946800232,other
It was so cool and I love it,5,2014-07-17,CBE,Google Play Store,POSITIVE,0.9998829364776611,other
CBE is really the bank we rely on.,5,2014-07-15,CBE,Google Play Store,POSITIVE,0.9976351261138916,other
Jasmin Rongcales.Taylor,5,2014-07-12,CBE,Google Play Store,POSITIVE,0.9758719801902771,other
Enas mohammed,5,2014-06-14,CBE,Google Play Store,POSITIVE,0.961367666721344,other
LIKE !!!,5,2014-06-13,CBE,Google Play Store,POSITIVE,0.9993576407432556,other
It is always good to make services easier. Go CBE.,5,2014-06-10,CBE,Google Play Store,POSITIVE,0.9991705417633057,customer_support
To fast,5,2014-06-02,CBE,Google Play Store,POSITIVE,0.9978535771369934,performance
Wow very nice but how con working,5,2014-05-23,CBE,Google Play Store,POSITIVE,0.9341846108436584,other
Nice startup.,3,2014-05-08,CBE,Google Play Store,POSITIVE,0.9998303651809692,other
I think it is good for all.,4,2014-05-07,CBE,Google Play Store,POSITIVE,0.9997573494911194,other
Need,5,2014-04-30,CBE,Google Play Store,NEGATIVE,0.5298734903335571,other
Very good but not i know using,4,2014-04-14,CBE,Google Play Store,POSITIVE,0.9939044117927551,other
I love my cbe,4,2014-04-07,CBE,Google Play Store,POSITIVE,0.999862551689148,other
Its very bsst app,5,2014-04-06,CBE,Google Play Store,NEGATIVE,0.7392140030860901,other
It  is good,4,2014-03-29,CBE,Google Play Store,POSITIVE,0.9998494386672974,other
Nice to see U leading...,5,2014-03-25,CBE,Google Play Store,POSITIVE,0.9997896552085876,other
"It says that Once you download the application, you can get Authorization code and PIN from your CBE Branch at any time.  Have downloaded the application and Authorization code should be available at the time of downloading instantly.  Instructions should be clear.  Once we can log in to the system, we can comment more but for now we can only say what I have experienced",3,2014-03-24,CBE,Google Play Store,NEGATIVE,0.9816601276397705,other
Please keep upgrading. We thank you.,1,2014-03-20,CBE,Google Play Store,POSITIVE,0.9998589754104614,other
good application how can I get authorization code for CBE application for used,5,2014-03-18,CBE,Google Play Store,POSITIVE,0.9909324645996094,other
God is love.,5,2014-03-09,CBE,Google Play Store,POSITIVE,0.9998632669448853,other
Wish they made ut easier to get the initial codes tho.,5,2014-03-08,CBE,Google Play Store,NEGATIVE,0.9992986917495728,other
Du,5,2014-03-07,CBE,Google Play Store,NEGATIVE,0.9543794393539429,other
Not recive the code,4,2014-03-05,CBE,Google Play Store,NEGATIVE,0.9976456761360168,other
How I get the aut.code?,5,2014-03-04,CBE,Google Play Store,NEGATIVE,0.9991065859794617,other
"it is very cool app ti me, but unfinished description and guide yet! .",2,2014-03-03,CBE,Google Play Store,NEGATIVE,0.7114095091819763,other
zola,5,2014-02-28,CBE,Google Play Store,POSITIVE,0.9968421459197998,other
God is love,5,2014-02-27,CBE,Google Play Store,POSITIVE,0.9998513460159302,other
Unable to get auth key,4,2014-02-27,CBE,Google Play Store,NEGATIVE,0.9996441602706909,other
As wr wb,5,2014-02-26,CBE,Google Play Store,NEGATIVE,0.9528068900108337,other
Cbe where a good access,1,2014-02-25,CBE,Google Play Store,POSITIVE,0.9992678761482239,login_issues
Really I am more appreciate your work. It is a nice application.,3,2014-02-24,CBE,Google Play Store,POSITIVE,0.9998306035995483,other
The  bank thats realy gives a better service,5,2014-02-24,CBE,Google Play Store,NEGATIVE,0.5419251918792725,customer_support
Good idea,5,2014-02-23,CBE,Google Play Store,POSITIVE,0.9998435974121094,other
Authorization code i don't know how to get it anyone out there please help,4,2014-02-22,CBE,Google Play Store,NEGATIVE,0.9988975524902344,customer_support
its good,5,2014-02-22,CBE,Google Play Store,POSITIVE,0.9998385906219482,other
can any one explain me how this thing work? currently I am a mobile banking service user and I have installed this app. but whenever I start the app it requests for download authorization key.  where and how can I get this key?  Thanks,1,2014-02-20,CBE,Google Play Store,NEGATIVE,0.991179883480072,customer_support
It might be good,3,2014-02-19,CBE,Google Play Store,POSITIVE,0.9993724226951599,other
it's ok letst tecnologey.,4,2014-02-17,CBE,Google Play Store,NEGATIVE,0.9988667964935303,other
it's not working,3,2025-06-05,BOA,Google Play Store,NEGATIVE,0.9997857213020325,other
"Hello, I’m facing a problem with the BOA Mobile app. Every time I enter my phone number and password, the app crashes and shows an error that says “BoaMobile closed because this app has a bug.” I tried updating, reinstalling, and clearing cache, but nothing worked. Please fix this bug in the next update. I really need access to my account. Thank you.",1,2025-06-03,BOA,Google Play Store,NEGATIVE,0.9994151592254639,"login_issues, bugs"
exceptional,5,2025-06-03,BOA,Google Play Store,POSITIVE,0.9998514652252197,other
BoA Mobile good bank,5,2025-06-02,BOA,Google Play Store,POSITIVE,0.9984728693962097,other
this is worest app 24/7 loading,1,2025-06-01,BOA,Google Play Store,NEGATIVE,0.9934743046760559,other
This App is not interest for Android phone Please update it .,1,2025-06-01,BOA,Google Play Store,NEGATIVE,0.9971383810043335,other
BoA system is confartable,5,2025-06-01,BOA,Google Play Store,NEGATIVE,0.9980142116546631,other
"this app, for me , is a waste of time. It doesn't work . I can't even long in, and it really piss me off. FIX THE PROBLEM",1,2025-05-27,BOA,Google Play Store,NEGATIVE,0.9998049139976501,other
Good service.,3,2025-05-25,BOA,Google Play Store,POSITIVE,0.9998533725738525,customer_support
the app crush frequently,1,2025-05-24,BOA,Google Play Store,NEGATIVE,0.998525083065033,other
You guys keeps getting worst,1,2025-05-22,BOA,Google Play Store,NEGATIVE,0.9997075200080872,other
"This app is a joke. It crashes more than it works, takes forever to load, and half the features are just decorative at this point. Can’t log in, can’t transfer money, can’t even check my balance without it bugging out. To the developer: Are you actually trying to make this work, or is this some kind of social experiment to test our patience? Did you build this in your sleep? Because it definitely looks like it. If this is your idea of a functional app, maybe consider a different career path🙏",1,2025-05-21,BOA,Google Play Store,NEGATIVE,0.9990266561508179,"transactions, bugs"
BoA,2,2025-05-20,BOA,Google Play Store,NEGATIVE,0.74104905128479,other
but not opening on android,4,2025-05-19,BOA,Google Play Store,NEGATIVE,0.9952228665351868,other
Worst App ever. Totally unreliable. And it didn't work at all for the last 4 months.,1,2025-05-18,BOA,Google Play Store,NEGATIVE,0.9997984766960144,other
ሞላዬ ከበደ,5,2025-05-14,BOA,Google Play Store,NEGATIVE,0.7850580215454102,other
"this app does no work on Samsung a51, it just gives a preview of the logo",1,2025-05-11,BOA,Google Play Store,NEGATIVE,0.9992283582687378,other
"i entered incorrect security question by mistake boa app lock pin forever, why is there no other options? ?? i contacted different branchs more then 4times but they didn't able to solve this issue .",5,2025-05-10,BOA,Google Play Store,NEGATIVE,0.9994921684265137,other
liking this application good 👍,5,2025-05-07,BOA,Google Play Store,POSITIVE,0.9996829032897949,other
"This app future is good, but there is problems with apps to reset and activate it, which is difficult even to the branch staffs, and it takes too long times to active at the branch plus most of the time high expected failure of activation after process at the counter and OTP sent not work",1,2025-05-06,BOA,Google Play Store,NEGATIVE,0.9989790916442871,other
it's really good 👍,5,2025-04-23,BOA,Google Play Store,POSITIVE,0.9998701810836792,other
Bad app . it stuck when you open and noting WORKS.,1,2025-04-23,BOA,Google Play Store,NEGATIVE,0.9995198249816895,other
"the app isn't working after it asked me the password it starts loading, but it doesn't open",3,2025-04-20,BOA,Google Play Store,NEGATIVE,0.9997255206108093,login_issues
It keeps showing this pop up to turn off developer options even tho it's off! I had to turn on and then off to make it work! This is a horrible experience and needs a fix asap! Plus kinda slow.,1,2025-04-19,BOA,Google Play Store,NEGATIVE,0.9996699094772339,performance
yideg,1,2025-04-18,BOA,Google Play Store,NEGATIVE,0.7675834894180298,other
አይከፍትም እኮ,1,2025-04-17,BOA,Google Play Store,NEGATIVE,0.7850580215454102,other
great boa,5,2025-04-10,BOA,Google Play Store,POSITIVE,0.9992689490318298,other
boa of mobile backing,5,2025-04-09,BOA,Google Play Store,NEGATIVE,0.980626106262207,other
faster bank of Abissinya,5,2025-04-08,BOA,Google Play Store,POSITIVE,0.9722140431404114,performance
i would have given it a lower if it was possible because it crush so much and it take the bank so long to fix the bug,1,2025-04-08,BOA,Google Play Store,NEGATIVE,0.9996716976165771,bugs
it just doesn't work...so frustrating,1,2025-04-07,BOA,Google Play Store,NEGATIVE,0.999774158000946,other
like,5,2025-04-06,BOA,Google Play Store,POSITIVE,0.9910564422607422,other
it's not work correctly... you must have update it,1,2025-04-06,BOA,Google Play Store,NEGATIVE,0.9998013377189636,other
"the app gets a considerable improvements like language , QR scanner and unlimited transfers survice. but BOA Please do alot on its fastness and convenient when we login and making a transactions.",5,2025-04-04,BOA,Google Play Store,POSITIVE,0.9575355648994446,"login_issues, performance, transactions"
after i typed in my password it says successfully logged out ...and goes back to the first page,2,2025-04-04,BOA,Google Play Store,NEGATIVE,0.5856828093528748,login_issues
good but they don't update enough don't add new things,3,2025-04-04,BOA,Google Play Store,NEGATIVE,0.9693677425384521,other
it doesn't work period z slowest mobile banking ever i would rather use *815#,1,2025-04-01,BOA,Google Play Store,NEGATIVE,0.9990907907485962,performance
"after activated the application it not allowed to sign , automatically it is turn off In my phone, why ?",1,2025-03-31,BOA,Google Play Store,NEGATIVE,0.9973752498626709,other
this version is not working for me I cannot even buy card. I cannot send money,1,2025-03-30,BOA,Google Play Store,NEGATIVE,0.9995684027671814,transactions
"It can't actively on initialization, it says incorrect OTP getting the exact OTP",1,2025-03-29,BOA,Google Play Store,NEGATIVE,0.9996182918548584,other
always problematic hardly works,1,2025-03-26,BOA,Google Play Store,NEGATIVE,0.9995555281639099,other
considering the fact the bank is huge this app really bad you could do better,1,2025-03-25,BOA,Google Play Store,NEGATIVE,0.9997418522834778,other
"worst app and Bank ever u be ashamed, scammer",1,2025-03-24,BOA,Google Play Store,NEGATIVE,0.9998050332069397,other
great BoA,5,2025-03-22,BOA,Google Play Store,POSITIVE,0.9992689490318298,other
i have went to the bank so many times because i couldn't make any transaction i can only see my balance nothing else so what is the point of having mobile banking if i can't make any transaction with it please work in that,1,2025-03-21,BOA,Google Play Store,NEGATIVE,0.9988333582878113,transactions
there is no speed,1,2025-03-19,BOA,Google Play Store,NEGATIVE,0.9994422793388367,performance
"For anyone who wants to download it, just don't!!!",1,2025-03-19,BOA,Google Play Store,NEGATIVE,0.9993981122970581,other
wonderful,5,2025-03-19,BOA,Google Play Store,POSITIVE,0.9998772144317627,other
all worck,5,2025-03-19,BOA,Google Play Store,NEGATIVE,0.9971314668655396,other
"Edit: New bug, app not letting me type in my otp codes. Shameful Why does this app not allow me to use it while having developer options on? Did y'all consider that I might, perhaps, be an actual developer? Why am I expected to toggle the option on and off just to bank (restarting my phone when I do)? Why is the message labled as somthing that will ""smoothen"" the experience? This is like the most ""security consultant"" thing to implement in an app. Please invest in actual security, not this mess.",1,2025-03-12,BOA,Google Play Store,NEGATIVE,0.9985970854759216,bugs
Improved to be the best,5,2025-03-11,BOA,Google Play Store,POSITIVE,0.9998570680618286,other
"Decent, but there problems sometimes it says error When i transfer money but infact it transferred because of this bug i transferred 2 times instead of 1 and also we can't transfer money to others telebirr acc we only can to our self BOE Dev fix this !!!",3,2025-03-11,BOA,Google Play Store,NEGATIVE,0.9974843263626099,"transactions, bugs"
BoA Greqt Ethiopian bank.,5,2025-03-11,BOA,Google Play Store,NEGATIVE,0.845771849155426,other
"The bug is still there,the app crashes every time i try to log in, especially in old phones like my Galaxy A32",1,2025-03-10,BOA,Google Play Store,NEGATIVE,0.9994600415229797,bugs
Almost better compared to cbe where it is not qualified for,4,2025-03-09,BOA,Google Play Store,NEGATIVE,0.9741679430007935,other
what awesome apps. it is very simple to use and more much important apps.,5,2025-03-09,BOA,Google Play Store,POSITIVE,0.9998214840888977,other
Wonderfull app,5,2025-03-08,BOA,Google Play Store,POSITIVE,0.9998815059661865,other
i can't use this app why?,5,2025-03-07,BOA,Google Play Store,NEGATIVE,0.9993101358413696,other
Worst mobile banking app I ever experienced I was blaming other apps but comparing with this they're too much better!!!! It clashes it takes much longer time to login while loading in short it's a complete of trash,1,2025-03-06,BOA,Google Play Store,NEGATIVE,0.9997013211250305,login_issues
bro the worst app made by human kind!! as a software engineer it make me so sad seeing enterprise as big as BOA make apps like this. it is a disgrace for our country!!,1,2025-03-05,BOA,Google Play Store,NEGATIVE,0.9998133778572083,other
AGA B Girja Miss language of admin Afaan oromo & other Itoophiyaa languages,1,2025-03-04,BOA,Google Play Store,NEGATIVE,0.9959415793418884,other
"I downloaded the app for the first time while reading other customers reviews and as soon as i installed and opened the app it closes back automatically, what unserious bank, now i uninstalled the app immediately",1,2025-03-03,BOA,Google Play Store,NEGATIVE,0.9916398525238037,other
It has good features but sometimes it doesn't work...0,1,2025-03-02,BOA,Google Play Store,NEGATIVE,0.9956711530685425,other
Very poor proformance,1,2025-03-01,BOA,Google Play Store,NEGATIVE,0.9998043179512024,other
It's not opening. Really frustrating,1,2025-03-01,BOA,Google Play Store,NEGATIVE,0.9997020363807678,other
Verry Amazing App from all IB,5,2025-03-01,BOA,Google Play Store,POSITIVE,0.9997394680976868,other
Not working on this days,1,2025-02-26,BOA,Google Play Store,NEGATIVE,0.9972773194313049,other
Thank you BoA,5,2025-02-23,BOA,Google Play Store,POSITIVE,0.9998399019241333,other
best banking app in the wworld,5,2025-02-22,BOA,Google Play Store,POSITIVE,0.999572217464447,other
Nice app and it's easy to use,5,2025-02-21,BOA,Google Play Store,POSITIVE,0.999751627445221,other
"please add language in the apps setting(amharic afan oromo, tigniya,and others) sometimes bank to bank transfer is not available through time and even if if it is available not reachable…it is serious issue!",1,2025-02-15,BOA,Google Play Store,NEGATIVE,0.9992678761482239,transactions
This is help full i like ittttt,5,2025-02-14,BOA,Google Play Store,POSITIVE,0.9977995753288269,customer_support
The is not functional at all?,2,2025-02-12,BOA,Google Play Store,NEGATIVE,0.9997331500053406,other
Best bank,5,2025-02-08,BOA,Google Play Store,POSITIVE,0.9997438788414001,other
Make it easy and convienient to use and perfect for all to high prefrence and choice.,3,2025-02-07,BOA,Google Play Store,POSITIVE,0.9997236132621765,other
🇪🇹🇪🇹🇪🇹🇪🇹🇪🇹🇪🇹👍👍👍👍👍👍👍,5,2025-02-04,BOA,Google Play Store,NEGATIVE,0.6970561742782593,other
I have been using this app for two years.It is amazing.,5,2025-02-01,BOA,Google Play Store,POSITIVE,0.9998595714569092,other
Sad experience,1,2025-01-30,BOA,Google Play Store,NEGATIVE,0.9990687966346741,other
Always do update and that is annoying,3,2025-01-27,BOA,Google Play Store,NEGATIVE,0.9994439482688904,other
"Best app, somehow waiting a few minutes",5,2025-01-23,BOA,Google Play Store,NEGATIVE,0.6387037038803101,other
I can't dijitalize my atm in the apollo app on my phone,1,2025-01-22,BOA,Google Play Store,NEGATIVE,0.9946038126945496,other
Whenever I try to sign in app close please fixed it out,2,2025-01-21,BOA,Google Play Store,NEGATIVE,0.9976609945297241,other
Beter,5,2025-01-21,BOA,Google Play Store,POSITIVE,0.6771950125694275,other
Boa,4,2025-01-18,BOA,Google Play Store,NEGATIVE,0.74104905128479,other
በጣም የሚያስጠላ አፕ በጣም የወረደ ዜሮ ነው የምሰጠው ዘሮ It's not App it's very slow ehhhh. Why don't you upgrade the app???? It's always zero,1,2025-01-18,BOA,Google Play Store,NEGATIVE,0.9979276657104492,performance
Aadan Axmed Barkhadle,5,2025-01-17,BOA,Google Play Store,POSITIVE,0.6127505898475647,other
😡😡😡🤬🤬🤬,1,2025-01-16,BOA,Google Play Store,NEGATIVE,0.6970561742782593,other
Horrible customer service and app crashes Horrible!!,1,2025-01-15,BOA,Google Play Store,NEGATIVE,0.9997913241386414,"customer_support, bugs"
It keeps asking me to turn off developer mode even when dev mode is off. Couldn't use it.,1,2025-01-13,BOA,Google Play Store,NEGATIVE,0.9985793828964233,other
Good🙏,5,2025-01-12,BOA,Google Play Store,NEGATIVE,0.6970561742782593,other
Like to much,5,2025-01-11,BOA,Google Play Store,POSITIVE,0.9997984766960144,other
I was using this app for long time it amazing user friendly UI but the i can't found for get pin button in the app,3,2025-01-07,BOA,Google Play Store,NEGATIVE,0.9016605615615845,ui_ux
Great 👍,5,2025-01-04,BOA,Google Play Store,POSITIVE,0.9997692704200745,other
Fast and suitable for the customers.,5,2025-01-04,BOA,Google Play Store,POSITIVE,0.9997920393943787,performance
Good app and helpful,5,2025-01-03,BOA,Google Play Store,POSITIVE,0.9998565912246704,customer_support
"I will give only one star, because it faced with multiple of problems. 1. The app is not as fast as the other banks App, for e.g like CBE 2. The App asks repeatedly to switch off developer options, even if it is switched off. 3. Bank of Abyssinia's services are interesting, but they ignored the issues on the App service. 4. Most customers gave a complain on the App, but no one accept their complain to fix the issue. 5. Lastly, I will not recommend the App unless the issue has been solved ASAP!!",1,2025-01-03,BOA,Google Play Store,NEGATIVE,0.9978498220443726,"performance, customer_support"
By assessing this you can tell Abyssinia bank has no idea what mobile banking is ?,1,2025-01-02,BOA,Google Play Store,NEGATIVE,0.9992759823799133,other
It doesn't work at all.,2,2025-01-02,BOA,Google Play Store,NEGATIVE,0.9997771382331848,other
this app is not available,1,2025-01-02,BOA,Google Play Store,NEGATIVE,0.9997593760490417,other
Wow what amazing,5,2024-12-30,BOA,Google Play Store,POSITIVE,0.9998555183410645,other
love it,5,2024-12-30,BOA,Google Play Store,POSITIVE,0.9998753070831299,other
በጣም መሻሻል አለበት....... ለ ባንኩ ማይመጥን መተግበርያ ነው ::,2,2024-12-30,BOA,Google Play Store,NEGATIVE,0.9733066558837891,other
Lemn embi yilal??,5,2024-12-30,BOA,Google Play Store,NEGATIVE,0.9906971454620361,other
It's useless app downgraded.,1,2024-12-29,BOA,Google Play Store,NEGATIVE,0.9998070597648621,other
Why is not letting me access my account. The whole point of this app is for me to gey access to my account without physically being at the bank. I would give it a zero but a one will suffice to get my point accross.,1,2024-12-27,BOA,Google Play Store,NEGATIVE,0.7652321457862854,login_issues
When are you going to get rid of this and have a real app that works? By far the worst mobile banking app.,1,2024-12-24,BOA,Google Play Store,NEGATIVE,0.9997933506965637,other
አይሰራም ሼም ነው፤,1,2024-12-23,BOA,Google Play Store,NEGATIVE,0.8616323471069336,other
Not that much bad,3,2024-12-22,BOA,Google Play Store,POSITIVE,0.9988158941268921,other
The dirtiest application ever seen...,1,2024-12-20,BOA,Google Play Store,NEGATIVE,0.9954877495765686,other
Nic ap,5,2024-12-19,BOA,Google Play Store,POSITIVE,0.9873362183570862,other
The forest app ever,1,2024-12-19,BOA,Google Play Store,POSITIVE,0.9840954542160034,other
"I love BoA more than anyone but they are cursed when it comed to mobile banking. Even though this ine is hetter it still s*cks! It will ask me to turn off developer options other wise it won't work! I use CBE, Awash birr, tekebirr, Dashen bank and others but non of them asked me this, why only BoA? Please improve your mobile banking, be competitive!",1,2024-12-19,BOA,Google Play Store,NEGATIVE,0.9967040419578552,other
Bank of abissena,1,2024-12-17,BOA,Google Play Store,POSITIVE,0.9480117559432983,other
"Easy and sooo simple to use it, also its easy to stole someones money using the app",3,2024-12-16,BOA,Google Play Store,NEGATIVE,0.9888866543769836,other
The worst banking app ever. Never works!,1,2024-12-14,BOA,Google Play Store,NEGATIVE,0.9998007416725159,other
Poorly functioning app,3,2024-12-13,BOA,Google Play Store,NEGATIVE,0.999775230884552,other
Your system is the worst you should do better😡😡😡😡😡😡,2,2024-12-11,BOA,Google Play Store,NEGATIVE,0.9998007416725159,other
It has been a while since you guys started giving the mobile app service but still couldn't get it to work. I'm sure you know that it doesn't work already but not sure if you're lazy or incompetent to fix it. You are losing business because of this. Complacency will have consequences.,1,2024-12-10,BOA,Google Play Store,NEGATIVE,0.9997615218162537,customer_support
"This is the best app; many features are awesome, but it should work without the need to turn off the developer options. I'm tired of having to constantly switch the developer options off and on. I've been expressing my struggles about this. I have precious settings enabled in the developer options, and to open the App Boa app, I have to turn them off. Please help us, Abyssinia Bank. I hope you can provide an update soon.",4,2024-12-08,BOA,Google Play Store,POSITIVE,0.9543284177780151,customer_support
"I’m giving this app one star because there are no options below that. My experience has been incredibly frustrating due to the extremely long loading times, and the app even closes automatically at times. People choose mobile banking for its convenience, but this app is far too time-consuming, making it the worst I’ve used. I hope improvements are made to enhance the user experience.",1,2024-12-07,BOA,Google Play Store,NEGATIVE,0.9997000694274902,other
Very unprofessional and mischievous bank in my opinion. I have had several occasions but recently I used Abyssinia Card to withdraw money and it was deducted from my account but despite reporting several times they said they are processing it but I learned yesterday that since it has been 3 months the bank has decided to include it in their income. How absurd. If you can avoid this bank.,1,2024-12-06,BOA,Google Play Store,NEGATIVE,0.9941067695617676,login_issues
It doesn't work on my 2 devices A05 and A34 😡,1,2024-12-02,BOA,Google Play Store,NEGATIVE,0.9996792078018188,other
It's better to say I don't use boa rather than pulling your phone out and opening this app,1,2024-12-01,BOA,Google Play Store,NEGATIVE,0.9981752634048462,other
My attention is very important because it will be the most difficult time for me,5,2024-11-30,BOA,Google Play Store,POSITIVE,0.992617666721344,other
"I have a worst experience while using this mobile application through out the year. Most of the time it fails to ""Login"" or automatically closed the app. And also it takes so much loading time (5 minutes +) trying to access the internal services. Sometimes also while transferring within and to other bank also fails. So, BOA please fix your app.",1,2024-11-29,BOA,Google Play Store,NEGATIVE,0.9998001456260681,"login_issues, transactions, customer_support"
I don't know why but your apps start out great then all of a sudden don't work🤷‍♀️,1,2024-11-28,BOA,Google Play Store,POSITIVE,0.8064269423484802,other
This application is losing major factions on a daily basis. I can count how many times I have used this app; it is completely useless and disappointing if I am not going to use it in times of need then I don't see the point.,1,2024-11-28,BOA,Google Play Store,NEGATIVE,0.9997996687889099,other
exellent digital transaction of money,5,2024-11-27,BOA,Google Play Store,NEGATIVE,0.9944479465484619,transactions
The latest update has stopped android 9 phones not to open this App. Never work properly since i started using it.,1,2024-11-26,BOA,Google Play Store,NEGATIVE,0.9997497200965881,other
Money,5,2024-11-24,BOA,Google Play Store,POSITIVE,0.9659326076507568,other
It needs more improvment,2,2024-11-24,BOA,Google Play Store,NEGATIVE,0.998616099357605,other
Hey Google,5,2024-11-21,BOA,Google Play Store,POSITIVE,0.9950045943260193,other
ab,3,2024-11-20,BOA,Google Play Store,POSITIVE,0.9603197574615479,other
Ademtahir,5,2024-11-20,BOA,Google Play Store,POSITIVE,0.9930111765861511,other
✌️✌️,5,2024-11-20,BOA,Google Play Store,NEGATIVE,0.6970561742782593,other
Please this app on my android phone,3,2024-11-20,BOA,Google Play Store,POSITIVE,0.6488661766052246,other
GOAT 🐐 🐐,5,2024-11-19,BOA,Google Play Store,NEGATIVE,0.9337347149848938,other
"Your app doesn't match your bank, the app is disaster, super slow. Please learn something from tele birr app.",1,2024-11-19,BOA,Google Play Store,NEGATIVE,0.9994460940361023,performance
"The worst app update ever. Why would you include the ""developer option off"" thing here? Why do you care? It is my phone my money, right? That is the reason why I switched to other banks. So either turn it off or everyone will discontinue their business one by one.",1,2024-11-17,BOA,Google Play Store,NEGATIVE,0.9998020529747009,other
One of the poorest mobile banking system,1,2024-11-13,BOA,Google Play Store,NEGATIVE,0.9997566342353821,other
❤❤❤❤❤❤,5,2024-11-12,BOA,Google Play Store,NEGATIVE,0.6970561742782593,other
Oene,5,2024-11-12,BOA,Google Play Store,POSITIVE,0.8278868198394775,other
i find it interesting specially in reciept downloading,1,2024-11-12,BOA,Google Play Store,POSITIVE,0.9981314539909363,other
it good,5,2024-11-12,BOA,Google Play Store,POSITIVE,0.9998427629470825,other
"This app crashes everytime, please fix it",1,2024-11-12,BOA,Google Play Store,NEGATIVE,0.9996472597122192,bugs
አንድ star ራሱ ይበዛበታል። i dont recomend to use this app also the bank,1,2024-11-12,BOA,Google Play Store,NEGATIVE,0.9964038133621216,other
I need a support the app is not working,5,2024-11-12,BOA,Google Play Store,NEGATIVE,0.9998034834861755,customer_support
Bast bank of ethiopia,5,2024-11-12,BOA,Google Play Store,POSITIVE,0.9978061318397522,other
very slow app. አቢሲኒያን ከሚያክል ባንክ የማይጠበቅ software app. ከቻላችሁ ሙሉ ለሙሉ እንደገና አሰሩት።በጣም ይመራያል ያሳፍራል።ለapp የወጣው ወጭ በሙስና የተበላ ነው የሚመስለው።,1,2024-11-12,BOA,Google Play Store,NEGATIVE,0.9990527033805847,performance
"thank you for your social services like, vertual banking, non touch ATM, Cadrless and withdrwal with out passbook...",5,2024-11-12,BOA,Google Play Store,POSITIVE,0.9878895878791809,customer_support
The worst App i have never seen like this before,1,2024-11-12,BOA,Google Play Store,NEGATIVE,0.999774158000946,other
Wweeeer,4,2024-11-12,BOA,Google Play Store,NEGATIVE,0.8910732269287109,other
Infinx,5,2024-11-12,BOA,Google Play Store,NEGATIVE,0.9042555689811707,other
This app is not available on all android versions and some times it is not functional.,1,2024-11-08,BOA,Google Play Store,NEGATIVE,0.9997187256813049,other
senayt Mesfin,4,2024-11-08,BOA,Google Play Store,POSITIVE,0.8874820470809937,other
Bad app vety bad.,1,2024-11-07,BOA,Google Play Store,NEGATIVE,0.9998058676719666,other
Abessnya Banke,5,2024-11-05,BOA,Google Play Store,NEGATIVE,0.9873653054237366,other
"The most useless app, I never expected such an irrelevant app from BOA. big shame!",1,2024-11-04,BOA,Google Play Store,NEGATIVE,0.9997209906578064,other
Okay,5,2024-11-03,BOA,Google Play Store,POSITIVE,0.9997709393501282,other
Professional on banking app,5,2024-11-01,BOA,Google Play Store,POSITIVE,0.9616296291351318,other
Has some nice interface but always freezes or slow to load .App developers please fix this issue.,3,2024-10-27,BOA,Google Play Store,NEGATIVE,0.993607759475708,"performance, ui_ux, bugs"
አይሰራም አስተካክሉት,5,2024-10-26,BOA,Google Play Store,NEGATIVE,0.7850580215454102,other
Please try another because this app doesn't feet the need of this generation,1,2024-10-25,BOA,Google Play Store,NEGATIVE,0.9962698221206665,other
Fast transfer,5,2024-10-24,BOA,Google Play Store,POSITIVE,0.9989985823631287,"performance, transactions"
"What's up I can't log in, what's wrong",5,2024-10-22,BOA,Google Play Store,NEGATIVE,0.9989662170410156,other
Amrumehamed,1,2024-10-21,BOA,Google Play Store,POSITIVE,0.6924061179161072,other
"Nice to meet you my proud bank in Ethiopia.. I'm a member of this bank, i need to solve my problem of international receiving money for me from my online digital working service's over the world please? I'm working a lot of international money.But i can't get direct in Ethiopia because of don't knowing the legal ways of getting money in Ethiopia please can I get and direct deposit with BoA please 🙏🙏🙏?",5,2024-10-18,BOA,Google Play Store,POSITIVE,0.968373715877533,customer_support
ደደገነሐ,5,2024-10-15,BOA,Google Play Store,NEGATIVE,0.6970561742782593,other
"Terrible Bank Experience It’s unbelievable that with all the modern technology, this bank still struggles with even basic transactions. The app constantly crashes, services are limited, and every time I try to transfer money or load Telebirr, there’s a huge delay. I have to wait 5 days for failed transactions to be refunded! Even USSD is unreliable. They’ve put me in embarrassing situations countless times, and customer care never fixes anything. I’ve switched banks, and you should too!",1,2024-10-14,BOA,Google Play Store,NEGATIVE,0.9995194673538208,"transactions, customer_support, bugs"
A painfully slow banking app service. Please don't make it your choice!,1,2024-10-13,BOA,Google Play Store,NEGATIVE,0.999660849571228,"performance, customer_support"
Best app to me,5,2024-10-11,BOA,Google Play Store,POSITIVE,0.9978218078613281,other
BOA,5,2024-10-11,BOA,Google Play Store,NEGATIVE,0.74104905128479,other
Abdulkadir,5,2024-10-11,BOA,Google Play Store,POSITIVE,0.981449544429779,other
If it is possible I would gove0 star,1,2024-10-08,BOA,Google Play Store,NEGATIVE,0.9928192496299744,other
Nise mobile bankig,4,2024-10-05,BOA,Google Play Store,NEGATIVE,0.9858755469322205,other
Overall good app but performance needs some improvement also sometimes when using instant other bank transfers it refuses causing to be repeated several times to transfer,4,2024-10-04,BOA,Google Play Store,NEGATIVE,0.9532793164253235,"performance, transactions"
Just make it work please🤣 this is embarrassing for a bank of your size,1,2024-10-04,BOA,Google Play Store,NEGATIVE,0.9992843270301819,other
Update to the simplest way it requires the developer option on and off why this is,5,2024-10-04,BOA,Google Play Store,NEGATIVE,0.998016357421875,other
"Stop telling me what to do with my phone, BOA. Why does your newly updated app keep asking me to disable the developer options? I’m not slowing down my phone just to use your God damn app. 🤮🤮🤮🤮",1,2024-10-04,BOA,Google Play Store,NEGATIVE,0.9964292645454407,performance
I'm living out of country how may I download and use mobile banking? It asks me the Ethiopia phone number and I can't receive text to confirm because I'm out side the country. So please lete know if I can use while I'm outside the country. Thanks,1,2024-10-04,BOA,Google Play Store,NEGATIVE,0.6597326397895813,other
Worest app,1,2024-10-03,BOA,Google Play Store,NEGATIVE,0.7789784073829651,other
አሪፍ ነው በርቱልን,5,2024-10-03,BOA,Google Play Store,NEGATIVE,0.8337246179580688,other
Wwwerrr,5,2024-10-02,BOA,Google Play Store,NEGATIVE,0.8502506017684937,other
ጀማል ውቀቱ,5,2024-09-30,BOA,Google Play Store,NEGATIVE,0.7850580215454102,other
Great For Financial company,5,2024-09-30,BOA,Google Play Store,POSITIVE,0.9998703002929688,other
The App's crash always.. Error.....,3,2024-09-27,BOA,Google Play Store,NEGATIVE,0.9996880292892456,bugs
This app is incredibly frustrating to use. It’s filled with issues that make it difficult to navigate and complete tasks efficiently. I’ve never encountered such a poorly designed banking application before. It needs significant improvements to enhance user experience. It deserves a vey low rating.,1,2024-09-26,BOA,Google Play Store,NEGATIVE,0.998582124710083,ui_ux
Great UI and seamless UX. I love it!!,5,2024-09-25,BOA,Google Play Store,POSITIVE,0.9998557567596436,other
That's too good application but try to add more alternatives and futures or possibilitys for your customers,3,2024-09-25,BOA,Google Play Store,NEGATIVE,0.9941336512565613,other
It's easy used to operate program and secured 👍👍,4,2024-09-25,BOA,Google Play Store,NEGATIVE,0.9652976989746094,other
I bought a mobile card on this app but I didn't receive it and it took my money and I didn't get my money back.,1,2024-09-21,BOA,Google Play Store,NEGATIVE,0.9994741082191467,other
Great app with great services,5,2024-09-19,BOA,Google Play Store,POSITIVE,0.9998226761817932,customer_support
Yes active user,5,2024-09-17,BOA,Google Play Store,POSITIVE,0.9983929991722107,other
Shameful,1,2024-09-17,BOA,Google Play Store,NEGATIVE,0.998016357421875,other
The worest app ever made i would not recommende for no one,1,2024-09-16,BOA,Google Play Store,NEGATIVE,0.5611283779144287,other
"How many hours should I wait after transferring money to telebirr, please do something about the transfer delay issue I need my money when ever.",1,2024-09-15,BOA,Google Play Store,NEGATIVE,0.9988893866539001,transactions
"BOA is unreasonably holding and delaying transactions for more than a day, even transactions within the same bank itself. This is a huge gap that I observed in BOA mobile banking. I didn't experience this kind of challenge while having transactions in other banks' mobile banking platforms. After waiting so long, I called your customer support team and the response they gave me was ""it was the system that holds the transaction & will be released on working days"". This is not totally fair.",1,2024-09-15,BOA,Google Play Store,NEGATIVE,0.9993953704833984,"transactions, customer_support"
የእርስዎን ተሞክሮ ይግለጹ (አማራጭ),5,2024-09-14,BOA,Google Play Store,NEGATIVE,0.8698036074638367,other
It's not working. It needs a big update. Can't you update the app quickly?,1,2024-09-14,BOA,Google Play Store,NEGATIVE,0.9997778534889221,other
"I am Aimohon Joel , It's can be Good for a Better Conversation in Time 🙂",3,2024-09-14,BOA,Google Play Store,NEGATIVE,0.9925205707550049,other
"Better app than most mobile apps, but why do I have to turn off developer option every time I wanna use the app?? It's annoying.",1,2024-09-13,BOA,Google Play Store,NEGATIVE,0.9993253946304321,other
Bes and freindly app,5,2024-09-13,BOA,Google Play Store,NEGATIVE,0.9136506915092468,other
It doesn't work.,1,2024-09-12,BOA,Google Play Store,NEGATIVE,0.9997761845588684,other
"It say ""The request was not successful. please check device connectivity or try again"" why? One of the bank manager told me it is because of my phone's android version which is 9.1 It is ridiculous! Disappointing",1,2024-09-11,BOA,Google Play Store,NEGATIVE,0.9997968077659607,other
How to download or screenshot of payment receipt...what kinda worst app ever 🤮🤮🤢,1,2024-09-11,BOA,Google Play Store,NEGATIVE,0.9998114705085754,transactions
Smart technology,5,2024-09-10,BOA,Google Play Store,POSITIVE,0.9998468160629272,other
Yegema app tish🪨,1,2024-09-08,BOA,Google Play Store,NEGATIVE,0.950188159942627,other
"This is not an appropriate app, i don't know how boa develops this app, i don't expect this much crazy and un confortable app form BOA, I'm soory!!!",1,2024-09-07,BOA,Google Play Store,NEGATIVE,0.9996864795684814,other
"Shockingly bad! Even when it decides to work, it's painfully slow and frustrating. Such a shame that it has become a stain on an extraordinary bank",1,2024-09-06,BOA,Google Play Store,NEGATIVE,0.9997275471687317,performance
"It crashes frequently. It launches on Android 8.1 but I don't think it actually works on versions less than 10. If so, it shouldn't be available for download by such devices to begin with, like many other finance apps are not. It was so much better three months ago, upgrades should be for the better.",1,2024-09-06,BOA,Google Play Store,NEGATIVE,0.999210000038147,bugs
Awesome application. But lately its crashing everytime i opened it.,4,2024-09-05,BOA,Google Play Store,NEGATIVE,0.9127686619758606,bugs
እጅም በጣም ደካማ አፕ ነው ሲፈልግ ይከፍታል ሲፈልግ አይከፍትም ከአዋሽ እና ንግድ ባንክ የመሳሰሉ ባንኮች ሲወዳደር ሞባይል ባንኪንግ App እጅግ የሚያበሳጭ ነው ለውጥ ያስፈልጋችኋል,1,2024-09-05,BOA,Google Play Store,NEGATIVE,0.9639248251914978,other
Fast one,3,2024-09-04,BOA,Google Play Store,POSITIVE,0.9994491934776306,performance
Nice looking app but a terrible user experience.,1,2024-09-03,BOA,Google Play Store,NEGATIVE,0.9958103895187378,other
The worest MB app ever!!🙄,1,2024-09-02,BOA,Google Play Store,NEGATIVE,0.8734648823738098,other
It is ok,5,2024-09-01,BOA,Google Play Store,POSITIVE,0.9998496770858765,other
Plz fix the Apps ....screenshot lovation hide from glarey share botten not work😔😔,1,2024-08-30,BOA,Google Play Store,NEGATIVE,0.9987314343452454,other
Apollo's,1,2024-08-29,BOA,Google Play Store,POSITIVE,0.9974138736724854,other
The worst experience ever,1,2024-08-29,BOA,Google Play Store,NEGATIVE,0.999792754650116,other
Hussenaliumar,5,2024-08-29,BOA,Google Play Store,NEGATIVE,0.6654506325721741,other
Hi I have problem with this App BOA mobile I don't know what is wrong with this App I did many times download but it's sam doesn't work if sam like that this app way I have to be customer with them how I know my account and checking save The book is no Not enough alone,1,2024-08-28,BOA,Google Play Store,NEGATIVE,0.999367892742157,login_issues
It is not work for my device,5,2024-08-27,BOA,Google Play Store,NEGATIVE,0.9997636675834656,other
"I'm Sick and tiered of enabling and disabling Developer Option Everytime I use this app. maybe you know it maybe you dont, fix it please it's anoying",1,2024-08-26,BOA,Google Play Store,NEGATIVE,0.9990233182907104,other
The worst app ever,1,2024-08-26,BOA,Google Play Store,NEGATIVE,0.9997934699058533,other
Betanya Gebre,3,2024-08-23,BOA,Google Play Store,POSITIVE,0.8911887407302856,other
I dont recommand it to any one,1,2024-08-23,BOA,Google Play Store,NEGATIVE,0.9855504035949707,other
"The application used to work well. But after updates I'm not able to use the forgot password feature, which is blocking me from accessing it as a whole.",1,2024-08-20,BOA,Google Play Store,NEGATIVE,0.9988825917243958,login_issues
ትርሃስ,5,2024-08-19,BOA,Google Play Store,NEGATIVE,0.6970561742782593,other
Gio,4,2024-08-19,BOA,Google Play Store,POSITIVE,0.9969680905342102,other
App isn't working,1,2024-08-18,BOA,Google Play Store,NEGATIVE,0.9995692372322083,other
so far good but always it lugs,3,2024-08-17,BOA,Google Play Store,NEGATIVE,0.9829469919204712,other
Don't trust this bank and its service.,1,2024-08-16,BOA,Google Play Store,NEGATIVE,0.9996311664581299,customer_support
"I can not open and use the application,please help me!",5,2024-08-15,BOA,Google Play Store,NEGATIVE,0.9995014667510986,customer_support
Horrible,1,2024-08-14,BOA,Google Play Store,NEGATIVE,0.9997841715812683,other
Mostly not working 😑,1,2024-08-14,BOA,Google Play Store,NEGATIVE,0.9995825886726379,other
Awesome 👌,5,2024-08-12,BOA,Google Play Store,POSITIVE,0.9998607635498047,other
"Despite the enhanced technology you have, the application doesn't work properly, and it asks for the developer option to be turned off, fix that.",3,2024-08-12,BOA,Google Play Store,NEGATIVE,0.9997915625572205,other
Very poor app b/c highly slow to open the app,1,2024-08-12,BOA,Google Play Store,NEGATIVE,0.9998080134391785,performance
Wedi Tekle .,5,2024-08-11,BOA,Google Play Store,NEGATIVE,0.8421277403831482,other
Bad app📱👎👎👎,1,2024-08-11,BOA,Google Play Store,NEGATIVE,0.9997676014900208,other
Dura nan fayyadaman ture amma garuu naaf hojjechaa hin jiru maaf?,5,2024-08-11,BOA,Google Play Store,NEGATIVE,0.9956488013267517,other
Nice appp,5,2024-08-11,BOA,Google Play Store,POSITIVE,0.9997910857200623,other
ሰላም አቢሲኒያዎች የሞባይል ባንኪንጋችሁ ተጠቃሚ ነኝ አገልግሎቱን ስላስጀመራችሁለን እናመሰግናለን። ነገር ግን አለፎ አልፎ የነበረው የማስፈንጠሪያው በአግባቡ አለመስራት አልፎ አልፎ ወደመስራት ተቀይሯል ድሮ እንደነበራችሁ እናውቃለን ዘንድሮም ብትኖሩልን እንመርጣለን *ከዘመን አንጉደል*,3,2024-08-10,BOA,Google Play Store,NEGATIVE,0.9521874785423279,other
Gooood app my dear,5,2024-08-10,BOA,Google Play Store,NEGATIVE,0.900593638420105,other
Harun tamam galanaa,3,2024-08-09,BOA,Google Play Store,NEGATIVE,0.9410602450370789,other
"A total disaster of an app. Always offline, never works, it's embarassing. I've lost hope and taken my business to a competitor",1,2024-08-08,BOA,Google Play Store,NEGATIVE,0.9998038411140442,other
Gamebela,1,2024-08-08,BOA,Google Play Store,POSITIVE,0.8994192481040955,other
so poor app to use can't start up when open the app,1,2024-08-08,BOA,Google Play Store,NEGATIVE,0.9997444748878479,other
"This app takes too long time to be opened. And even it is not working simply as other banks application. Why this app does not give a digital invoice. Even, I am not able to find where the screeshot is kept after transaction. So, please the developer should fix all these.",1,2024-08-07,BOA,Google Play Store,NEGATIVE,0.9987001419067383,transactions
"Worst app ever, not user friendly, even doesn't serve basic functionality correctly, takes to much time to login and navigate through the app, we expected more from this bank",1,2024-08-07,BOA,Google Play Store,NEGATIVE,0.9998094439506531,"login_issues, ui_ux"
Bad app .,1,2024-08-06,BOA,Google Play Store,NEGATIVE,0.9997915625572205,other
"I mean how could a big financial company like this, be this much irresponsible to release this app? You should be ashamed!",1,2024-08-06,BOA,Google Play Store,NEGATIVE,0.9994394183158875,other
Review,5,2024-08-06,BOA,Google Play Store,POSITIVE,0.9946893453598022,other
👎👎👎👎👎👎👎👎👎,1,2024-08-06,BOA,Google Play Store,NEGATIVE,0.6970561742782593,other
Is it necessary to switch off developer options every time to use mobile banking?🤔🤔😡😡😡,1,2024-08-04,BOA,Google Play Store,NEGATIVE,0.99793541431427,other
The previous version is better it doesn't work,1,2024-08-04,BOA,Google Play Store,NEGATIVE,0.9997755885124207,other
"I don't know what is wrong with BOA as a bank in general. It's been going backwards since last year or so. The app is a disaster to use in every possible way. Not stable to log in and very slow to perform transactions, couldn't take a screenshot (or can't even find the pictures even using its save screenshot option). Most of the time, it fails to perform transactions and so on. Simply, it's the worst!",1,2024-08-03,BOA,Google Play Store,NEGATIVE,0.9998201727867126,"performance, transactions"
"Take some note from CBE mobile banking app, it's the best banking app currently take some note and improve ur app . Sometimes u have to learn from the bests 🙌",1,2024-08-03,BOA,Google Play Store,POSITIVE,0.9958856701850891,other
It's a useless app,1,2024-08-02,BOA,Google Play Store,NEGATIVE,0.9998058676719666,other
"It's not working as it was , so much need to improve, it was the best but not anymore",2,2024-08-01,BOA,Google Play Store,NEGATIVE,0.9968530535697937,other
Poor network,1,2024-08-01,BOA,Google Play Store,NEGATIVE,0.9997891783714294,other
Not yet completely working this App. i don't know when is it will be working properly! Its Sad!!!,1,2024-07-31,BOA,Google Play Store,NEGATIVE,0.9993754029273987,other
The app does not open sometimes it says coonection issue which i dont have and after it opens it has bugs while using its not smooth to work with please improve it,1,2024-07-31,BOA,Google Play Store,NEGATIVE,0.9953023195266724,bugs
"It's not working totally, what a useless app is it,",1,2024-07-31,BOA,Google Play Store,NEGATIVE,0.9998171925544739,other
"This app has become the most troubling every day. It doesn't work. I love the bank, and I hate the app",1,2024-07-31,BOA,Google Play Store,NEGATIVE,0.9989368319511414,other
this is so disappointing app 😞,1,2024-07-31,BOA,Google Play Store,NEGATIVE,0.9998024106025696,other
አቢስኒያ የሁሉም ምርጫ,5,2024-07-29,BOA,Google Play Store,NEGATIVE,0.8337246179580688,other
it can't even open and only display error messages,1,2024-07-27,BOA,Google Play Store,NEGATIVE,0.9993472695350647,bugs
not active,1,2024-07-27,BOA,Google Play Store,NEGATIVE,0.999765932559967,other
To get good quality,5,2024-07-27,BOA,Google Play Store,POSITIVE,0.9998683929443359,other
አይሰራም እኮ ምንድን ነው ችግሩ?,1,2024-07-26,BOA,Google Play Store,NEGATIVE,0.9647620320320129,other
uselss app dont download,1,2024-07-26,BOA,Google Play Store,NEGATIVE,0.9977203011512756,other
"Is this app fake i try it not working it say please try again later, unable to make transactions what is the purpose of this app . If it is not working delete it",1,2024-07-25,BOA,Google Play Store,NEGATIVE,0.9997162222862244,transactions
"This app didn't work. They have a new version (new app) but still not compatible with my Samsung S8+ , which is v.funny.",1,2024-07-25,BOA,Google Play Store,NEGATIVE,0.9991223216056824,other
Corrupted and poor app,1,2024-07-24,BOA,Google Play Store,NEGATIVE,0.9997439980506897,other
When I try to use the application it says 'developer setting should be off' where is the setting to off this play Still doesn't work for me,3,2024-07-24,BOA,Google Play Store,NEGATIVE,0.9998012185096741,other
FIX YOUR Apollo!! You guys where the best 👌,1,2024-07-23,BOA,Google Play Store,POSITIVE,0.9994503855705261,other
Always slow and doesn't work on weekends if you are in a rush or a merchant this app is not for you,1,2024-07-23,BOA,Google Play Store,NEGATIVE,0.9994396567344666,performance
"It's very difficult to use the user, app,ones dawenload the user can't operate well , no one can help me,",1,2024-07-23,BOA,Google Play Store,NEGATIVE,0.9997815489768982,customer_support
Poor application. It turned off by itself,1,2024-07-23,BOA,Google Play Store,NEGATIVE,0.9997444748878479,other
It usually crashes and the reason it gives is a problem on internet connection although the internet was fine.,1,2024-07-23,BOA,Google Play Store,NEGATIVE,0.9991043210029602,bugs
we want international mobile banking,1,2024-07-22,BOA,Google Play Store,POSITIVE,0.958784282207489,other
"screenshot isn't working, Please modify it",2,2024-07-22,BOA,Google Play Store,NEGATIVE,0.9996084570884705,other
Naziriet measho 89160437,1,2024-07-22,BOA,Google Play Store,NEGATIVE,0.9862651228904724,other
Ahmed Mohammed husen,3,2024-07-21,BOA,Google Play Store,POSITIVE,0.9124155640602112,other
Is not working both this one and apollo did u make it better pls am gonne stop using this bank because of the mobile banking,1,2024-07-19,BOA,Google Play Store,NEGATIVE,0.9996222257614136,other
I have experiance,5,2024-07-19,BOA,Google Play Store,NEGATIVE,0.8070265650749207,other
The App is not working on Android 9.1 at all. It shows an error notification and forcefully closes the app. Must be fixed ASAP.,1,2024-07-19,BOA,Google Play Store,NEGATIVE,0.9997739195823669,bugs
Crashes very frequently is not stable overall need improvement such a huge bank needs a better app than the current one,1,2024-07-19,BOA,Google Play Store,NEGATIVE,0.999760091304779,bugs
ርይርፍ,3,2024-07-19,BOA,Google Play Store,NEGATIVE,0.6970561742782593,other
The previous application is much better than this one,1,2024-07-18,BOA,Google Play Store,POSITIVE,0.9991149306297302,other
"Worst app. It is wise to invest money and you can make it like CBE app. Even the incon has no image. My app has better UI than yours. So, please invest more and hire professional developer companies and improve it.",1,2024-07-18,BOA,Google Play Store,NEGATIVE,0.9994294047355652,other
It is not working at all,1,2024-07-16,BOA,Google Play Store,NEGATIVE,0.9997811913490295,other
The poorest mobile banking survice ever. Only error reports frequently,1,2024-07-16,BOA,Google Play Store,NEGATIVE,0.999705970287323,bugs
😞😞😞😞,1,2024-07-16,BOA,Google Play Store,NEGATIVE,0.6970561742782593,other
😡😡😡😡😡😡😡,1,2024-07-15,BOA,Google Play Store,NEGATIVE,0.6970561742782593,other
The worst banking app,1,2024-07-15,BOA,Google Play Store,NEGATIVE,0.9998050332069397,other
The app is constantly crashing and freezing when to send to BOA customers' accounts.,1,2024-07-15,BOA,Google Play Store,NEGATIVE,0.9988401532173157,"login_issues, bugs"
No work app,5,2024-07-15,BOA,Google Play Store,NEGATIVE,0.9968982934951782,other
Is ok but stop sundenly,5,2024-07-15,BOA,Google Play Store,POSITIVE,0.9309310913085938,other
🤷🤷🤷,3,2024-07-15,BOA,Google Play Store,NEGATIVE,0.6970561742782593,other
experienced,5,2024-07-14,BOA,Google Play Store,POSITIVE,0.9950610995292664,other
Very poor app. Its Always cresh and not compatible,2,2024-07-13,BOA,Google Play Store,NEGATIVE,0.999818742275238,other
"It's not functional at all. It keeps saying ""error"". Unable to activate.",1,2024-07-13,BOA,Google Play Store,NEGATIVE,0.9998112320899963,bugs
I can't believe that Abyssinia develop this kind of trash app it have a lot of issues 👎👎👎,1,2024-07-13,BOA,Google Play Store,NEGATIVE,0.9983154535293579,other
The new app is very good,5,2024-07-13,BOA,Google Play Store,POSITIVE,0.9998589754104614,other
It's very good but sometimes isn't work probably,5,2024-07-12,BOA,Google Play Store,NEGATIVE,0.9371026158332825,other
It doesn't work,1,2024-07-12,BOA,Google Play Store,NEGATIVE,0.9997813105583191,other
ጭራሽ አይነፋም,1,2024-07-12,BOA,Google Play Store,NEGATIVE,0.7850580215454102,other
"This is the most stupid app I've seen, why would I turn off developer mode just because you can't make your app secure, this clearly indicates the app has very poor implementation and unskilled developers.. There are a lot of people who need developer option for different reasons. Please for the sake of the bank, fix this thing... Even the most secure international banking apps don't require it. Not to mention the lag and crashes",1,2024-07-12,BOA,Google Play Store,NEGATIVE,0.9997655749320984,"performance, bugs"
The worst mobile banking app,1,2024-07-11,BOA,Google Play Store,NEGATIVE,0.9997923970222473,other
The app keeps crashing it stops responding while I'm using it or trying to open the app. Now I have to go to the bank in person to do any banking activities. In short it is the worst mobile banking system in Ethiopia,1,2024-07-11,BOA,Google Play Store,NEGATIVE,0.9997914433479309,bugs
ሀየ,5,2024-07-10,BOA,Google Play Store,NEGATIVE,0.6970561742782593,other
Too late!,1,2024-07-10,BOA,Google Play Store,NEGATIVE,0.9988941550254822,other
"Pretty good for a banking app, it still lacks some things with in the ui and with the speed of the app but overall it's a good application. Thank you 5/5👍🏻",5,2024-07-09,BOA,Google Play Store,POSITIVE,0.9995549321174622,performance
After update it doesn't work well,2,2024-07-09,BOA,Google Play Store,NEGATIVE,0.9996452331542969,other
Error occurred try again for 5 days tele birr user not found ለራሴ አዝዤ,1,2024-07-08,BOA,Google Play Store,NEGATIVE,0.9983060359954834,bugs
Good but Very slow.,1,2024-07-08,BOA,Google Play Store,POSITIVE,0.9877550005912781,performance
"It is so bad apps ,it doesn't work",1,2024-07-06,BOA,Google Play Store,NEGATIVE,0.9998026490211487,other
"From now on I will never going to use this app,It is a trash app.No one care about this app from bank I will rate them 0/5.",1,2024-07-06,BOA,Google Play Store,NEGATIVE,0.9991281628608704,other
It usually crashes and unable to process also it request to off the developer options,1,2024-07-05,BOA,Google Play Store,NEGATIVE,0.9996892213821411,bugs
Miliyone.,5,2024-07-05,BOA,Google Play Store,NEGATIVE,0.9675787687301636,other
Workneh girmamo,5,2024-07-05,BOA,Google Play Store,POSITIVE,0.9400016665458679,other
"I can't believe in this day and age, one of the major banks of the country can't seem to understand that having a working mobile payment option is a **MUST** to survive. I have decided to move my accounts to CBE and Awash because of this. Can't be bothered with this useless app.",1,2024-07-04,BOA,Google Play Store,NEGATIVE,0.9974097609519958,"login_issues, transactions"
Is it even working these days? Please check it.,1,2024-07-04,BOA,Google Play Store,POSITIVE,0.9892706871032715,other
"The app is essentially unusable, it asks to disable developer mode even when it is already disabled and crashes, sometimes it only works with wifi and sometimes only with data, or it crashes just because.......",1,2024-07-04,BOA,Google Play Store,NEGATIVE,0.9995259046554565,bugs
Please make it functional.,5,2024-07-03,BOA,Google Play Store,POSITIVE,0.9997920393943787,other
its best app but its don't working in poor connection area so,5,2024-07-03,BOA,Google Play Store,NEGATIVE,0.9705929756164551,other
Please Recover thank you,5,2024-07-02,BOA,Google Play Store,POSITIVE,0.9997314810752869,other
This app doesn't work,1,2024-06-30,BOA,Google Play Store,NEGATIVE,0.9997921586036682,other
"the app used to run fine, but now it takes like forever to even open the main dashboard and sometimes it just crashes on its own. you guys gotta step it up. we need this app to be way faster",1,2024-06-27,BOA,Google Play Store,NEGATIVE,0.9726091623306274,"performance, bugs"
the underrated app I've ever seen and ur banking system is Soo Idiocracy,1,2024-06-27,BOA,Google Play Store,NEGATIVE,0.9977184534072876,other
It demands to disable developer option.,1,2024-06-27,BOA,Google Play Store,NEGATIVE,0.9994282126426697,other
"It's been two months now, I cannot do any transaction using this app. It's really disappointing. I am using bank of Abyssinia currently because it's the nearest bank to my work place. The bank is turning to the worst bank in the country day by day. They always respond to customers that they are updating their system all year long, I think that's what they train their customer service operators to do.",1,2024-06-26,BOA,Google Play Store,NEGATIVE,0.9996359348297119,"transactions, customer_support"
Open Open service,5,2024-06-26,BOA,Google Play Store,POSITIVE,0.9997770190238953,customer_support
አፑ በጣም አስቸጋሪ ሆኗል,1,2024-06-25,BOA,Google Play Store,NEGATIVE,0.8616323471069336,other
Its not working.,1,2024-06-24,BOA,Google Play Store,NEGATIVE,0.9997856020927429,other
"Riddled with crashes, cant use it anymore. Very frustrating!",1,2024-06-20,BOA,Google Play Store,NEGATIVE,0.9994331002235413,bugs
Always error occured. The worst app ever,1,2024-06-20,BOA,Google Play Store,NEGATIVE,0.9997997879981995,bugs
ከዚህ ትልቅ ባንክ የማይጠበቅ ድንዝዝዝዝ ያለ App.... ዛግግግ ነው ያረገኝ 😡😡😡,1,2024-06-20,BOA,Google Play Store,NEGATIVE,0.9611338376998901,other
It's not convenient,1,2024-06-17,BOA,Google Play Store,NEGATIVE,0.9998067021369934,other
meskelu Metku,5,2024-06-17,BOA,Google Play Store,POSITIVE,0.8474329113960266,other
Verry nice,5,2024-06-17,BOA,Google Play Store,POSITIVE,0.9997273087501526,other
It has become the most unreliable mibile banking app ever.,1,2024-06-16,BOA,Google Play Store,NEGATIVE,0.999081015586853,other
"አኘልኬሽኑ በሁሉም ነገር ጥሩ ነዉ,ነገር ግን Network በጣም ነዉ እሚያስቸገረው",2,2024-06-13,BOA,Google Play Store,NEGATIVE,0.9465042948722839,other
The poorest mobile banking I have seen in the industry. Is not stable to login and post transactions. Is not attractive. Error reports frequently.,5,2024-06-13,BOA,Google Play Store,NEGATIVE,0.9998160004615784,"login_issues, transactions, bugs"
Really Bank,5,2024-06-12,BOA,Google Play Store,POSITIVE,0.9820581078529358,other
I like the the bank of Abyssinia is the best first bank of Ethiopia,1,2024-06-11,BOA,Google Play Store,POSITIVE,0.999809205532074,other
The app is not good need a few work,3,2024-06-11,BOA,Google Play Store,NEGATIVE,0.9997538924217224,other
"The worst mob app i have ever seen. Slow, uncomfortable and stupid. It is better to learn from the best app (tele birr). The released updates is even worst.",1,2024-06-11,BOA,Google Play Store,NEGATIVE,0.9997610449790955,performance
"Unreliable, expensive service. Most of the time, it is not working. Sometimes, it will take more than a day to complete transactions and charges more for this unworthy service. I will not recommend this bank app to anyone.",1,2024-06-10,BOA,Google Play Store,NEGATIVE,0.9994435906410217,"transactions, customer_support"
You are beutiful,5,2024-06-09,BOA,Google Play Store,NEGATIVE,0.8399383425712585,other
አይሰራም አፑ ለምንድነው,1,2024-06-06,BOA,Google Play Store,NEGATIVE,0.8337246179580688,other
Awful,1,2024-06-06,BOA,Google Play Store,NEGATIVE,0.9997954964637756,other
Developer option to be off really,1,2024-06-06,BOA,Google Play Store,NEGATIVE,0.9903939366340637,other
Good app boa,5,2024-06-06,BOA,Google Play Store,POSITIVE,0.9998428821563721,other
I'm disappointed with the recent changes to this app. Disabling developer options for functionality seems unnecessary. The previous version offered a more user-friendly experience.,1,2024-06-06,BOA,Google Play Store,NEGATIVE,0.9997298121452332,ui_ux
"Worest app, it cannot be downloaded",2,2024-06-05,BOA,Google Play Store,NEGATIVE,0.9979676604270935,other
😭😭😭😭😭😭😭,1,2024-06-05,BOA,Google Play Store,NEGATIVE,0.6970561742782593,other
slow only some times the wey it is veary nice app,5,2024-06-05,BOA,Google Play Store,POSITIVE,0.9498584270477295,performance
ok yes,5,2024-06-04,BOA,Google Play Store,POSITIVE,0.9997628331184387,other
It's nice apps,1,2024-06-04,BOA,Google Play Store,POSITIVE,0.999875545501709,other
Wow! what a disgrace for BOA. The app barely works. Too slow and always returns error.,1,2024-06-03,BOA,Google Play Store,NEGATIVE,0.9997871518135071,"performance, bugs"
Excited by your service,5,2024-06-02,BOA,Google Play Store,POSITIVE,0.9997963309288025,customer_support
Kerfafa new,1,2024-06-01,BOA,Google Play Store,POSITIVE,0.8148757219314575,other
ABDU MUDESR,2,2024-06-01,BOA,Google Play Store,POSITIVE,0.7394677400588989,other
"The worst mobile banking app! It doesn't load (seems like with the perfect WiFi and data connection it still manages to have network issues), when you finally get into the app, it makes it so hard more than it should be to send money.",1,2024-05-31,BOA,Google Play Store,NEGATIVE,0.9996273517608643,transactions
It is Good to save time 👌👌,3,2024-05-31,BOA,Google Play Store,POSITIVE,0.9998168349266052,other
"I'm sorry but what kind of stupid developer thinks the app will be faster if we disable ""Developer mode""? I've never seen such degeneracy in my entire life, please get rid of this feature",1,2024-05-30,BOA,Google Play Store,NEGATIVE,0.9996848106384277,performance
What is the purpose or point of not allowing to take a screenshot of the recipe after transferring???,1,2024-05-29,BOA,Google Play Store,NEGATIVE,0.9991626739501953,transactions
Ayseram,1,2024-05-28,BOA,Google Play Store,NEGATIVE,0.6560900807380676,other
Worst banking app ever,1,2024-05-28,BOA,Google Play Store,NEGATIVE,0.9997898936271667,other
I can't use the app unless I turn off developer mode?? What kind of stupid rule is that?? The worst experience for a banking app!!,1,2024-05-26,BOA,Google Play Store,NEGATIVE,0.9998013377189636,other
How disappointing!,1,2024-05-25,BOA,Google Play Store,NEGATIVE,0.99981290102005,other
Sorry to say this compared to other banks mobile app its the worest it need more improvement the app doesn't match the bank standard it need more update its too slow plus it keep saying stop developing option on your phone when no developing setting enabled ??plus when it come to recent transaction nothing to display...,1,2024-05-24,BOA,Google Play Store,NEGATIVE,0.9994317889213562,"performance, transactions"
Very Very nice 👌 👍,5,2024-05-23,BOA,Google Play Store,POSITIVE,0.9998488426208496,other
🥰🥰🥰🥰🥰,5,2024-05-23,BOA,Google Play Store,NEGATIVE,0.6970561742782593,other
What is that disable developer option I have never seen any app commands.,3,2024-05-22,BOA,Google Play Store,NEGATIVE,0.9988861680030823,other
Please fix the app i doesn't belongs to Abbssinya Bank Name,1,2024-05-22,BOA,Google Play Store,NEGATIVE,0.9982648491859436,other
"Playstore need to have some option to give 0 stars because this application right here, deserve exactly that, imagine being one of the biggest banks In the country and can't manage to have good mobile application in the Era of mobile money, you guys are in the brink of collapse you better make it right real quick or you gonna be 10 meters down to the grave. DON'T USE THIS APP, IT'S WASTE OF TIME.",1,2024-05-21,BOA,Google Play Store,NEGATIVE,0.9993355870246887,other
It's good when i've downloaded at first. But now it doesn't work well,2,2024-05-20,BOA,Google Play Store,NEGATIVE,0.9944619536399841,other
It's just terrible. It kept crashing in middle of transaction. Hell sometimes it won't open. My phone is stock Android (pixel 8) and I don't even know how this happens. Fix it!,1,2024-05-20,BOA,Google Play Store,NEGATIVE,0.9996610879898071,"transactions, bugs"
ደስታው ንጋቴ,5,2024-05-20,BOA,Google Play Store,NEGATIVE,0.7850580215454102,other
Good but not working top up,5,2024-05-20,BOA,Google Play Store,POSITIVE,0.9643866419792175,other
በጣም ቀፋፊ አፕ ነው ። ሰርቶ አያውቅም ። በጣም ብዙ ችግር አለበት ከአቢሲኒያ ባንክ የማይጠበቅ አፕ ለምን ደህና ዲቨሎኘር ቀጥራችሁ አፕሊኬሽኑን ድጋሚ አታሰሩትም ?,1,2024-05-20,BOA,Google Play Store,NEGATIVE,0.9771652221679688,other
Great app..,3,2024-05-18,BOA,Google Play Store,POSITIVE,0.9998515844345093,other
This app is the most worst app I used in Ethiopia and belive me I know I live in Ethiopia. Being the fincial app It doesn't work when you want it. It makes you wait for cash out code and immediately debit the amount before sending the code I have got to say abysinia bank I didn't expect this from you and I use CBE mobile banking,1,2024-05-18,BOA,Google Play Store,NEGATIVE,0.9997337460517883,other
Poor mobile banking alwayes not working alwayes,1,2024-05-18,BOA,Google Play Store,NEGATIVE,0.9997960925102234,other
"Absolutely the worst mobile banking app.it crashs every time,problem when logging in and and cuts my balance when top up without even recharging",1,2024-05-17,BOA,Google Play Store,NEGATIVE,0.9997944235801697,bugs
Fails occasionally.,4,2024-05-17,BOA,Google Play Store,NEGATIVE,0.9992883801460266,other
Easy and cool app,5,2024-05-16,BOA,Google Play Store,POSITIVE,0.999842643737793,other
App is so bad network,1,2024-05-16,BOA,Google Play Store,NEGATIVE,0.9997804760932922,other
It's not working for 3days. Come on as a big bank in Ethiopia this is unprofessionallism from boa,1,2024-05-15,BOA,Google Play Store,NEGATIVE,0.9994888305664062,other
"Be careful of using this app to transfer large sums of money. Recently I can't top up my mobile card, can't pay tickets, can't transfer money to Telebirr. The *815# works but what's the use of an app if we're using USSD. It will refund your mobile top up days after failing to top up but I wouldn't want to risk that. I'm a big fan of BoA but I wouldn't recommend this app. 👎",1,2024-05-15,BOA,Google Play Store,NEGATIVE,0.9890459179878235,transactions
Nice 🤙,5,2024-05-15,BOA,Google Play Store,POSITIVE,0.9998424053192139,other
"The worst mobile banking app, doesn't even work for a week properly.",1,2024-05-15,BOA,Google Play Store,NEGATIVE,0.999815046787262,other
Secretary,5,2024-05-14,BOA,Google Play Store,POSITIVE,0.9963317513465881,other
77867748 I can't update my mobile banking,1,2024-05-14,BOA,Google Play Store,NEGATIVE,0.9957204461097717,other
Hate how we're expected to disable 'Developer Options' everytime we open the app. An unnecessary point of friction that's been put in place in the guise of security.,2,2024-05-14,BOA,Google Play Store,NEGATIVE,0.9997732043266296,other
Exilent service,5,2024-05-13,BOA,Google Play Store,NEGATIVE,0.9688147902488708,customer_support
Build a new app,1,2024-05-13,BOA,Google Play Store,POSITIVE,0.9461663961410522,other
Exceptional service,5,2024-05-13,BOA,Google Play Store,POSITIVE,0.9998124241828918,customer_support
I don't get why this app is developed it is not functional at all !!,1,2024-05-12,BOA,Google Play Store,NEGATIVE,0.9997220635414124,other
This app is trash,1,2024-05-12,BOA,Google Play Store,NEGATIVE,0.9997709393501282,other
It's improved now,3,2024-05-12,BOA,Google Play Store,POSITIVE,0.9998502731323242,other
It is really make my life so much easy!,5,2024-05-12,BOA,Google Play Store,POSITIVE,0.9993164539337158,other
My advice for whoever reading is go look for other bank(awash bank is a great example). This bank won't even allow you to access your money when you want. It has bad servers which don't work(respond) on time.,1,2024-05-11,BOA,Google Play Store,NEGATIVE,0.9994551539421082,login_issues
Am not satisfay,2,2024-05-11,BOA,Google Play Store,NEGATIVE,0.9995954632759094,other
Preventing login because I have developer options on is not security. Moved all my money somewhere else because I just didn't wanna deal with it,1,2024-05-11,BOA,Google Play Store,NEGATIVE,0.9994331002235413,login_issues
The app has bugs. Signing in is still a challenge. Transfer to another bank is impossible. The app is slow and bland.,3,2024-05-11,BOA,Google Play Store,NEGATIVE,0.999795138835907,"performance, transactions, bugs"
Why do u force me to Turn OFF developers option just to use your app its not fair and am not using ur app anymore,1,2024-05-10,BOA,Google Play Store,NEGATIVE,0.9993390440940857,other
"Very poor app. It crashes every time, doesn't load properly, and you can't even buy airtime. The programming is subpar. Please take lessons from other online banking apps. I would give it a zero if I could!!",1,2024-05-10,BOA,Google Play Store,NEGATIVE,0.9998053908348083,bugs
GOOD HARMONY BANK,5,2024-05-10,BOA,Google Play Store,POSITIVE,0.9997896552085876,other
This app is very simpl for useing,4,2024-05-10,BOA,Google Play Store,NEGATIVE,0.9941026568412781,other
Very laggy un able to make transactions Fix it,1,2024-05-10,BOA,Google Play Store,NEGATIVE,0.9998063445091248,"performance, transactions"
After recent update the app keeps asking to disable developers options and won't let you use it unless you do.,2,2024-05-10,BOA,Google Play Store,NEGATIVE,0.974820613861084,other
Wow amazing,5,2024-05-10,BOA,Google Play Store,POSITIVE,0.9998724460601807,other
Great UI UX Design !!!,5,2024-05-09,BOA,Google Play Store,POSITIVE,0.9996935129165649,ui_ux
Rubbish!,1,2024-05-09,BOA,Google Play Store,NEGATIVE,0.999776303768158,other
App is any updates why?,5,2024-05-09,BOA,Google Play Store,NEGATIVE,0.996690034866333,other
"I am an app developer, I need to keep developer options on... WHY ARE YOU ASKING ME TO TURN DEVELOPER OPTIONS OFF... why is it that Abyssinia is the only damned bank in Ethiopia that just can't seem to buld an app that works... it's not that hard people, just look at CBE... this is simply terrible, borderline unusable!",1,2024-05-09,BOA,Google Play Store,NEGATIVE,0.9993929862976074,other
UGH 🤮🤮🤮 they are super calculative when it CM 2 Mobile-banking or any online stuff. If ur degital!! better chose other bank.,1,2024-05-09,BOA,Google Play Store,NEGATIVE,0.998511016368866,other
Slow every time,2,2024-05-08,BOA,Google Play Store,NEGATIVE,0.999620795249939,performance
It takes a very long time to log in please fix,1,2024-05-08,BOA,Google Play Store,NEGATIVE,0.9983991980552673,other
It's not functional at all,1,2024-05-08,BOA,Google Play Store,NEGATIVE,0.9997891783714294,other
What's wrong with App. this days? it doesn't working properly. 1) it's VERY SLOW & doesn't open. it's very Annoying. 2) most of the time it says repeatedly Please try it again or try it later but again and again it doesn't open or work. 3) repeatedly it says something went wrong then it off the screen. I've updated the App. when it needed but nothing changed. 👉PLEASE if it has some issues with the App. Please fix it otherwise I'm going to uninstall it.,2,2024-05-08,BOA,Google Play Store,NEGATIVE,0.9997007846832275,performance
Eri,5,2024-05-08,BOA,Google Play Store,POSITIVE,0.9242497086524963,other
Disgrace app,1,2024-05-08,BOA,Google Play Store,NEGATIVE,0.9997820258140564,other
It doesn't work 😔,1,2024-05-07,BOA,Google Play Store,NEGATIVE,0.9997815489768982,other
It crash repeatedly! Try to make it more stable for customers need meet!,2,2024-05-07,BOA,Google Play Store,NEGATIVE,0.9996886253356934,bugs
After two weeks it require update why?,5,2024-05-07,BOA,Google Play Store,NEGATIVE,0.9965284466743469,other
It keeps crashing and hasn't been fixed,1,2024-05-07,BOA,Google Play Store,NEGATIVE,0.999289870262146,bugs
"The application is full of bug, so annoying.",1,2024-05-07,BOA,Google Play Store,NEGATIVE,0.9997913241386414,bugs
"Why is the app asking me to remove developer options? Why does it matter what I do with my phone , this is unacceptable! Fix this",3,2024-05-06,BOA,Google Play Store,NEGATIVE,0.9997825026512146,other
Worst application relative to other Ethiopia mobile banking app,1,2024-05-06,BOA,Google Play Store,NEGATIVE,0.999796450138092,other
"Lag,...",1,2024-05-06,BOA,Google Play Store,NEGATIVE,0.9997486472129822,performance
"""I am extremely disappointed with the poor service I have received. It is unacceptable that I cannot make transactions of 30,000 Birr and sometimes my money gets stuck in the air. As a result of your incompetence, I have been forced to change my bank account. This level of service is completely unacceptable and needs to be rectified immediately.""",1,2024-05-06,BOA,Google Play Store,NEGATIVE,0.9997608065605164,"login_issues, transactions, customer_support"
አረ wuyyyyyyyyyy,1,2024-05-05,BOA,Google Play Store,NEGATIVE,0.98298579454422,other
"Doesn't work properly, keeps closing won't activate any account, I wouldn't recommend downloading",1,2024-05-05,BOA,Google Play Store,NEGATIVE,0.9994381070137024,login_issues
Pls improve your mobile banking app it's doesn't work constantly after i updated the new version of your app try to improve,1,2024-05-05,BOA,Google Play Store,NEGATIVE,0.9994970560073853,other
አሁን update የተደረገው App ምንም ነው የማይሰራው መከራችንን እኮ ነው ያሳየን😏😏),1,2024-05-05,BOA,Google Play Store,NEGATIVE,0.9399302005767822,other
Dont even try,1,2024-05-05,BOA,Google Play Store,NEGATIVE,0.9920748472213745,other
"The version 24.04.26 is not opening on any of my devices. I noticed this issue on my friend's Android 9 phone and also on my Samsung Android 12 phone. Even after weekly updates, the newest version is not working properly. Please provide a stable version update, as I prefer the older version of the app from the new one.",1,2024-05-04,BOA,Google Play Store,NEGATIVE,0.9987725615501404,other
This app is not working!!,1,2024-05-04,BOA,Google Play Store,NEGATIVE,0.9997822642326355,other
ayseram yastelal,3,2024-05-04,BOA,Google Play Store,POSITIVE,0.9675766229629517,other
this app not work why?pleas tell me,2,2024-05-04,BOA,Google Play Store,NEGATIVE,0.9996669292449951,other
I am comfortable with your good service,5,2024-05-04,BOA,Google Play Store,POSITIVE,0.9998639822006226,customer_support
betam yedadab app,1,2024-05-04,BOA,Google Play Store,NEGATIVE,0.7780933380126953,other
i like is app boA,4,2024-05-04,BOA,Google Play Store,POSITIVE,0.9387543201446533,other
best app from any mobilebanking,5,2024-05-04,BOA,Google Play Store,POSITIVE,0.9990023970603943,other
It crushes repeatedly,1,2024-05-03,BOA,Google Play Store,NEGATIVE,0.9994243383407593,other
Very bad app as always bothering any transaction processes.,1,2024-05-03,BOA,Google Play Store,NEGATIVE,0.999804675579071,transactions
Ok true,1,2024-05-03,BOA,Google Play Store,POSITIVE,0.9998169541358948,other
Actually faster,4,2024-05-03,BOA,Google Play Store,POSITIVE,0.9996544122695923,performance
I prefer the earlier version. This updated app crushes during login and says there is bug. Please fix the bug issue.,4,2024-05-03,BOA,Google Play Store,NEGATIVE,0.9993138313293457,"login_issues, bugs"
Soo many bugs on this app I haven't been able to use it since I installed it very bad,1,2024-05-03,BOA,Google Play Store,NEGATIVE,0.9981491565704346,bugs
My #1 choice,5,2024-05-03,BOA,Google Play Store,POSITIVE,0.9990566372871399,other
This application isn't working properly,1,2024-05-03,BOA,Google Play Store,NEGATIVE,0.9997974038124084,other
This is too poorer than the previous app.,1,2024-05-03,BOA,Google Play Store,NEGATIVE,0.9997180104255676,other
cool App Tnxes,5,2024-05-03,BOA,Google Play Store,POSITIVE,0.9994244575500488,other
Not working 😕,1,2024-05-03,BOA,Google Play Store,NEGATIVE,0.9997498393058777,other
"The app keeps crashign again and again, i didn't even get to sign in. Worst update!!",1,2024-05-03,BOA,Google Play Store,NEGATIVE,0.999796450138092,bugs
"Developers/ the company takes too long to update the app, and throughout that process, the app is basically useless. We can't send money or even be able to check our account. They even take it down from the Play Store for a while. This whole process usually takes them 3 to 5 days. This is very disappointing. It is an improvement from the previous version of the app, but they still have a long way to go to compete with the likes of CBE. Transferring to other banks sometimes doesn't work.",2,2024-05-03,BOA,Google Play Store,NEGATIVE,0.9998020529747009,"login_issues, transactions"
Yleiall,1,2024-05-03,BOA,Google Play Store,POSITIVE,0.984531819820404,other
"Was working ok.but it started not displaying banks list to choose from, and it needs updating every couple of days, annoying",3,2024-05-03,BOA,Google Play Store,NEGATIVE,0.999055802822113,other
"Dear BOA, Are you sure you are upgrading your application. It is becoming worse and worse. Please fix the bug as quickly as possible.",1,2024-05-03,BOA,Google Play Store,NEGATIVE,0.9997113347053528,bugs
Nice one thanks abisiniya,5,2024-05-03,BOA,Google Play Store,POSITIVE,0.9998387098312378,other
it doesnt work it crashes,1,2024-05-03,BOA,Google Play Store,NEGATIVE,0.9852179884910583,bugs
It keeps clashing down What a crass stupid app is this... You forced me to update after I transferred money and now I can't open it,1,2024-05-03,BOA,Google Play Store,NEGATIVE,0.9997383952140808,transactions
Sorie,1,2024-05-03,BOA,Google Play Store,POSITIVE,0.9913914203643799,other
Slow,1,2024-05-03,BOA,Google Play Store,NEGATIVE,0.9997313618659973,performance
Plays,5,2024-05-02,BOA,Google Play Store,POSITIVE,0.9957723021507263,other
Crash... glitch... crash... blame connection... crash... crash again. Please fix it,1,2024-05-02,BOA,Google Play Store,NEGATIVE,0.9994064569473267,bugs
So unreliable i had to send money asap but this app either laggs or doesn't work such a lazy work look at how efficient tele birr is and its not even a bank,1,2024-05-02,BOA,Google Play Store,NEGATIVE,0.9988459348678589,"performance, transactions"
Great app than others,5,2024-05-02,BOA,Google Play Store,POSITIVE,0.9997201561927795,other
OMG this is like the worst mobile banking app ever. I have many different mobile banking app from different banks but this is the worst so far. It says it has connection issue when I have wifi or data connection and while I'm using other social media apps. It keeps asking me for update once like every week and takes forever to load like I have to wait at least 10 minutes to login and another 10 min to see my balance.,1,2024-05-02,BOA,Google Play Store,NEGATIVE,0.9997661709785461,login_issues
I think I remember it worked once upon time...,2,2024-05-02,BOA,Google Play Store,POSITIVE,0.9455675482749939,other
This app is going to the worest boa app ever😡 It crushes every time login.,1,2024-05-02,BOA,Google Play Store,NEGATIVE,0.9977701902389526,login_issues
"The app never worked properly, specially on android 14, do better",1,2024-05-02,BOA,Google Play Store,NEGATIVE,0.9997982382774353,other
Fix the bug.,1,2024-05-02,BOA,Google Play Store,NEGATIVE,0.9944986701011658,bugs
all the time updated but im not satisfy by boa mobile bancking 😡😡😡,1,2024-05-02,BOA,Google Play Store,NEGATIVE,0.9995203018188477,other
It always crashes,1,2024-05-02,BOA,Google Play Store,NEGATIVE,0.9992138147354126,bugs
Worst app ever. Barely works,1,2024-05-02,BOA,Google Play Store,NEGATIVE,0.9998102784156799,other
It keep making me out and crash when i open the app and not working properly,1,2024-05-02,BOA,Google Play Store,NEGATIVE,0.9985978007316589,bugs
"After last update, the app keeps crashing, not working. Pls fix it. Mobile transactions become impossible.",1,2024-05-02,BOA,Google Play Store,NEGATIVE,0.999652624130249,"transactions, bugs"
"I don't know why every time you come up with a new update the app get worst than the oldest, it is taking more time to load, can load money to telebirr, can't pay awach. Please try to fix it.",1,2024-05-02,BOA,Google Play Store,NEGATIVE,0.999539852142334,other
The worest mobile banking app,1,2024-05-02,BOA,Google Play Store,NEGATIVE,0.8432718515396118,other
It was working good before the last update but after the update it asks to disable developer option. why is that? That means any developer with developer option enabled can't access his account. It crushs a lot of times.,2,2024-05-01,BOA,Google Play Store,NEGATIVE,0.9993207454681396,login_issues
Ayseram mnm,1,2024-05-01,BOA,Google Play Store,NEGATIVE,0.997495174407959,other
"From Ethiopian Internet banking Abbisiniya Internet banking application is the most worst boring and slower app, please fix that",1,2024-05-01,BOA,Google Play Store,NEGATIVE,0.9995355606079102,performance
good App and user friendly.,4,2024-05-01,BOA,Google Play Store,POSITIVE,0.9998492002487183,ui_ux
Every time needs update & after that it's not working it's too boring,1,2024-05-01,BOA,Google Play Store,POSITIVE,0.9877826571464539,other
Mnm beka ayeseram hule endaschegeregn,1,2024-05-01,BOA,Google Play Store,NEGATIVE,0.9476741552352905,other
What mean disable developer option?,5,2024-05-01,BOA,Google Play Store,NEGATIVE,0.9994254112243652,other
"Slow login, crashes frequently, annoying app ever. Since you updated this app, it's been extremely unhelpful.",1,2024-05-01,BOA,Google Play Store,NEGATIVE,0.9993731379508972,"login_issues, performance, customer_support, bugs"
"why do we need to turn off ""developer options"" in order to use your app, on the new update??? Are we suppose to not use our device for other purposes just so we can use your app? It is not security it is BS. (fix that and I will update my rating)",1,2024-05-01,BOA,Google Play Store,NEGATIVE,0.9993647933006287,other
Annoying it doesn't work totally,1,2024-05-01,BOA,Google Play Store,NEGATIVE,0.9998140931129456,other
The Worst application ever,1,2024-05-01,BOA,Google Play Store,NEGATIVE,0.999783456325531,other
The best beautiful app,5,2024-05-01,BOA,Google Play Store,POSITIVE,0.9998698234558105,other
Keeps crashing everytime what a disaster,1,2024-05-01,BOA,Google Play Store,NEGATIVE,0.9993972778320312,bugs
It doesn't work anymore,1,2024-05-01,BOA,Google Play Store,NEGATIVE,0.9996210336685181,other
"The app is terrible, nothing functions properly. Especially since the latest update, it crashes all the time.",1,2024-05-01,BOA,Google Play Store,NEGATIVE,0.9998101592063904,bugs
"It's good app but the system is not same as CBE bankin mobile When i compare To these apps BOA and CBE, CBE is the best up",1,2024-05-01,BOA,Google Play Store,POSITIVE,0.9958796501159668,other
Please focus on the functionality of the app instead of spending money on the advertisements.,1,2024-05-01,BOA,Google Play Store,POSITIVE,0.745124340057373,other
Frequently crashing fix it please,1,2024-05-01,BOA,Google Play Store,POSITIVE,0.9488213062286377,bugs
95% of the time it crashes,1,2024-05-01,BOA,Google Play Store,NEGATIVE,0.9967779517173767,bugs
The worst update ever You don't deserve one star;,1,2024-05-01,BOA,Google Play Store,NEGATIVE,0.9997949004173279,other
No feature works correctly. Its always buffering and needs probably high data. So its useless 😏😏😏,2,2024-04-30,BOA,Google Play Store,NEGATIVE,0.9997801184654236,other
"This app is trash, it's not working for the past 3-4 days. I've to go to the bank to send money to other banks. Plus the app keeps crashing since the last update. BOA as a bank is deteriorating! This has to change.",1,2024-04-30,BOA,Google Play Store,NEGATIVE,0.9997557997703552,"transactions, bugs"
App needs a lot of work. It continuously crashes and shuts down.,1,2024-04-30,BOA,Google Play Store,NEGATIVE,0.9994617104530334,bugs
Not comfortable with this version. Its hard to down it load Developer option is not allowed to use it as usual.,5,2024-04-30,BOA,Google Play Store,NEGATIVE,0.9993792772293091,other
This app is so annoying as the previous version.,3,2024-04-30,BOA,Google Play Store,NEGATIVE,0.9997738003730774,other
Need many improvements,2,2024-04-30,BOA,Google Play Store,NEGATIVE,0.8345041275024414,other
Great always great!!!,5,2024-04-30,BOA,Google Play Store,POSITIVE,0.9998846054077148,other
Pic new,5,2024-04-30,BOA,Google Play Store,POSITIVE,0.7098698019981384,other
አፑ ቆንጆ ነበር አማርኛ ቋንቋ ቢካተት ሌላው በአሁን ሰዓት ይኼን ስፅፍ እያስቸገረኝ ነው ሲስተሙ,5,2024-04-30,BOA,Google Play Store,NEGATIVE,0.9528432488441467,other
"Such a junk application, its not working at all. Waste of time",1,2024-04-30,BOA,Google Play Store,NEGATIVE,0.9998182654380798,other
Hello is this new update cuz it keeps kicking me out!!!!! can't make a transaction fr!,3,2024-04-30,BOA,Google Play Store,NEGATIVE,0.9989492297172546,transactions
"you guys keep on releasing unstable app, now it won't login",2,2024-04-30,BOA,Google Play Store,NEGATIVE,0.9805342555046082,login_issues
Doeisn't work,5,2024-04-30,BOA,Google Play Store,NEGATIVE,0.9996792078018188,other
"I never ever seen the worst commercial app like this in my life , it does not work anything , i donot know how the IT Team of the bank tested and launch the app. Its annoying !",1,2024-04-30,BOA,Google Play Store,NEGATIVE,0.9997454285621643,other
The best bank with the worst application and ussd service.,1,2024-04-30,BOA,Google Play Store,NEGATIVE,0.9984097480773926,customer_support
The old version is best. This one is so lagging and it's not fast to quick transfer,1,2024-04-30,BOA,Google Play Store,NEGATIVE,0.8973886966705322,"performance, transactions"
The latest update has a bug it keeps crashing. Please fix it it's so inconvenient to do our business this way. That or we will switch to other banks,3,2024-04-30,BOA,Google Play Store,NEGATIVE,0.999640703201294,bugs
Amaizing Bank in Etthiopia,5,2024-04-30,BOA,Google Play Store,POSITIVE,0.5923484563827515,other
Good banking app,4,2024-04-29,BOA,Google Play Store,POSITIVE,0.999841570854187,other
It doesn't function properly!! You don't even deserve one star.. please stop playing your dirty game on your customer...,1,2024-04-29,BOA,Google Play Store,NEGATIVE,0.9997984766960144,other
That's a fantastic app! L,2,2024-04-29,BOA,Google Play Store,POSITIVE,0.9998694658279419,other
The best bank,5,2024-04-29,BOA,Google Play Store,POSITIVE,0.9998573064804077,other
"This app has been found useless while I compared with the first version of IB12111...that was very good, you guys what is the matter with you. You are far from the technology and the competetor's digital product through convenience, reliable, easeness _-dashen, cbe, zemen... they are doing well! share their experience and be able to satisfy your esteemed customers including me. unless you will be down soon!",1,2024-04-29,BOA,Google Play Store,NEGATIVE,0.9895106554031372,other
"This new update really sucks.. Can't even get the chance to put my pin, bugs and everything,please fix it developer",1,2024-04-29,BOA,Google Play Store,NEGATIVE,0.9997047781944275,bugs
I have never seen the worst mobile app like this,5,2024-04-29,BOA,Google Play Store,NEGATIVE,0.9995693564414978,other
Very very good app,5,2024-04-29,BOA,Google Play Store,POSITIVE,0.9998728036880493,other
it keeps crashing,1,2024-04-29,BOA,Google Play Store,NEGATIVE,0.9201816916465759,bugs
Excited,5,2024-04-29,BOA,Google Play Store,POSITIVE,0.9997768998146057,other
This app isn't working well on Tecno phone 📱. what is the error??,1,2024-04-29,BOA,Google Play Store,NEGATIVE,0.99974125623703,bugs
👑👑,5,2024-04-29,BOA,Google Play Store,NEGATIVE,0.6970561742782593,other
Bad app,1,2024-04-29,BOA,Google Play Store,NEGATIVE,0.9997212290763855,other
To payment,1,2024-04-29,BOA,Google Play Store,POSITIVE,0.9512701034545898,transactions
"With every update the app keeps on getting worse,it is filled with bugs",1,2024-04-29,BOA,Google Play Store,NEGATIVE,0.9996582269668579,bugs
Not working properly why?????????,1,2024-04-29,BOA,Google Play Store,NEGATIVE,0.999762237071991,other
The update app is the worest one when i compare with past.,1,2024-04-28,BOA,Google Play Store,NEGATIVE,0.9917793869972229,other
"It's nice, the stack thing needs update thou",5,2024-04-28,BOA,Google Play Store,POSITIVE,0.9839305281639099,other
This application is relatively good even if some times interpreted.But apolo is difficult application please improve it.,5,2024-04-28,BOA,Google Play Store,POSITIVE,0.9913715124130249,other
The app is not properly working.,3,2024-04-28,BOA,Google Play Store,NEGATIVE,0.999790370464325,other
It is always crushing it loged me out all the time,1,2024-04-28,BOA,Google Play Store,NEGATIVE,0.9912962913513184,other
I love boa but the mobile app isn't as good as the older version when the app gets update it gets worse and worse it doesn't even work..fix the issue with that,2,2024-04-28,BOA,Google Play Store,NEGATIVE,0.9996931552886963,other
"Why Why Why???? it is difficult to make transactions, it takes alot of time to make payments, i thought the update will make it work, but it got worse. please fix it",1,2024-04-28,BOA,Google Play Store,NEGATIVE,0.9996634721755981,transactions
"the worst app I have ever used, I could've given 5 star if it worked properly even just for logging in and check my accounts. seemed that's impossible",1,2024-04-28,BOA,Google Play Store,NEGATIVE,0.9998034834861755,login_issues
sometime it is not working wel,4,2024-04-27,BOA,Google Play Store,NEGATIVE,0.9996587038040161,other
Very helpfull app,5,2024-04-27,BOA,Google Play Store,POSITIVE,0.9989476799964905,customer_support
"Very slow response , try to some updates in the application",1,2024-04-27,BOA,Google Play Store,NEGATIVE,0.9997745156288147,"performance, customer_support"
"useless app. bank to bank transactions do not work at all, wallet topups like telebirr take hours to reach. what a shame from a bank this big.",1,2024-04-26,BOA,Google Play Store,NEGATIVE,0.9997989535331726,transactions
Really work very good app l like you BoA,5,2024-04-26,BOA,Google Play Store,POSITIVE,0.9998058676719666,other
ያምራል,5,2024-04-25,BOA,Google Play Store,NEGATIVE,0.6970561742782593,other
Very old app is disgusting,1,2024-04-25,BOA,Google Play Store,NEGATIVE,0.9996281862258911,other
The worst App I have ever seen.,1,2024-04-25,BOA,Google Play Store,NEGATIVE,0.9997918009757996,other
"I tried it with different phones, it only worked for about a week and then it stopped working. It needs some serious work.",1,2024-04-25,BOA,Google Play Store,NEGATIVE,0.9994667172431946,other
The onky defect is that it is too slow,3,2024-04-25,BOA,Google Play Store,NEGATIVE,0.9996615648269653,performance
Sorry to say it is very poor apps I have decided to suspend the BoA account,1,2024-04-25,BOA,Google Play Store,NEGATIVE,0.9997908473014832,login_issues
Boa is the best app but Please Clear Instant or Not instant option of send money be for Asked !!!,5,2024-04-24,BOA,Google Play Store,NEGATIVE,0.8803107738494873,transactions
"Installed the latest version of this app on my Android 14 device, but it is not working. I have already received the activation key from your branch (via SMS), but couldn't activate it. It is a failed app. I bet you don't have QA testers.",1,2024-04-24,BOA,Google Play Store,NEGATIVE,0.9996954202651978,other
"This is not functional at all, it takes forever to make a transaction,please improve it.",1,2024-04-24,BOA,Google Play Store,NEGATIVE,0.996469259262085,transactions
Nic app,5,2024-04-24,BOA,Google Play Store,POSITIVE,0.9797857403755188,other
I can't update the enable button not open.,1,2024-04-24,BOA,Google Play Store,NEGATIVE,0.9989743232727051,other
The Bank I always love 😘 and work with them is priceless,5,2024-04-24,BOA,Google Play Store,POSITIVE,0.9997803568840027,other
It's the best,5,2024-04-24,BOA,Google Play Store,POSITIVE,0.9998540878295898,other
"BOA app was one of my favourite back in the days, now I don't if there is an app worsen that this.. very very bad. You need to fix it or remove it.",1,2024-04-24,BOA,Google Play Store,NEGATIVE,0.9997431635856628,other
This app is very wonderful,5,2024-04-24,BOA,Google Play Store,POSITIVE,0.999883770942688,other
It is not working at all.,1,2024-04-24,BOA,Google Play Store,NEGATIVE,0.999782145023346,other
To slow,1,2024-04-23,BOA,Google Play Store,NEGATIVE,0.9994872808456421,performance
"I've never seen a very worst mobile banking system like this, i lost 37000 birr because of your delay transaction system, i called 8397 and they told me stay for confirmation but, after i changed my mind and waiting for confirmation call to cancel the process they sent it with out my approval, so please don't use the mobile banking system please",1,2024-04-23,BOA,Google Play Store,NEGATIVE,0.9995245933532715,transactions
6r---“q##👺,2,2024-04-23,BOA,Google Play Store,NEGATIVE,0.9579623341560364,other
In Ethiopia pest Bank,5,2024-04-23,BOA,Google Play Store,NEGATIVE,0.9949629306793213,other
It is not working,1,2024-04-23,BOA,Google Play Store,NEGATIVE,0.9997721314430237,other
እጅግ በጣም ጥሩ ነው ።,5,2024-04-23,BOA,Google Play Store,NEGATIVE,0.8832126259803772,other
Only problem is often it has connectivity issues.,5,2024-04-23,BOA,Google Play Store,NEGATIVE,0.9959843158721924,other
Not bad but please make it lite pls,1,2024-04-23,BOA,Google Play Store,POSITIVE,0.9990805387496948,other
Usfull,5,2024-04-23,BOA,Google Play Store,POSITIVE,0.9459741115570068,other
Good bank,5,2024-04-22,BOA,Google Play Store,POSITIVE,0.9998420476913452,other
"It says ""Something is wrong with your internet banking user, go to your nearest branch"" It hasn't been working since April 13.",1,2024-04-22,BOA,Google Play Store,NEGATIVE,0.99941086769104,other
በጣም ምርጥ አኘ ነው ቶሎ ይበላሻል,3,2024-04-22,BOA,Google Play Store,NEGATIVE,0.9046949148178101,other
I like this bank by his activity and respect castemers i look like my house,5,2024-04-22,BOA,Google Play Store,POSITIVE,0.9994611144065857,other
አርፍ ነው,5,2024-04-22,BOA,Google Play Store,NEGATIVE,0.7850580215454102,other
Bank Of Abyssina,5,2024-04-22,BOA,Google Play Store,NEGATIVE,0.9958736300468445,other
very fast also nice app i love it,5,2024-04-22,BOA,Google Play Store,POSITIVE,0.9998733997344971,performance
በጣም አስቸጋሪ እና አዳጋች የሆነ አሠራር ነው የሚጠቀመው ግብይት መፈፀም ክፍያው ተቆርጦ ሎክ አካውንት በማለት ያስቀምጣል በሌላ አማራጭ ከከፈሉ በኃላ ተመላሽ እንኳን አያደርግም,1,2024-04-22,BOA,Google Play Store,NEGATIVE,0.9615163207054138,other
"By far the nicest looking app by an Ethiopian Bank. But it's functionality is weak. It is full of Transaction error, Function Error. Kudos, but it needs more backend work.",2,2024-04-22,BOA,Google Play Store,NEGATIVE,0.9993565678596497,"transactions, bugs"
Very bad 👎,2,2024-04-22,BOA,Google Play Store,NEGATIVE,0.9998021721839905,other
Not reliable always with some issues,1,2024-04-22,BOA,Google Play Store,NEGATIVE,0.9995911717414856,other
Right one,1,2024-04-22,BOA,Google Play Store,POSITIVE,0.9998385906219482,other
"So BoA, your last application was horrible and buggy. And we thought ""finally!! a functional new app with better UI."" But It didn't last long, a non existent connection error at login.... Please just fix your app to the simplest functional form and it would be up to your other service standards.",1,2024-04-21,BOA,Google Play Store,NEGATIVE,0.9980742931365967,"login_issues, customer_support, bugs"
"It has good backgroud and simple. But keeps saying no conectivty , login, Close immediately you made it porly not woriking on stable network!!!",1,2024-04-21,BOA,Google Play Store,NEGATIVE,0.7382339239120483,login_issues
"It was working fine a couple of days ago, in the utilities section of payment it only provides a few services but that is OK for now but my issue is it has started crashing down these past 2 days",2,2024-04-21,BOA,Google Play Store,NEGATIVE,0.9992096424102783,"transactions, customer_support, bugs"
"This app is awesome, I like the features",5,2024-04-21,BOA,Google Play Store,POSITIVE,0.9998729228973389,other
"The app is a total waste of time, it glitches, doesn't log in fast, super slow.",1,2024-04-21,BOA,Google Play Store,NEGATIVE,0.9996176958084106,performance
Very very bad app,1,2024-04-21,BOA,Google Play Store,NEGATIVE,0.9997959733009338,other
Not work this app ...what is the problem,1,2024-04-20,BOA,Google Play Store,NEGATIVE,0.9997695088386536,other
the new updated app exception handling for connection fluctuations is so exhausting which lead users to login repeated times.,1,2024-04-20,BOA,Google Play Store,NEGATIVE,0.9997285008430481,login_issues
"Some problem this app,",1,2024-04-20,BOA,Google Play Store,NEGATIVE,0.9994459748268127,other
It keeps on crashing,1,2024-04-20,BOA,Google Play Store,NEGATIVE,0.5192285180091858,bugs
poor performance,1,2024-04-20,BOA,Google Play Store,NEGATIVE,0.999767005443573,performance
Hey no working,5,2024-04-19,BOA,Google Play Store,NEGATIVE,0.9963237047195435,other
It's good app tnx for u new update it's very easy to using this app they add some future tnx Abyssinia bank,5,2024-04-18,BOA,Google Play Store,POSITIVE,0.996093213558197,other
A lot of the app's features have been rearranged but sometimes it works sometimes it doesnt...and that makes it less reliable specially at times of need...pls improve it,2,2024-04-18,BOA,Google Play Store,NEGATIVE,0.9991328120231628,other
Now am confused upgrade or downgrade 🤔,1,2024-04-17,BOA,Google Play Store,NEGATIVE,0.9976465106010437,other
wow good job BOA,5,2024-04-16,BOA,Google Play Store,POSITIVE,0.9998181462287903,other
Vary good app,5,2024-04-15,BOA,Google Play Store,POSITIVE,0.9998146891593933,other
Can you please just make it functional. I don't think anyone cares how good it looks if not a single functionality works. Plus it's not even aestheticaly nice. The loading animated icon has white irregular edges because the logo wasn't cut out correctly. The app doesn't work at all. It doesn't even login. It gets stuck on login just showing the logo animation and blames the issue on connectivity. Connectivity is fine and the proof is that this review is posted.,1,2024-04-15,BOA,Google Play Store,NEGATIVE,0.7783339023590088,login_issues
add receipt pdf like telebirr,5,2024-04-14,BOA,Google Play Store,NEGATIVE,0.9775200486183167,other
በጣም ቀለል ያለ እና ምቹ ና አስተማማኝ ነው እርሶም ይጠቀሙበት !!!,1,2024-04-14,BOA,Google Play Store,POSITIVE,0.978702187538147,other
The app is not showing my balance or any transaction it is like corrupted showing usd amounts,1,2024-04-13,BOA,Google Play Store,NEGATIVE,0.999426007270813,transactions
አሰ,1,2024-04-13,BOA,Google Play Store,NEGATIVE,0.6970561742782593,other
it's so slow app please fix it,2,2024-04-13,BOA,Google Play Store,NEGATIVE,0.9994977712631226,performance
It crash always,4,2024-04-13,BOA,Google Play Store,NEGATIVE,0.9991788268089294,bugs
The most terrible mobel banking app in the world it is not working ones in a week,1,2024-04-13,BOA,Google Play Store,NEGATIVE,0.9983479976654053,other
"Ultimately, the worst mobile banking experience ever left me feeling exasperated and disillusioned.Its a nightmare",1,2024-04-13,BOA,Google Play Store,NEGATIVE,0.9998087286949158,other
"The updated version of this app is just time wasting. It doesn't work with 2G/3G network.require log in frequently,not fast as much as possible.automatic log out are the bad features of this app",1,2024-04-13,BOA,Google Play Store,NEGATIVE,0.9997401833534241,performance
Why u do that hh,2,2024-04-13,BOA,Google Play Store,NEGATIVE,0.9960595369338989,other
Abissiniya bank one of the best for giving the future,5,2024-04-12,BOA,Google Play Store,POSITIVE,0.9998038411140442,other
This the best mobile banking App BOA mobile banking included all digital banking features and we can access the most companies and sectors with this App. Thanks for giving this services Keep going .,5,2024-04-12,BOA,Google Play Store,POSITIVE,0.9996832609176636,"login_issues, customer_support"
"This has to be your worst app ever, damm so many bugs and it lags so baddd. Please fix it",1,2024-04-12,BOA,Google Play Store,NEGATIVE,0.9998080134391785,"performance, bugs"
Simplify your life by using the Abyssinia app I like it because it is comfortable and safe,5,2024-04-11,BOA,Google Play Store,POSITIVE,0.9996391534805298,other
"General, when I considered from other banks, this bank is unique",4,2024-04-11,BOA,Google Play Store,POSITIVE,0.9998138546943665,other
Boa ... The best,5,2024-04-09,BOA,Google Play Store,POSITIVE,0.9998708963394165,other
wow its so attractive,5,2024-04-09,BOA,Google Play Store,POSITIVE,0.9998676776885986,other
Yet another useless app,1,2024-04-09,BOA,Google Play Store,NEGATIVE,0.9997926354408264,other
Keep it up 1ygna bank,5,2024-04-09,BOA,Google Play Store,POSITIVE,0.9989239573478699,other
It's good!,4,2024-04-09,BOA,Google Play Store,POSITIVE,0.9998363256454468,other
oh,5,2024-04-08,BOA,Google Play Store,POSITIVE,0.9806591272354126,other
Great apps,5,2024-04-07,BOA,Google Play Store,POSITIVE,0.9998534917831421,other
It closes playing audio app when it is opened . What is the solution?,5,2024-04-06,BOA,Google Play Store,NEGATIVE,0.9949249029159546,other
Mosisaborana,5,2024-04-05,BOA,Google Play Store,NEGATIVE,0.9697707295417786,other
Mubarak,5,2024-04-03,BOA,Google Play Store,NEGATIVE,0.7390620708465576,other
OTP should be inserted manually. not working on my phone,2,2024-04-02,BOA,Google Play Store,NEGATIVE,0.9994474053382874,other
"my device is not auto inserting The OTP, So keyboard should be enabled on the apps OTP login to insert OTP Manually.",3,2024-04-02,BOA,Google Play Store,NEGATIVE,0.9937697052955627,login_issues
Worse mobile banking ever 👎👎,1,2024-03-29,BOA,Google Play Store,NEGATIVE,0.9997376799583435,other
What's wrong with app suddenly stoped to open?,1,2024-03-25,BOA,Google Play Store,NEGATIVE,0.998789370059967,other
Just use other banks if you want a good mobile app. CBE is 40X faster and safe than this app.,1,2024-03-23,BOA,Google Play Store,NEGATIVE,0.71892911195755,performance
Worst app ever previous version was way better than this version after I activated my mobile banking app it says account not found but I'm their system my IB customer does work fine please fix your bugs and test it before you release it I have visit and report many branches and head quarter but they can't fix the problem,1,2024-03-23,BOA,Google Play Store,NEGATIVE,0.9954323768615723,"login_issues, bugs"
Wow! Thanks BoA,5,2024-03-22,BOA,Google Play Store,POSITIVE,0.9998019337654114,other
"The app doesnot allow to transfer from foreign currency accounts to local currency accounts , it says transaction not allowed , please check it and also it is difficult to activate the app from abroad countries since the otp doesn't reach by sms and it uses email, it doesn't allow manual otp input and the email hardly received , please review your app and make an update !!!",2,2024-03-22,BOA,Google Play Store,NEGATIVE,0.9975436329841614,"login_issues, transactions"
I have nothing against your service but your App!!!!??? When will it ever work? Why do you keep changing the interface whenever there is an update? The most unreadable annoying app.,1,2024-03-22,BOA,Google Play Store,NEGATIVE,0.9995490908622742,"ui_ux, customer_support"
Muhammaadamaan musxafaa,5,2024-03-21,BOA,Google Play Store,NEGATIVE,0.9876733422279358,other
When writing amounts z app cannot insert deceimasl so that one cannot transact amounts involving cents !!! A finnacial app to be released without this feature being checked !!!,3,2024-03-20,BOA,Google Play Store,NEGATIVE,0.8702899217605591,other
BOA mobile the best App,5,2024-03-20,BOA,Google Play Store,POSITIVE,0.9997171759605408,other
worst banking app i have ever used. Try to modify it,2,2024-03-19,BOA,Google Play Store,NEGATIVE,0.9997920393943787,other
The application is extremely slow.,1,2024-03-16,BOA,Google Play Store,NEGATIVE,0.9997929930686951,performance
I couldn't transfer because of bug's its annoying for a bank app nots acceptable,1,2024-03-15,BOA,Google Play Store,NEGATIVE,0.999514102935791,"transactions, bugs"
"It was a very nice app and was exemplary to other banks, but I am experiencing difficulties in transfering transactions and thinking to leave Abyssinia? What would you advise me. ወጣ ወጣና ሆነእኮ ነገሩ።",5,2024-03-14,BOA,Google Play Store,NEGATIVE,0.9917178153991699,transactions
It's good Rate app,5,2024-03-12,BOA,Google Play Store,POSITIVE,0.9998313188552856,other
Always there a problem with this app it says check your connection while connected 😞,1,2024-03-09,BOA,Google Play Store,NEGATIVE,0.9987086057662964,other
Berry good,5,2024-03-08,BOA,Google Play Store,POSITIVE,0.9998668432235718,other
It's not fast to use,3,2024-03-08,BOA,Google Play Store,NEGATIVE,0.9720847010612488,performance
A little faster than before . Thanks,5,2024-03-05,BOA,Google Play Store,POSITIVE,0.9996907711029053,performance
Application,5,2024-03-05,BOA,Google Play Store,POSITIVE,0.9836764931678772,other
Toppen!!!,5,2024-03-04,BOA,Google Play Store,POSITIVE,0.9520912766456604,other
The worst mobile banking app like the previous one. How long it would take for BOA to develop a good app?????? Years or decades?,1,2024-03-04,BOA,Google Play Store,NEGATIVE,0.9998072981834412,other
AoB,2,2024-03-04,BOA,Google Play Store,NEGATIVE,0.6094139814376831,other
Awosome,5,2024-03-03,BOA,Google Play Store,NEGATIVE,0.6613022089004517,other
Was good at first but now i couldn't reach my apollo account in the mobile banking app,1,2024-03-03,BOA,Google Play Store,NEGATIVE,0.9983847141265869,login_issues
I don't know why they roll out new updates without making sure it works! Why???? Do they need to update to a new staff? Perhaps pay for a better network?? Mindenew? I don't know there always a problem with this app.,1,2024-03-02,BOA,Google Play Store,NEGATIVE,0.9995311498641968,other
Ayub Gebere,5,2024-03-02,BOA,Google Play Store,POSITIVE,0.9402116537094116,other
Always crashes,1,2024-03-02,BOA,Google Play Store,NEGATIVE,0.9993184804916382,bugs
Best version of boa apps,1,2024-03-02,BOA,Google Play Store,POSITIVE,0.999344527721405,other
"Its amazing and easy to use , but from these two past days it crashes and tells me ""there is not enough connectivity"" while my internet was good enough , and i can't open it anymore !! Fix this proplem ASAP.",5,2024-03-02,BOA,Google Play Store,NEGATIVE,0.9995220899581909,bugs
After the recent update the application keeps crashing when I tried to open. Please fix.,1,2024-03-01,BOA,Google Play Store,NEGATIVE,0.9973646998405457,bugs
The worse app I have ever seen.,1,2024-03-01,BOA,Google Play Store,NEGATIVE,0.9997802376747131,other
An excellent app.,5,2024-03-01,BOA,Google Play Store,POSITIVE,0.9998602867126465,other
"The worst mobile banking app ever!!! I have tried to transfer 25,000 from my BOA account to my CBE and it still hasn't reached my CBE account yet. When I tried contacting customer support they just tell me it's a problem with the system. I have waited 48 hours and I still haven't received my money. Bank of Abyssinia the worst bank and system, I don't recommend this app or bank to anyone.",1,2024-03-01,BOA,Google Play Store,NEGATIVE,0.9997801184654236,"login_issues, transactions, customer_support"
666⁸,4,2024-02-29,BOA,Google Play Store,POSITIVE,0.9484037160873413,other
More interactive and easy to use mobile app👌,5,2024-02-29,BOA,Google Play Store,POSITIVE,0.9974318146705627,other
Thank you for wasting my time Abyssinia.,1,2024-02-26,BOA,Google Play Store,NEGATIVE,0.9570662379264832,other
Overrated service and recently glitching service system not being able to withdraw funds.,1,2024-02-26,BOA,Google Play Store,POSITIVE,0.9889348149299622,customer_support
😏,1,2024-02-25,BOA,Google Play Store,NEGATIVE,0.6970561742782593,other
ስንታየሁ,5,2024-02-24,BOA,Google Play Store,NEGATIVE,0.6970561742782593,other
User friendly at it's best with the best security option.,5,2024-02-24,BOA,Google Play Store,POSITIVE,0.9988510608673096,ui_ux
"It's a quiet good and smoothly accessible app which allows users to transfer , Airtime Top-up, ATM withdrawal and Utilities payments.",5,2024-02-24,BOA,Google Play Store,POSITIVE,0.9997918009757996,"login_issues, transactions"
This app is not efficient and can't be used for people outside Ethiopia. I am not able to enter back my OTP code into the App screen as it gets frozen and nothing can be done. Also the login screen forces to enter a local cell phone in Ethiopia and a PIN number. Those of us who live abroad are left out. The previous application with BoA Authenitcater was working efficiently and I was also able to login using my LapTop. I recommend the Application to use login user name & email instead of Ph#.,1,2024-02-23,BOA,Google Play Store,NEGATIVE,0.9934360980987549,login_issues
Worst application I ever used,1,2024-02-23,BOA,Google Play Store,NEGATIVE,0.9997875094413757,other
Wow bank of Abyssinia great job I really like the updated version of Mobile banking specially it allows me to transfer 500000 birr,5,2024-02-23,BOA,Google Play Store,POSITIVE,0.9985958933830261,transactions
It is easy to use and very fast app,5,2024-02-23,BOA,Google Play Store,POSITIVE,0.9995606541633606,performance
It is better than before and i like it,5,2024-02-22,BOA,Google Play Store,POSITIVE,0.9998542070388794,other
It good app,4,2024-02-22,BOA,Google Play Store,POSITIVE,0.9998632669448853,other
Abyssinian mobile banking the latest one,5,2024-02-22,BOA,Google Play Store,POSITIVE,0.890663206577301,other
The receipt download option is very convenient.,5,2024-02-22,BOA,Google Play Store,POSITIVE,0.9174296855926514,other
I used to access my Apollo account through the app before the update but now i can't access my Apollo account through this app and for me this is a step taken backwards!!!!!,3,2024-02-22,BOA,Google Play Store,NEGATIVE,0.9990597367286682,login_issues
Denez boa,2,2024-02-21,BOA,Google Play Store,POSITIVE,0.6235458850860596,other
Welcome BoA mobile,5,2024-02-21,BOA,Google Play Store,POSITIVE,0.999670147895813,other
It is very bad app. not friendly usable. needs extremely strong network. Can't be updated easily.,1,2024-02-21,BOA,Google Play Store,NEGATIVE,0.9997742772102356,other
Definitly better than the privious version but this one crashes frequently and needed to put to sleep on andrioid version 9,2,2024-02-20,BOA,Google Play Store,NEGATIVE,0.9993939399719238,bugs
"Its nice platform when i compare with the previous version! But, when i try to use mobile banking the app states use the updated one! As it orders, i updated BOA from playstore, when i try to use mobile banking on the following day the same thing-update from the playstore!!!!",5,2024-02-20,BOA,Google Play Store,NEGATIVE,0.9963669776916504,other
Very Fast And attractive App,5,2024-02-20,BOA,Google Play Store,POSITIVE,0.9998482465744019,performance
The app got a better features and easy to use.,5,2024-02-20,BOA,Google Play Store,POSITIVE,0.6302554607391357,other
Thes is nise app,5,2024-02-19,BOA,Google Play Store,NEGATIVE,0.9557304978370667,other
I have a great experience using this App,5,2024-02-19,BOA,Google Play Store,POSITIVE,0.999530553817749,other
Best app but after the update the screenshot not working,4,2024-02-19,BOA,Google Play Store,NEGATIVE,0.9986650943756104,other
It was good and more secured mb app but this new version apk i can't find it on play store will you tell me what i have too do ...please,5,2024-02-19,BOA,Google Play Store,NEGATIVE,0.9961307048797607,other
"I have a fitayah account, a type of interest free account, and because their system is unable to process anything for people like me I can't see any of my accounts in the account list on any transaction, although I can see it when performing security actions or checking my balance, as such this app is as useless to me as the previous one. Unbelievable",1,2024-02-18,BOA,Google Play Store,NEGATIVE,0.999779999256134,"login_issues, transactions"
ግሞች ደህና የነበረውን አግማሙት ኤጭ,1,2024-02-18,BOA,Google Play Store,NEGATIVE,0.8832126259803772,other
በጣም የሞተና የወረደ አፕ ነው,1,2024-02-17,BOA,Google Play Store,NEGATIVE,0.8832126259803772,other
Noting! Mnm ayseram,1,2024-02-17,BOA,Google Play Store,NEGATIVE,0.9467949271202087,other
It doesnt send birr immediately to anything,1,2024-02-17,BOA,Google Play Store,NEGATIVE,0.9893590211868286,other
So this updated version is so much better and faster but it doesn't open unless it's directly opened from play store. fix this issue I'd give it 5 if it wasn't for this,3,2024-02-16,BOA,Google Play Store,NEGATIVE,0.998803973197937,performance
"Horrible, your apps are getting worse and worse",1,2024-02-16,BOA,Google Play Store,NEGATIVE,0.9997705817222595,other
"This is terrible app. What the hell is your problem. Passwords can't be entered manually. I'm abroad. I don't have my Ethiopian Sim. I'm receiving the activation code via telegram. But you locked the system not to accept the activation OTP manually. Hence, I can't see my accounts, I can't make transactions etc.... how can you not think of this in advance.... now I'm in a terrible situation. I can't know what is going on with my account. WOULD YOU FIX IT NOW.... NOT TOMORROW or THE DAY AFTER...",1,2024-02-16,BOA,Google Play Store,NEGATIVE,0.9994161128997803,"login_issues, transactions"
I can't use it anymore,3,2024-02-16,BOA,Google Play Store,NEGATIVE,0.998528242111206,other
update ካረኩት ቡሃላ screenshot አላስቀምጥም ብሏል። ግን screenshot ማንሳት ጀምሯል,4,2024-02-15,BOA,Google Play Store,NEGATIVE,0.9447152018547058,other
Very good app its easy to use,5,2024-02-15,BOA,Google Play Store,POSITIVE,0.9997560381889343,other
Its very slow and fail to load any transaction,2,2024-02-15,BOA,Google Play Store,NEGATIVE,0.999752938747406,"performance, transactions"
"Great graphics, but why my music have to stop when I open this app? Make it make sense. But overall, it's good, but also needs too much data just to load this app. We might need a lite version of this.",3,2024-02-15,BOA,Google Play Store,NEGATIVE,0.996291995048523,other
Boring,1,2024-02-15,BOA,Google Play Store,NEGATIVE,0.9997890591621399,other
Very good app!!,5,2024-02-14,BOA,Google Play Store,POSITIVE,0.9998703002929688,other
"Was working fine for 2 days then Error the request was not successful please check your connectivity or try again my connection works perfectly i reinstalled the app called support multiple times all of them said it's a system problem be patient it has been a week since then, called again they even dared to say the problem is your phone restart it which i did but still the same other banking apps work perfectly but this my experience with this app, horrible the whole system is bad",1,2024-02-14,BOA,Google Play Store,NEGATIVE,0.9992081522941589,"customer_support, bugs"
It is good &fast to open!!,5,2024-02-14,BOA,Google Play Store,POSITIVE,0.9998763799667358,performance
It is the worst app that I have ever downloaded. It crushes every time I log in 👎 👎 👎 👎 👎 👎 👎 👎 👎 👎 👎 👎 👎 👎,1,2024-02-14,BOA,Google Play Store,NEGATIVE,0.9997887015342712,other
The keyboard not Working please fix it,1,2024-02-14,BOA,Google Play Store,NEGATIVE,0.9994933605194092,other
"When we come to use mobile banking app this app is the WOREST one. Who made this app? Why? im almost forget to use it While the app right infront to my phone. I preffered to go branch office rather than to use it. Let alone for transaction or other service for simple purpose to check my balance i used to call for the bank 'call center' rather than to open for this difficult app. It need high speed internet service, it stop service for simple interuption of the network, after transfer the 1/2",1,2024-02-13,BOA,Google Play Store,NEGATIVE,0.9986769556999207,"performance, transactions, customer_support"
You should include manual OTP input!,1,2024-02-13,BOA,Google Play Store,NEGATIVE,0.9951286315917969,other
"Worst App it ain't allowing yo activate not even in the nearest branch are able to activate it. I have been client of the bank for 10years. What is this BoA? As we know it being a leading in simplifying banking service this App needs to be fixed. Then we will give it better rate,",1,2024-02-13,BOA,Google Play Store,NEGATIVE,0.9996511936187744,customer_support
እኔ ከሀገር ውጪ ነው ያለሁት I need help please!!! የበፊቱ app አልከፍት ብሎኝ አብዴት ማድረግ አልቻልኩም ከ ፕሌይ ስቶር ላይ እንደ አዲስ ነው ዳውንሎድ የሚጠይቀው እሱንም ሳደርግ በ ኢትዮጵያ ስልክ ቁጥር ነው ኮድ የሚልከው ፣የኢትዮጵያ ቅጥሬ አሁን active አይደለም ምን ማድረግ እችላለው? በምን መንገድ ልትረዱኝ ትችላላችሁ?,1,2024-02-13,BOA,Google Play Store,NEGATIVE,0.984527587890625,customer_support
"The app does not work well from abroad, there have been continuous upgrades and updates that are very interruptive and non-responsive. Staff do not have the technical capabilities to support whereas the support number and online support are never available.",1,2024-02-12,BOA,Google Play Store,NEGATIVE,0.9995705485343933,customer_support
App good. how money transfer tele birr agents,1,2024-02-12,BOA,Google Play Store,POSITIVE,0.9927453398704529,transactions
BOA Mobile banking is hard to deal with. Very poor app never gets better it keep lagging,1,2024-02-12,BOA,Google Play Store,NEGATIVE,0.9995620846748352,performance
"Wow, that's an awesome app",4,2024-02-11,BOA,Google Play Store,POSITIVE,0.999861478805542,other
"I sm a big fan of BOA , but the mobile banking is so trashy( sorry but its the best word to discribe it).... please buy a good server ....it always show blank age after login slecially on sundays it does not work at all...the new update has a good UI but has same respose problem ....",3,2024-02-11,BOA,Google Play Store,NEGATIVE,0.9976029992103577,login_issues
Good but app lait,4,2024-02-11,BOA,Google Play Store,POSITIVE,0.9904499650001526,other
this app doesn't fit the bank,1,2024-02-10,BOA,Google Play Store,NEGATIVE,0.9997974038124084,other
The updated version is nice one BOA always #1 bank,5,2024-02-10,BOA,Google Play Store,POSITIVE,0.9990589022636414,other
"As usual the app is ok, but this time i can't update it normally. It lags at 99% all the time. Hope it's fixable.",4,2024-02-10,BOA,Google Play Store,NEGATIVE,0.989357054233551,performance
You have made a great application that is easy to use,4,2024-02-08,BOA,Google Play Store,POSITIVE,0.9994623064994812,other
More easy and secure fast app than previous one,5,2024-02-08,BOA,Google Play Store,POSITIVE,0.9963563680648804,performance
Wonderful apk,5,2024-02-07,BOA,Google Play Store,POSITIVE,0.9998836517333984,other
ለምንድን ነው የexit መውጫ የሌለው back back ስንል እንውላለን እንጂ አፑ አይዘጋም,2,2024-02-06,BOA,Google Play Store,NEGATIVE,0.9785796403884888,other
It's much better now effoyee...,5,2024-02-06,BOA,Google Play Store,POSITIVE,0.8609877824783325,other
"What an awesome app! It is supper easy to use with very attractive GUI. But there are some problems to be addressed: (1) It crashes frequently and requires mobile cache to be cleared to relaunch. (2) Automatic OTP input is good. But fix the manual activation option, too. (3) It does not boot fast. (4) There are minor errors during the installation. (5) Color contrast: In the transactions menu, the credit accounts should be in dark green than light green. The debit accounts should be in dark red.",5,2024-02-06,BOA,Google Play Store,NEGATIVE,0.9883762001991272,"login_issues, performance, transactions, bugs"
I am having a challenge to use the app. The app does not allow to update the previous app. Neither does it allow to manually insert OTP - BoA please modify the app to allow these features,3,2024-02-06,BOA,Google Play Store,NEGATIVE,0.9988692402839661,other
Easy and very nice app to load more than the previouse,5,2024-02-06,BOA,Google Play Store,POSITIVE,0.9993129968643188,other
I Don't Like It Once U Open It's open did Not Ask U The Pin when u get back Not Safty the Old Version Is More Secured,2,2024-02-06,BOA,Google Play Store,NEGATIVE,0.993198573589325,other
I like it so much,5,2024-02-06,BOA,Google Play Store,POSITIVE,0.9998700618743896,other
Well Done,4,2024-02-05,BOA,Google Play Store,POSITIVE,0.9998384714126587,other
To FCC,5,2024-02-05,BOA,Google Play Store,NEGATIVE,0.8983859419822693,other
"Best finance app,",5,2024-02-05,BOA,Google Play Store,POSITIVE,0.9996914863586426,other
"Simple, fast and easy to use. I had bad experience on apollo and the older version of this app is too slow.",5,2024-02-05,BOA,Google Play Store,NEGATIVE,0.9984558820724487,performance
Much better and easy to access then the last boa app,5,2024-02-05,BOA,Google Play Store,NEGATIVE,0.9890986680984497,login_issues
best one,5,2024-02-04,BOA,Google Play Store,POSITIVE,0.999826967716217,other
Not working properly always loading !,3,2024-02-04,BOA,Google Play Store,NEGATIVE,0.9998049139976501,other
Tnx for updating the app its easy and fadt,5,2024-02-04,BOA,Google Play Store,NEGATIVE,0.9770723581314087,other
Waw bezu amarache ke fetnet gar yemegerm lewt new,5,2024-02-04,BOA,Google Play Store,NEGATIVE,0.9938384890556335,other
I think this one is better than the prvious one much faster but try to make it more faster like nib and cbe specially nib bake their app is very nice but the bank is not anyways good job on this one,5,2024-02-04,BOA,Google Play Store,NEGATIVE,0.9988994598388672,performance
"One of the weakness in BOA is it's mobile App. I hope this will address some of them, but it is very critical to work on modernizing and ensuring the security of it's mobile banking system in this digitalized world",3,2024-02-04,BOA,Google Play Store,NEGATIVE,0.9934158325195312,other
woow,5,2024-02-04,BOA,Google Play Store,NEGATIVE,0.9802446365356445,other
"Please add an option to manually input the OTP. I am residing outside of Ethiopia. I encountered difficulty accessing my account following the recent update (change) of your mobile banking app. Unfortunately, I am unable to activate the app on my mobile device. During the activation process, the app prompts for an OTP, which I can receive via Telegram. However, there is no option to manually input the OTP. I kindly request your assistance in resolving this matter and activating my account",3,2024-02-03,BOA,Google Play Store,NEGATIVE,0.997613787651062,"login_issues, customer_support"
"Why the app doesn't allow to update the previous version. In addition to this, when I install the new version and try to activate, the app doesn't allow to write the activation OTP code to the screen. I have received the OTP password from telegram and email. Would you please fix this bug. Thank you",1,2024-02-03,BOA,Google Play Store,NEGATIVE,0.997036337852478,"login_issues, bugs"
I don't have words for your great work.. Really Good .what i like the most is the screenshots features is included which gives you the transactions detail ...Great Work...KEEP IT UP !!??,5,2024-02-03,BOA,Google Play Store,POSITIVE,0.9949223399162292,transactions
A massive improvement from the previous app. More modern and actually works,5,2024-02-03,BOA,Google Play Store,POSITIVE,0.9997559189796448,other
"""The choice for all"" It is interesting app,The old one was time spent to open the app. I am with you BoA.",5,2024-02-03,BOA,Google Play Store,POSITIVE,0.9979369640350342,other
Good update,5,2024-02-03,BOA,Google Play Store,POSITIVE,0.9998435974121094,other
You make the app worse . Asif it is update you make us install it as new then you create us problems,1,2024-02-02,BOA,Google Play Store,NEGATIVE,0.9997640252113342,other
BOA App ...በጣም ቀርፋፋና ለመጠቀም ሳስበው ገና የሚደክመኝ አፕ ሆኗል። በጣም ያሳዝናል እንዲህ መሆኑ,1,2024-02-02,BOA,Google Play Store,NEGATIVE,0.9838866591453552,other
not change who I,5,2024-02-02,BOA,Google Play Store,NEGATIVE,0.993423581123352,other
Onok,5,2024-02-02,BOA,Google Play Store,POSITIVE,0.6320452094078064,other
Good Good,5,2024-02-02,BOA,Google Play Store,POSITIVE,0.9998282194137573,other
This upper is very slow,5,2024-01-31,BOA,Google Play Store,NEGATIVE,0.9995712637901306,performance
🤔 it stucks at 79%,1,2024-01-30,BOA,Google Play Store,NEGATIVE,0.9986642599105835,other
ምንም የማይ ሰራ አብስያ ባንክ ለደምበኞች ግድ የሌለዉ በትክኖሎጂ ቀዳሚ ግን አብዛኛውዎች የማይ ሰሩ ከ አቲአም ምቹ በአቲአም አንደኛ ናችሁ ሌላ ደምበኞ ሞባይል ባንክ ባል ፀደቀ ሕግ ባልተፃፈ ሕግ የከለከለ ባንክ ነው,1,2024-01-29,BOA,Google Play Store,NEGATIVE,0.9628604650497437,other
Beat 100%,5,2024-01-28,BOA,Google Play Store,POSITIVE,0.9921342134475708,other
the bank you always accepted Bank of Abyssinia worldwide cyber bank of Ethiopia ⭐️⭐️⭐️⭐️⭐️,5,2024-01-28,BOA,Google Play Store,POSITIVE,0.8950860500335693,other
"This app is way better than both Apollo and the old mobile banking app. It's super easy to use and loads really fast. If you already have boa mobile banking before, activating it is a piece of cake. Great job on making such an awesome app – keep it up !",5,2024-01-27,BOA,Google Play Store,POSITIVE,0.999708354473114,performance
Teklemaryma Abrar,5,2024-01-25,BOA,Google Play Store,NEGATIVE,0.981964647769928,other
It is really great to see you have solved some of the problems with the previous version. Thank you for taking time to improve.,5,2024-01-24,BOA,Google Play Store,POSITIVE,0.9998124241828918,other
It is not downloading. It stops at 79 % . Why ?,1,2024-01-23,BOA,Google Play Store,NEGATIVE,0.9991632699966431,other
Seid Asile Ibrahim,5,2024-01-21,BOA,Google Play Store,POSITIVE,0.9729253649711609,other
"This is a much better app from BOA, easy to activate with ATM credit info, that helps someone like myself who already forgots previous PIN No or IB password. Apps runs fast unlike the previous versions. I hope you don't ruin it with unnecessary update. Please notify customers to use this app through their SMS.",5,2024-01-18,BOA,Google Play Store,NEGATIVE,0.9921575784683228,"login_issues, performance, customer_support"
The new version is really nice. Keep it up,4,2024-01-18,BOA,Google Play Store,POSITIVE,0.9998657703399658,other
"Like I said before, the previous version was horrendous! I'm glad that you took time and decided to develop this awesome app. Well done!",5,2024-01-18,BOA,Google Play Store,POSITIVE,0.9992148876190186,other
ምን ሆናችው ነው ግን ?በጣም ቀርፋፋ ነው፡ቢያንስ እንኳን እንደ Apollo ቢፈጥን ። I'm more 15years customers in your bank but due your Application i decide to shift for other bank like CBE OR TELEBIRR PLEASE FIX THE SPEED,1,2024-01-18,BOA,Google Play Store,NEGATIVE,0.9928550124168396,performance
You've improved from the previous one! Also try to add dark mode.,5,2024-01-17,BOA,Google Play Store,POSITIVE,0.7760239243507385,other
"The worst app. Can't even login to my device. Phone : Pexel7a, version : android 13.",1,2024-01-16,BOA,Google Play Store,NEGATIVE,0.9998114705085754,login_issues
I think this app is fraudulent. It is not real,1,2024-01-15,BOA,Google Play Store,NEGATIVE,0.9998007416725159,other
This new version of the app is really great. Loved it!,5,2024-01-15,BOA,Google Play Store,POSITIVE,0.9998737573623657,other
Nice one.,5,2024-01-14,BOA,Google Play Store,POSITIVE,0.9998599290847778,other
በጣም ደስ የሚል ለውጥ አናመሰግናለን 🇪🇹,5,2024-01-14,BOA,Google Play Store,NEGATIVE,0.9046949148178101,other
Best application👍Thank you ! Abyssinia bank.,5,2024-01-12,BOA,Google Play Store,POSITIVE,0.9957923889160156,other
Absolutely it's fantastic apps this New apps it's fast and good apps,5,2024-01-11,BOA,Google Play Store,POSITIVE,0.9998877048492432,performance
The best app next to Tele birr in ethiopia,5,2024-01-10,BOA,Google Play Store,POSITIVE,0.9987189769744873,other
love,3,2025-06-06,Dashen,Google Play Store,POSITIVE,0.9998735189437866,other
መቸሸጠ,5,2025-06-03,Dashen,Google Play Store,NEGATIVE,0.6970561742782593,other
gadaa,5,2025-06-01,Dashen,Google Play Store,NEGATIVE,0.7211483120918274,other
Massive upgrade from the Amole app.,5,2025-05-31,Dashen,Google Play Store,POSITIVE,0.9646419882774353,other
very good for this app,5,2025-05-31,Dashen,Google Play Store,POSITIVE,0.9998138546943665,other
top,5,2025-05-31,Dashen,Google Play Store,POSITIVE,0.9997069239616394,other
this app better than Amole . but the biometric on new update doesn't work,4,2025-05-31,Dashen,Google Play Store,NEGATIVE,0.999607503414154,other
wow to it saff and this app,5,2025-05-30,Dashen,Google Play Store,POSITIVE,0.9985711574554443,other
it too slow,3,2025-05-29,Dashen,Google Play Store,NEGATIVE,0.9996801614761353,performance
ዳሽን ባንክ ይለያል,4,2025-05-28,Dashen,Google Play Store,NEGATIVE,0.8337246179580688,other
real life changer,5,2025-05-28,Dashen,Google Play Store,POSITIVE,0.9997788071632385,other
nice application,5,2025-05-27,Dashen,Google Play Store,POSITIVE,0.9998229146003723,other
useless app ever loading take long,1,2025-05-27,Dashen,Google Play Store,NEGATIVE,0.9997350573539734,other
"Game changer app! Dashen Bank Super App is fast, secure, and easy to use. The three-click payment makes sending money super quick, and the QR code payment is perfect for cashless shopping. I also love the biometric login and easy airtime and bill payments. Everything I need is in one place. Dashen Bank has really raised the bar for digital banking in Ethiopia. Highly recommended!",5,2025-05-26,Dashen,Google Play Store,POSITIVE,0.999617338180542,"login_issues, performance, transactions"
very useful App,1,2025-05-26,Dashen,Google Play Store,POSITIVE,0.9995785355567932,other
"Simple, robust features? Yes, please! But the endless loading screen killed the fun—I couldn’t use it for days. Fix the glitch, and I’ll yeet a higher rating!",2,2025-05-26,Dashen,Google Play Store,NEGATIVE,0.8351491689682007,other
Wawww,5,2025-05-24,Dashen,Google Play Store,NEGATIVE,0.941804051399231,other
it is good but some times says duplicate transaction why?,5,2025-05-24,Dashen,Google Play Store,NEGATIVE,0.9836629629135132,transactions
very Nice,5,2025-05-23,Dashen,Google Play Store,POSITIVE,0.9998563528060913,other
its best,5,2025-05-23,Dashen,Google Play Store,POSITIVE,0.9998121857643127,other
it is not as good as to the other mobile bank app.,1,2025-05-22,Dashen,Google Play Store,NEGATIVE,0.999786913394928,other
"The best of best is now arrived **Empowering Your Financial Freedom** ""Experience seamless banking at your fingertips with Dashen Bank. Empowering your financial freedom, anytime, anywhere!"" **Innovation Meets Convenience** ""Dashen Bank Mobile Banking: Where innovation meets convenience. **Secure and Reliable** ""Bank with confidence",5,2025-05-22,Dashen,Google Play Store,POSITIVE,0.9996517896652222,other
Nothing is changed in the updated version. You have been collecting comments but where is the feed back you improved in this version. superapp is mot functioning today.,4,2025-05-20,Dashen,Google Play Store,NEGATIVE,0.9939862489700317,other
The best app ever in finance sector,5,2025-05-18,Dashen,Google Play Store,POSITIVE,0.9998089671134949,other
Its good app than other compitators but it confuse when we transfer it needs OTP and PIN most user inter their pin instead of OTP we know the litrecy level of our society so if it is device based i dont know the needs of OTP so please try to fix,3,2025-05-18,Dashen,Google Play Store,NEGATIVE,0.9983357787132263,transactions
dashen bank or dashen super app?,1,2025-05-17,Dashen,Google Play Store,NEGATIVE,0.9937525391578674,other
wowwwe app,5,2025-05-17,Dashen,Google Play Store,POSITIVE,0.9829692840576172,other
"Transferring to other bank accounts is a hastle and inconvenient .Get used to seeing "" please try again """,2,2025-05-17,Dashen,Google Play Store,NEGATIVE,0.9994332194328308,"login_issues, transactions"
always lagging,1,2025-05-16,Dashen,Google Play Store,NEGATIVE,0.9998013377189636,performance
Amazing Application...,5,2025-05-16,Dashen,Google Play Store,POSITIVE,0.9998786449432373,other
"Dashen bank app is very good, but sometimes it is not working well",5,2025-05-15,Dashen,Google Play Store,NEGATIVE,0.9976341724395752,other
its my choice,5,2025-05-15,Dashen,Google Play Store,POSITIVE,0.9962010979652405,other
wow apo,5,2025-05-15,Dashen,Google Play Store,POSITIVE,0.9994785189628601,other
awesome app keep going,5,2025-05-14,Dashen,Google Play Store,POSITIVE,0.9998502731323242,other
"It grows ethiopian digital banking step ahead.All fetures in one,simple fast and convince.",5,2025-05-14,Dashen,Google Play Store,POSITIVE,0.9992207288742065,performance
Game changer,5,2025-05-13,Dashen,Google Play Store,POSITIVE,0.9887570738792419,other
Totally amazing,5,2025-05-13,Dashen,Google Play Store,POSITIVE,0.9998782873153687,other
super 😎,5,2025-05-13,Dashen,Google Play Store,POSITIVE,0.9331682920455933,other
what a helpful app!!!!,5,2025-05-13,Dashen,Google Play Store,POSITIVE,0.9990901947021484,customer_support
"To be honest, best banking and lifestyle app in Ethiopia.",5,2025-05-12,Dashen,Google Play Store,POSITIVE,0.9997262358665466,other
"A must have, seamless, all in one digital platform ""DB Superapp""! Keep living your motto ""Always one step ahead""",5,2025-05-12,Dashen,Google Play Store,POSITIVE,0.9966461062431335,other
"This App makes digital banking effortless and convenient. User-friendly interface, secure transactions, and excellent features for managing finances efficiently.",4,2025-05-10,Dashen,Google Play Store,POSITIVE,0.9991555213928223,"transactions, ui_ux"
Amazing app super easy to use and best design. loved it.,5,2025-05-09,Dashen,Google Play Store,POSITIVE,0.9998630285263062,ui_ux
its the best ever,5,2025-05-09,Dashen,Google Play Store,POSITIVE,0.9998552799224854,other
excellent game changer App,5,2025-05-08,Dashen,Google Play Store,POSITIVE,0.9998358488082886,other
I am highly excited by using this application and it is the most favorable as well as preferrable mobile app.,5,2025-05-03,Dashen,Google Play Store,POSITIVE,0.9995176792144775,other
it seems me logging out within minutes,1,2025-05-03,Dashen,Google Play Store,NEGATIVE,0.9982207417488098,other
nice app especially GUI and I have got some error when you send within dashen bank the receipter is not get SMS notification,4,2025-05-03,Dashen,Google Play Store,NEGATIVE,0.9857989549636841,bugs
yes i want dashen super open,5,2025-05-02,Dashen,Google Play Store,POSITIVE,0.9994350075721741,other
faster than this version,5,2025-05-01,Dashen,Google Play Store,POSITIVE,0.9991979002952576,performance
"Best UI mobile banking app, props to design team",5,2025-04-30,Dashen,Google Play Store,POSITIVE,0.9991565942764282,ui_ux
bad.,1,2025-04-30,Dashen,Google Play Store,NEGATIVE,0.9997698664665222,other
Dashen bank always one step ahead,5,2025-04-30,Dashen,Google Play Store,POSITIVE,0.9996015429496765,other
dashen super app is secure band very easy,5,2025-04-29,Dashen,Google Play Store,POSITIVE,0.9899651408195496,other
It is very fast and secured mobile banking app! I like this app!,5,2025-04-29,Dashen,Google Play Store,POSITIVE,0.9995939135551453,performance
best app I have ever seen,5,2025-04-29,Dashen,Google Play Store,POSITIVE,0.9996102452278137,other
best of best,5,2025-04-29,Dashen,Google Play Store,POSITIVE,0.9997496008872986,other
Its slow when i try to see the Recent Transaction and stucked,1,2025-04-28,Dashen,Google Play Store,NEGATIVE,0.9992387294769287,"performance, transactions"
wowslnwoooo wowwww amazing !!!!!!!!,5,2025-04-28,Dashen,Google Play Store,POSITIVE,0.9997221827507019,other
wow appl,5,2025-04-28,Dashen,Google Play Store,POSITIVE,0.9994691014289856,other
why do i have to change a pin number i use my finger print so dummy,1,2025-04-27,Dashen,Google Play Store,NEGATIVE,0.9994646906852722,other
"It is very slow and it lacks many features to be a super app. High rating is given by their employees, not by the customers.",1,2025-04-25,Dashen,Google Play Store,NEGATIVE,0.9997708201408386,performance
"Smooth and secure experience transfers, bill payments, and tracking expenses are all effortless. The intuitive design makes banking on the go.",5,2025-04-24,Dashen,Google Play Store,POSITIVE,0.9996446371078491,"transactions, ui_ux"
Very easy and Fast.,5,2025-04-24,Dashen,Google Play Store,POSITIVE,0.9995487332344055,performance
Incomparably user-friendly and fast app for mobile banking.,5,2025-04-24,Dashen,Google Play Store,NEGATIVE,0.9392748475074768,"performance, ui_ux"
"there is nothing super about this app, repeatedly failed transaction and wastes customer valuable time. if you have to do system upgrade do it at a time when there is less traffic demand. your Technical difficulty should not be reflected on customer.",2,2025-04-24,Dashen,Google Play Store,NEGATIVE,0.9993688464164734,transactions
execellent,5,2025-04-24,Dashen,Google Play Store,NEGATIVE,0.9866806864738464,other
"This super app is a total game-changer—fast, reliable, and packed with everything I need in one place. It’s seamless and super convenient. Love it!""",5,2025-04-23,Dashen,Google Play Store,POSITIVE,0.9998038411140442,performance
All in One ✍️secure ✍️reliable ✍️convenient. Digital banking game changer!!,5,2025-04-23,Dashen,Google Play Store,NEGATIVE,0.7598552107810974,other
it is incredible product.,5,2025-04-23,Dashen,Google Play Store,POSITIVE,0.9998867511749268,other
"I'm really impressed with this app! It’s user-friendly, runs smoothly, and has all the features I need. Makes my tasks so much easier and saves me a lot of time. Highly recommended!",5,2025-04-23,Dashen,Google Play Store,POSITIVE,0.9997783303260803,ui_ux
"It's an amazing app, experience it!!",5,2025-04-23,Dashen,Google Play Store,POSITIVE,0.9998760223388672,other
This is the best banking app ever. I recommend everyone to use it.,5,2025-04-23,Dashen,Google Play Store,POSITIVE,0.9997599720954895,other
It is the best application!!!,5,2025-04-22,Dashen,Google Play Store,POSITIVE,0.9998468160629272,other
"Exceptional digital experience, SupperApp will bring new paradigm shift in the banking business. Bravo Dashen keep it up!!!!",5,2025-04-22,Dashen,Google Play Store,POSITIVE,0.9998323917388916,other
its features are so dynamic,5,2025-04-22,Dashen,Google Play Store,POSITIVE,0.999643087387085,other
fast &Friendly user Application.,5,2025-04-22,Dashen,Google Play Store,POSITIVE,0.9993237257003784,performance
"Fast, Reliable and User Friendly. Keep it Up",5,2025-04-22,Dashen,Google Play Store,POSITIVE,0.9997664093971252,"performance, ui_ux"
"#dashen super app is easy to use, secure & fast transaction😍",5,2025-04-22,Dashen,Google Play Store,POSITIVE,0.9874821901321411,"performance, transactions"
i love this app esp 3 click that make e-commerce easier and convinient.,5,2025-04-22,Dashen,Google Play Store,POSITIVE,0.9995126724243164,other
Dashen Super App contains extended selections for customers and can be easily accessible and also friendly to use.,5,2025-04-22,Dashen,Google Play Store,POSITIVE,0.9990369081497192,login_issues
Great for everyday banking and payments on the go,5,2025-04-22,Dashen,Google Play Store,POSITIVE,0.9998255372047424,transactions
"""Dashen Super App'' is impressive with its focus on simplicity, speed, and quality. The user interface is clean and easy to understand. Transactions process quickly, and the overall quality of the app is top-notch. A must-have for Dashen Bank customers. ዳሸን ባንክ አንድ እርምጃ ቀዳሚ።",5,2025-04-22,Dashen,Google Play Store,POSITIVE,0.9997794032096863,"performance, transactions, ui_ux"
making transactions has never been easier. the new update is just amazing,5,2025-04-22,Dashen,Google Play Store,POSITIVE,0.9998310804367065,transactions
"The app has various usefull functions, which make easy the payment system. Also, it will connect with sellers having reasonable prices.",5,2025-04-22,Dashen,Google Play Store,POSITIVE,0.9850904941558838,transactions
The app has great user interface with comprehensive payments and E-commerce platforms. And also it includes unique features such as chat Banking and budget.,5,2025-04-22,Dashen,Google Play Store,POSITIVE,0.999284565448761,"transactions, ui_ux"
betam mirt Ena betam le atikakem kelel Yale Ena michu application nw,5,2025-04-22,Dashen,Google Play Store,NEGATIVE,0.9886249303817749,other
Convenient!,5,2025-04-22,Dashen,Google Play Store,POSITIVE,0.9936902523040771,other
It is an amazing application that meets the needs of customers.,5,2025-04-22,Dashen,Google Play Store,POSITIVE,0.999864935874939,other
Effecting payment via the app has created convenience to the recipients in easily confirming the payments received!,5,2025-04-22,Dashen,Google Play Store,POSITIVE,0.9731149673461914,transactions
the best Supper App ever,5,2025-04-22,Dashen,Google Play Store,POSITIVE,0.999849796295166,other
"This is the best app ever, when is it planned to include digital lending and gasification?",5,2025-04-22,Dashen,Google Play Store,POSITIVE,0.9990382194519043,other
"A powerful, local solution that rivals any global app. I love how easy it is to explore services and products.",5,2025-04-22,Dashen,Google Play Store,POSITIVE,0.999815046787262,customer_support
Dashen bank is my number one choice,5,2025-04-22,Dashen,Google Play Store,POSITIVE,0.9996331930160522,other
Assefa Genetu = Dashen superup is the latest and inclussive .I am happy with this super up.,5,2025-04-22,Dashen,Google Play Store,POSITIVE,0.9994714856147766,other
"The App is incredibly user-friendly and brings multiple services into one place. It's fast, intuitive, and makes daily tasks super convenient. A true all-in-one solution!",5,2025-04-21,Dashen,Google Play Store,POSITIVE,0.9991614818572998,"performance, ui_ux, customer_support"
"Proudly made in Ethiopia, this innovation delivers more than promised. The marketplace is a major boost for local commerce",5,2025-04-21,Dashen,Google Play Store,POSITIVE,0.9998248219490051,other
it so fanrastic and user friendly app. Bravo Dashen bank thanks.,5,2025-04-21,Dashen,Google Play Store,POSITIVE,0.9990429282188416,ui_ux
"one of the best digital platforms I've used! from smooth transactions to a seamless shopping experience, highly recommended.",5,2025-04-21,Dashen,Google Play Store,POSITIVE,0.9997945427894592,transactions
A proudly Ethiopia innovation that delivers beyond expectations. The marketplace feature is a big win for local shoppers bnd sellers,5,2025-04-21,Dashen,Google Play Store,POSITIVE,0.9997891783714294,other
"Dashen Super App is a game-changer! It’s fast, user-friendly, and packed with features that make everyday banking and transactions super convenient. I love how everything I need from mobile banking to utility payments is all in one place. The interface is clean, and everything works smoothly. Definitely one of the best apps out there. Highly recommended!",5,2025-04-21,Dashen,Google Play Store,POSITIVE,0.9998010993003845,"performance, transactions, ui_ux"
Easy to use and has many options. It is the best financial app I have ever used.,5,2025-04-21,Dashen,Google Play Store,POSITIVE,0.9997546076774597,other
"Highly impressed! Dash Bank really nailed it with this app. Secure, reliable, and packed with features I use daily",5,2025-04-21,Dashen,Google Play Store,POSITIVE,0.9998537302017212,other
"One of the best digital platforms I’ve used! From smooth transactions to a seamless shopping experience, Highly recommended",5,2025-04-21,Dashen,Google Play Store,POSITIVE,0.9997860789299011,transactions
"This app has everything I was looking for, dashen is becoming a grandmaster.",5,2025-04-21,Dashen,Google Play Store,POSITIVE,0.9995651841163635,other
"The user experience is seamless, and everything just works perfectly right out of the box. I can’t believe how much time and effort it saves me every day.",5,2025-04-21,Dashen,Google Play Store,POSITIVE,0.9997797608375549,other
wawwwww what nice super app !!keep it up dashen bank !!,5,2025-04-21,Dashen,Google Play Store,POSITIVE,0.9991359114646912,other
"Dashen SuperApp the ultimate all-in-one solution! From banking and shopping to bill payments, everything you need is right at your fingertips. Life just got a whole lot easier!",5,2025-04-21,Dashen,Google Play Store,POSITIVE,0.9991750121116638,transactions
"It is,really super because of its unique offerings to individuals and businesses.It is a secure UX first app intended to cater comprehensive digital meeds.I am also happy to know that Dashen is considering to make the app more inclusive by lowering the mobile version requirements .",5,2025-04-21,Dashen,Google Play Store,POSITIVE,0.9995538592338562,other
"the very easy, secured, fast and multifunctional dashen supper application I ever seen. dashen really one steps ahead!!!",5,2025-04-21,Dashen,Google Play Store,POSITIVE,0.9982724189758301,performance
"One app for everything! I can shop, manage my bank account , and do so much more . Truly a super app",5,2025-04-21,Dashen,Google Play Store,POSITIVE,0.9994187355041504,login_issues
one of the best digital platforms I’ve used! From smooth transactions to a seamless shopping experie,5,2025-04-21,Dashen,Google Play Store,POSITIVE,0.9995588660240173,transactions
"Dashen Bank super App is the most suitable, reliable, and fast digital banking system.",5,2025-04-21,Dashen,Google Play Store,POSITIVE,0.9992392063140869,performance
This is what we call banking app. As professional I want banking app as simple as this and an app rich of features that align with my lifestyle.,5,2025-04-21,Dashen,Google Play Store,POSITIVE,0.9991500377655029,other
thanks again,5,2025-04-21,Dashen,Google Play Store,POSITIVE,0.9998217225074768,other
Super Easy To Use and Fast Transaction.,5,2025-04-21,Dashen,Google Play Store,POSITIVE,0.996877908706665,"performance, transactions"
"I have an incredible experience with Dashen super app, what an amazing platform is it?. keep pioneering in technological advancement 👏👏👏",5,2025-04-21,Dashen,Google Play Store,POSITIVE,0.999527096748352,other
"i can't recommend the Dashen Super App enough! This app is truly a game changer for anyone looking for a seamless and efficient way to manage their daily life. It combines multiple essential services into one easy-to-use platform, saving time and simplifying tasks The user interface is modern, intuitive, and super responsive, making navigation a breeze. Whether it's banking, payment services, or accessing lifestyle features, everything is just a few clicks away!!",5,2025-04-21,Dashen,Google Play Store,POSITIVE,0.9953939914703369,"login_issues, transactions, ui_ux, customer_support"
"The app is incredibly handy for managing multiple financial tasks, from bill payments to managing budgets. It’s saved me a lot of time and made banking way more convenient. Definitely worth checking out!",5,2025-04-21,Dashen,Google Play Store,POSITIVE,0.9982413053512573,transactions
what an App,5,2025-04-21,Dashen,Google Play Store,POSITIVE,0.9938238859176636,other
The new e-commerce feature is incredibly amazing and user friendly.,5,2025-04-21,Dashen,Google Play Store,POSITIVE,0.9998598098754883,ui_ux
"dashen bank supper app is the most easy to use and have high speed,quality and I like features like chat,budget,fuel payment, and security for my opinion this product is techonolgy edge,this international standard thanks for product oweners (dashen bank)",3,2025-04-21,Dashen,Google Play Store,POSITIVE,0.9974797368049622,"performance, transactions"
"The Dashen supperapp is a revolutionary advancement in digital banking, combining exceptional usability, an intuitive interface and a seamless user experience. among its standout features are the integration of QR codes, account statement, transaction advise, chat, transaction authentication for limit thresholds, budgeting and different app in a single dashboard. Truly ahead of the curve ..... keep up the excellent work 🤝👏",5,2025-04-21,Dashen,Google Play Store,POSITIVE,0.9997472167015076,"login_issues, transactions, ui_ux"
"A proudly Ethiopian innovation that delivers beyond expectations. The marketplace feature is a big win for local shoppers and sellers. Very impressed with the new updates, The e-commerce section is smooth and supports Ethiopian merchants!",5,2025-04-21,Dashen,Google Play Store,POSITIVE,0.9998795986175537,customer_support
"Very impressed with the new updates, The e-commerce section is smooth and supports Ethiopian merchants.",5,2025-04-21,Dashen,Google Play Store,POSITIVE,0.9998557567596436,customer_support
"Dashen Bank Super App is fast, reliable, and super easy to use. All my banking needs are handled smoothly in one place. Clean design and seamless experience – highly recommended!",5,2025-04-21,Dashen,Google Play Store,POSITIVE,0.9997962117195129,"performance, ui_ux"
"Db sup app is A platform or an application that can grasp more satisfactions through fastest mode of operation which means for budget planning, to use QR code(scan, pay, go) chat with staff, acc to acc other bank ft, merchant payment, and easly. I addition to i satisfied and i invite everyone to use those platform!!.",5,2025-04-21,Dashen,Google Play Store,POSITIVE,0.8947909474372864,"performance, transactions"
the chat banking and unique and only app that alow money request!!,5,2025-04-21,Dashen,Google Play Store,NEGATIVE,0.9822685718536377,other
Better and inclusive app!,5,2025-04-21,Dashen,Google Play Store,POSITIVE,0.999285876750946,other
Amazing Application,5,2025-04-21,Dashen,Google Play Store,POSITIVE,0.9998698234558105,other
It keep my time to pay my bills and I generate my satment easily,5,2025-04-21,Dashen,Google Play Store,POSITIVE,0.996675968170166,transactions
"It's an amazing app that is up-to-date with the times, wow wow",5,2025-04-21,Dashen,Google Play Store,POSITIVE,0.9998683929443359,other
A game-changing Ethiopian innovation—where shopping meets opportunity. The marketplace feature connects buyers and sellers like never before.,5,2025-04-21,Dashen,Google Play Store,POSITIVE,0.9993858337402344,other
"Dashen Super App isn’t just an app — it’s an experience. Effortless, powerful, and built for the future",5,2025-04-21,Dashen,Google Play Store,POSITIVE,0.9997283816337585,other
"This Is An Amazing App with Uniqe Quality,Easy And Fast Mobile Banking App.",5,2025-04-21,Dashen,Google Play Store,POSITIVE,0.9997382760047913,performance
"Dashen SuperApp is a lifesaver! Banking, shopping, and bills in one super easy app. The new e-commerce feature is awesome and supports local merchants. Fast, secure, and proudly Ethiopian.Download it now—you won’t regret it!",5,2025-04-21,Dashen,Google Play Store,POSITIVE,0.9996484518051147,"performance, transactions, customer_support"
"Dashen SuperApp blends finance, shopping, and daily services effortlessly. The new e-commerce feature is smooth and supports local merchants—proud to back an Ethiopian-made solution!",5,2025-04-21,Dashen,Google Play Store,POSITIVE,0.9998247027397156,customer_support
"A solid step forward by Dashen Bank. The SuperApp combines essential banking features with lifestyle services, making everything accessible in one place. The interface is smooth, and transactions are quick and reliable. It’s clear a lot of thought went into the design and functionality. Great job!",5,2025-04-21,Dashen,Google Play Store,POSITIVE,0.9998260140419006,"login_issues, transactions, ui_ux, customer_support"
Dashen bank super app is the crucial and convenient app in Ethiopia. there is no other app to compare with Dashen bank super app,5,2025-04-21,Dashen,Google Play Store,POSITIVE,0.9817667603492737,other
"All-in-one finance & e-commerce super app! Pay, save, shop seamlessly. Fast, secure. #BankAndShop",5,2025-04-21,Dashen,Google Play Store,POSITIVE,0.9943593144416809,performance
it's a hestorical app. in the bank industry.,5,2025-04-21,Dashen,Google Play Store,NEGATIVE,0.9915915727615356,other
"A game changer in Ethiopian digital banking fast, secure, and packed with services. Everything you need, all in one powerful app. A true leap toward financial convenience and innovation!",4,2025-04-21,Dashen,Google Play Store,POSITIVE,0.9996839761734009,"performance, customer_support"
"easy &,simple to use",5,2025-04-21,Dashen,Google Play Store,POSITIVE,0.9968307614326477,other
"Banking, but make it smart. Local solutions, all in one place. Smooth, fast, and actually saving time. Feels like the future. Love it!",5,2025-04-21,Dashen,Google Play Store,POSITIVE,0.9998811483383179,performance
"All in one, that is it 👌",5,2025-04-21,Dashen,Google Play Store,POSITIVE,0.8945456147193909,other
", Dashen Bank Supper App is multipurpose, convenient, very attractive and Make life easier",5,2025-04-21,Dashen,Google Play Store,POSITIVE,0.9995104074478149,other
very easy and flexible app.,5,2025-04-21,Dashen,Google Play Store,POSITIVE,0.9997106194496155,other
"I choose Dashen Bank Super Up since, it is easy to use & it has attractive features !",5,2025-04-21,Dashen,Google Play Store,POSITIVE,0.9998281002044678,other
dashen super app is simple faster and reliable.,5,2025-04-21,Dashen,Google Play Store,POSITIVE,0.999518632888794,performance
"Dashen Bank Super App is a game-changer! The user-friendly design, wide range of services, and smooth performance make it incredibly convenient for everyday banking. It’s fast, secure, and truly reflects the bank’s commitment to digital excellence. Highly recommended!",5,2025-04-21,Dashen,Google Play Store,POSITIVE,0.999748170375824,"performance, ui_ux, customer_support"
"The app keeps getting better with every update! Smooth performance, great UI, and top-notch security. Thank you for making banking so convenient!""",5,2025-04-21,Dashen,Google Play Store,POSITIVE,0.9995062351226807,performance
this app is the most simply to use and secure safe i love it to use for any bank transaction,5,2025-04-21,Dashen,Google Play Store,POSITIVE,0.9964408278465271,transactions
"After i download the app recently had a smooth expriance, its user friendly, fast, and everything works as expected. keep up the good work.",5,2025-04-21,Dashen,Google Play Store,POSITIVE,0.9997468590736389,"performance, ui_ux"
An app with High performance and advanced features!,5,2025-04-21,Dashen,Google Play Store,POSITIVE,0.9995831847190857,performance
"It is a very user friendly, attractive user interface, full of useful features. I really encourage everyone to give it a try.",5,2025-04-21,Dashen,Google Play Store,POSITIVE,0.9997954964637756,ui_ux
"Good actually , but it have to WORK when developer option is on 🙏",5,2025-04-21,Dashen,Google Play Store,NEGATIVE,0.9746390581130981,other
"All-in-one convenience, From managing accounts to paying bills and shopping online and the chat banking is game changer, this app does it all seamlessly.",5,2025-04-21,Dashen,Google Play Store,POSITIVE,0.9981800317764282,"login_issues, transactions"
I appreciate that Dashen Bank takes lifestyle services into account.,5,2025-04-21,Dashen,Google Play Store,POSITIVE,0.9980393052101135,"login_issues, customer_support"
keep it up!,5,2025-04-21,Dashen,Google Play Store,POSITIVE,0.9998477697372437,other
amazing app really i loved it .that's why we say dashen bank is one stap ahead. It's the best mobile application that should be on every phone.,5,2025-04-21,Dashen,Google Play Store,POSITIVE,0.9998038411140442,other
very comfortable app keep it,5,2025-04-21,Dashen,Google Play Store,POSITIVE,0.999691367149353,other
it has clear detail information about the application so it helps customer how to use the app. and it is very easy to use and also app is secure.,5,2025-04-21,Dashen,Google Play Store,POSITIVE,0.999531626701355,customer_support
"I have been using the Dashen Supper app mobile banking app , and overall, I appreciate its features.However,I’ve noticed that when I turn on the developer options on my device, the app stops functioning properly. It would be great if you could look into this issue, as I often need to access developer settings for other applications . Thank you for your attention to this matter!",5,2025-04-21,Dashen,Google Play Store,NEGATIVE,0.9068729877471924,login_issues
easiness to use with fast response time,5,2025-04-21,Dashen,Google Play Store,NEGATIVE,0.964725911617279,"performance, customer_support"
"The new mobile banking application is a major upgrade! It’s incredibly user-friendly, with a clean and modern design that makes navigation simple and intuitive. I really appreciate how fast it loads and how smooth the overall experience is. All essential services like balance checks, transfers, and bill payments are eas y to find and use. The added security features give me peace of mind, and the app runs reliably without crashes or glitches. It’s clear a lot of thought went into the user experi",5,2025-04-21,Dashen,Google Play Store,POSITIVE,0.9992745518684387,"performance, transactions, ui_ux, customer_support, bugs"
"As an Internal Customer, Dashen Bank SuperApp has greatly simplified my online banking experience. It's easy to use, allowing me to quickly check balances, transfer money and pay Bills. The app's advanced security features are highly secure, ensuring my data is well protected. The Three click, Chat Banking and IPS features have also given me a smarter experience. In deed Dashen Bank is always steping ahead!",5,2025-04-21,Dashen,Google Play Store,POSITIVE,0.9990044236183167,transactions
"A truly impressive app — user-friendly and a game-changer in Ethiopian banking. The Dashen Super App stands out as one of the most innovative and convenient digital banking solutions in Ethiopia’s financial history. Smooth navigation, seamless features, and a wide range of services all in one place. Well done!",5,2025-04-21,Dashen,Google Play Store,POSITIVE,0.9998193383216858,"ui_ux, customer_support"
dashen bank super up has very fast and convenience and also it has contain more things on one app .I am very interesting to use dashen bank super up,5,2025-04-21,Dashen,Google Play Store,POSITIVE,0.9974090456962585,performance
"The Dashen Bank Super App has truly elevated my mobile banking experience. It's fast, user-friendly, and packed with all the essential features. The interface is clean and intuitive, making navigation easy even for first-time users. I also appreciate the added security features that give me peace of mind while banking on the go. Dashen Bank has done an amazing job with this app—it’s reliable, efficient, and always improving. Highly recommended for anyone looking for seamless digital banking!",5,2025-04-21,Dashen,Google Play Store,POSITIVE,0.9998351335525513,"performance, ui_ux"
A fantastic product!! keep the good work.,5,2025-04-21,Dashen,Google Play Store,POSITIVE,0.9998842477798462,other
"I am very impressed with the Dashen super app. It is user-friendly and operates efficiently. The budget and chatbot features are impressive, and all items can be purchased with just three clicks.",5,2025-04-21,Dashen,Google Play Store,POSITIVE,0.9998030066490173,ui_ux
"The Dashen Super App offers a quick and user-friendly experience, bringing together a variety of services, like budgeting, payments, airtime recharges, and more, all in one convenient platform. Its sleek design and intuitive navigation ensure effortless transactions. It's evident that Dashen Bank has carefully crafted the app to make everyday financial activities easier. A great choice for anyone aiming to streamline their digital routines!",5,2025-04-21,Dashen,Google Play Store,POSITIVE,0.999062716960907,"transactions, ui_ux, customer_support"
Dashen supper App is the most useful app for our customers,5,2025-04-21,Dashen,Google Play Store,POSITIVE,0.9988586902618408,other
it is the most amazing mobile app,5,2025-04-21,Dashen,Google Play Store,POSITIVE,0.9998717308044434,other
A Good and fast supper app thanks for dashen bank,5,2025-04-21,Dashen,Google Play Store,POSITIVE,0.9997884631156921,performance
"Dear Users of the Dashen Bank Super App,I have been using the Dashen Bank Super App for a while now, and I must say—it’s truly a game-changer! The app is incredibly fast and reliable; I’ve never encountered any delays with my transactions. One feature I absolutely love is Chat Banking. It makes everyday tasks like checking my balance or transferring money as simple as sending a quick message. Also, the budgeting tool has been a huge help in tracking my spending and giving me a clearer",5,2025-04-21,Dashen,Google Play Store,POSITIVE,0.9993189573287964,"performance, transactions, customer_support"
Too best,1,2025-04-21,Dashen,Google Play Store,POSITIVE,0.8775475025177002,other
"Dashen Bank Super Up,use the app and makes your easy,fast,convinent.",5,2025-04-21,Dashen,Google Play Store,POSITIVE,0.9985912442207336,performance
To join digital world use supper app and make your life easy,5,2025-04-21,Dashen,Google Play Store,POSITIVE,0.987091064453125,other
best mobile banking application,5,2025-04-21,Dashen,Google Play Store,POSITIVE,0.9996380805969238,other
"This banking superapp is incredibly well designed. The design and appearance of the app and the overall experience I have when using the app is fantastic. The app is packed with features from banking to e-commerce all in one place.It even has a budget setting option which is super useful for managing my money. Everything runs smoothly and I love how convenient it has made my daily life. Huge Kudos to Dashen Bank. You are truly living up to the motto ''Always one step ahead."" Keep it up!",5,2025-04-21,Dashen,Google Play Store,POSITIVE,0.9998156428337097,ui_ux
I was really amazed by the idea of an e-commerce service on a banking app. This is what it means to be one step ahead. Please include all kinds of products in there as soon as possible.,5,2025-04-21,Dashen,Google Play Store,POSITIVE,0.9981945157051086,customer_support
this is what we expect to get service Dashen Bank always like his slogan,5,2025-04-21,Dashen,Google Play Store,NEGATIVE,0.8835364580154419,customer_support
"Dashen SupApp is the most contemporary application, offering a great experience by enabling users to perform multiple tasks through a single platform—such as chatting with friends, transferring money, paying bills, and more. It is the first app of its kind in the Ethiopian banking industry, making it a remarkable opportunity for entrepreneurs working in app-based sales and software marketing. Good job, Dashen Bank!",5,2025-04-21,Dashen,Google Play Store,POSITIVE,0.9997934699058533,transactions
Dashen Super App gives me an amazing convenience and makes life easy.,5,2025-04-21,Dashen,Google Play Store,POSITIVE,0.999823272228241,other
excellent mobile banking app,5,2025-04-21,Dashen,Google Play Store,POSITIVE,0.9998179078102112,other
Wow! like his name Super App...,5,2025-04-21,Dashen,Google Play Store,POSITIVE,0.9985873699188232,other
Dashen supper app is the most special. ይምቾቱ ይለያያል!!!!,5,2025-04-21,Dashen,Google Play Store,POSITIVE,0.9926958084106445,other
convenient and fast,5,2025-04-21,Dashen,Google Play Store,POSITIVE,0.9996170997619629,performance
Best- in-class app.,5,2025-04-21,Dashen,Google Play Store,POSITIVE,0.999584972858429,other
I really like this amazing application and Dashen Supper app that has made my life easier.,5,2025-04-21,Dashen,Google Play Store,POSITIVE,0.9997171759605408,other
"amazing features, faster and easy to use",5,2025-04-21,Dashen,Google Play Store,POSITIVE,0.9998817443847656,performance
"The Dashen Super App offers a modern, user-friendly experience that leverages the latest technological advancements to deliver a seamless e-commerce platform",5,2025-04-21,Dashen,Google Play Store,POSITIVE,0.999481737613678,ui_ux
Best App!,5,2025-04-21,Dashen,Google Play Store,POSITIVE,0.9997498393058777,other
I love it. one of the best mobile banking app in the banking industry,5,2025-04-21,Dashen,Google Play Store,POSITIVE,0.9998683929443359,other
no working for me hulum information asgebiche continue or accept yemilew button ayeseram my phone is Samsung A51,1,2025-04-21,Dashen,Google Play Store,NEGATIVE,0.9980541467666626,other
waw no idea the best app.,5,2025-04-19,Dashen,Google Play Store,NEGATIVE,0.9923465251922607,other
fast best app,5,2025-04-19,Dashen,Google Play Store,POSITIVE,0.999737560749054,performance
nice app ever,5,2025-04-17,Dashen,Google Play Store,POSITIVE,0.9998384714126587,other
very disappointing app. Closes frequently and unstable in function,2,2025-04-17,Dashen,Google Play Store,NEGATIVE,0.9997677206993103,other
"Feature-rich? Absolutely. But the speed? Painfully slow. Seriously, is it communicating with a server on Mars or something?",5,2025-04-16,Dashen,Google Play Store,NEGATIVE,0.9992289543151855,performance
nic app,5,2025-04-16,Dashen,Google Play Store,POSITIVE,0.9797857403755188,other
"The Dashen Super App delivers a remarkably fast, highly secure, and exceptionally user-friendly experience, establishing it as a leading application in its category.keep it up and stay ahead Dashen Bank.",5,2025-04-14,Dashen,Google Play Store,POSITIVE,0.9997890591621399,"performance, ui_ux"
So far so good! their in person customer service is amazing 👏,5,2025-04-14,Dashen,Google Play Store,POSITIVE,0.9998642206192017,customer_support
The app is very backward and doesn't always work. If it works three hours out of 24 hours it's great!😥,1,2025-04-14,Dashen,Google Play Store,NEGATIVE,0.9958032965660095,other
ምርጫዬ ነው,5,2025-04-13,Dashen,Google Play Store,NEGATIVE,0.7850580215454102,other
It's bad for the connection and too many days are it that not working,1,2025-04-12,Dashen,Google Play Store,NEGATIVE,0.9996840953826904,other
it's samart,5,2025-04-10,Dashen,Google Play Store,POSITIVE,0.9992457628250122,other
"The app is not working properly, I have been using it.",1,2025-04-10,Dashen,Google Play Store,NEGATIVE,0.999715268611908,other
"I had a disappointing experience with Dashen Bank's Super Up service. The app is very slow and takes forever to load during transactions, which is incredibly frustrating. Additionally, it doesn't generate receipts for any transactions, making it difficult to keep track of my expenses. I also reached out to customer support, but the response time was longer than expected. Overall, I was hoping for a better experience, but I find the service lacking and in need of improvement.",2,2025-04-09,Dashen,Google Play Store,NEGATIVE,0.9996039271354675,"performance, transactions, customer_support"
slow cumbersome,3,2025-04-08,Dashen,Google Play Store,NEGATIVE,0.9997989535331726,performance
Is really 💀,2,2025-04-08,Dashen,Google Play Store,POSITIVE,0.9858712553977966,other
It's slow to send OTP. it's not reliable. It crushed many times. It needs improvement in many ways,1,2025-04-07,Dashen,Google Play Store,NEGATIVE,0.9997294545173645,performance
"This is the worst mobile banking experience I’ve ever had. It doesn’t work when you need it, and it randomly updates itself without warning. You can’t make transactions whenever you want. It’s a nightmare for anyone who relies on this as their main banking option, especially those with a lot of money in their account. I’m lucky I’m not one of them, but still, it’s infuriating not being able to access your money when you need it.""l",1,2025-04-07,Dashen,Google Play Store,NEGATIVE,0.9996976852416992,"login_issues, transactions"
"I have experienced on using the app of Banks in Ethiopia, this Dashen sup is like old version of the applications for using. I gave 3 star for it's very low speed while login and processing",3,2025-04-07,Dashen,Google Play Store,NEGATIVE,0.9981010556221008,"login_issues, performance"
proud by dashen bank,5,2025-04-06,Dashen,Google Play Store,POSITIVE,0.9998666048049927,other
This app is not working unless you turn off developer mode on your phone. So it takes your rights to just use it.,2,2025-04-04,Dashen,Google Play Store,NEGATIVE,0.9994447827339172,other
real super up,5,2025-04-04,Dashen,Google Play Store,POSITIVE,0.9998282194137573,other
it's very disappointing fix it as soon as possible not expected from dashin bank fix it,1,2025-04-04,Dashen,Google Play Store,NEGATIVE,0.9993618130683899,other
why dashen bank workers hidden my ATM Card 🏧?it's a big problem to me,5,2025-04-04,Dashen,Google Play Store,NEGATIVE,0.999297022819519,other
tanku,5,2025-04-04,Dashen,Google Play Store,NEGATIVE,0.9159653186798096,other
why does it ask me for both pin and opt even the opt is touch let alone both,2,2025-04-02,Dashen,Google Play Store,NEGATIVE,0.9958769083023071,other
it is best app easy to use,5,2025-04-01,Dashen,Google Play Store,POSITIVE,0.9864111542701721,other
It is very easy to use and powerful application.,3,2025-04-01,Dashen,Google Play Store,POSITIVE,0.9997655749320984,other
this apps have a good feature but but some features like developer mode turn off irritate user,3,2025-04-01,Dashen,Google Play Store,NEGATIVE,0.997230589389801,other
"This is not only a mobile banking app, it is beyond that. We will access our account easily, we are able to get many information easily here. i.e. exchage rate. We are able to chat with others, we are able to budget, we are able to transfer to other bank and within Dashen. we are able to access many accounts in a single app, we are able to pay bills in QR scan, we are able to make payments and order delivery items here in a single app. #Always one step ahead.",5,2025-03-31,Dashen,Google Play Store,POSITIVE,0.9897826910018921,"login_issues, transactions"
wallahi very fantastic Bank,5,2025-03-31,Dashen,Google Play Store,POSITIVE,0.999818742275238,other
"Waw, It's amazing app. thank you Dashen Bank.",5,2025-03-31,Dashen,Google Play Store,POSITIVE,0.99986732006073,other
"I’ve been using the Dashen Bank Super App for a while now, and it’s been a game-changer. The app is super fast and reliable—I’ve never had an issue with transactions being delayed. One of my favorite features is the chat banking, which makes it so easy to do things like check my balance or transfer money just by typing a quick message. The budgeting tool is also really useful. It helps me keep track of my spending and gives me a clear picture of where",5,2025-03-28,Dashen,Google Play Store,POSITIVE,0.9992021918296814,"performance, transactions, customer_support"
Very good app that like it too. B/c it is very fast and easy to use.,5,2025-03-26,Dashen,Google Play Store,POSITIVE,0.9998027682304382,performance
best experiences,5,2025-03-26,Dashen,Google Play Store,POSITIVE,0.9992781281471252,other
too slow to use.,1,2025-03-26,Dashen,Google Play Store,NEGATIVE,0.9997276663780212,performance
the worst app in the market only good ui,1,2025-03-22,Dashen,Google Play Store,NEGATIVE,0.9997721314430237,other
በጣም ቅልል ያለ አፕ በርቱልን ለአጠቃቀም ምቹ,5,2025-03-22,Dashen,Google Play Store,NEGATIVE,0.9200406074523926,other
thanks for all digital transaction,5,2025-03-21,Dashen,Google Play Store,POSITIVE,0.9994550347328186,transactions
"This app is not supporting smart phones that have old android version and so it is none inclusive. At the same time the amole lite is not working properly and once you reached to maximum otp trail mistakes due to network or other errors like stacks , you will be tied up to make Transactions. Ohh... tired!!!!!",1,2025-03-20,Dashen,Google Play Store,NEGATIVE,0.9997400641441345,"transactions, customer_support, bugs"
it's Be Come Busy &not working good,1,2025-03-20,Dashen,Google Play Store,NEGATIVE,0.9993822574615479,other
I wanted to share some concerns about your Supper App. It appears to be experiencing reliability issues and isn’t performing as expected. I hope this can be addressed soon to improve the user experience. One star 🌟 for now.,1,2025-03-19,Dashen,Google Play Store,NEGATIVE,0.9980534315109253,other
"best ever digital banking sector essay for understanding ,smart and convince for using",5,2025-03-19,Dashen,Google Play Store,POSITIVE,0.9997392296791077,other
good and latest,5,2025-03-18,Dashen,Google Play Store,POSITIVE,0.9998561143875122,other
The best App of all,5,2025-03-17,Dashen,Google Play Store,POSITIVE,0.9998633861541748,other
"This app is the most unreliable mobile banking application I have ever used for transaction, it is very late, non-responsive and full of bugs. Its is very disappointing. It is just inconvinient, and not user friendly and compatabke at all !!!!!!",1,2025-03-14,Dashen,Google Play Store,NEGATIVE,0.9997894167900085,"transactions, ui_ux, bugs"
Naiycapp,5,2025-03-14,Dashen,Google Play Store,POSITIVE,0.8075160384178162,other
The app is good but it has no USSD option,4,2025-03-13,Dashen,Google Play Store,NEGATIVE,0.9952346682548523,other
Hey great,5,2025-03-12,Dashen,Google Play Store,POSITIVE,0.999745786190033,other
I have used many mobile banking and also tellebir and mpesa nothing come close to this app. Well done Dashen indeed one step a head. A lot of cool features that amole hasn't the receipt and the account statement is superb for me. I hope you add more integrated small apps to.,5,2025-03-12,Dashen,Google Play Store,POSITIVE,0.9984980821609497,login_issues
The app is good but it ask update every week so tiring,2,2025-03-11,Dashen,Google Play Store,NEGATIVE,0.9951795339584351,other
It good and easy to use,5,2025-03-11,Dashen,Google Play Store,POSITIVE,0.9998750686645508,other
በጣም አሪፍ መተግበሪያ ነው ። አመሠግናለሁ ።,5,2025-03-10,Dashen,Google Play Store,NEGATIVE,0.9200406074523926,other
"Greately improved since it was released! I really like the budget and expense tegistration feature. For ATM or POS withdrawals, it is not possible to account these expenses, even if it is visible on the transactions window. If that can be worked on, it will be improve so much!!",5,2025-03-10,Dashen,Google Play Store,POSITIVE,0.9655699133872986,"login_issues, transactions"
Wow Excellent app,5,2025-03-08,Dashen,Google Play Store,POSITIVE,0.9998443126678467,other
Nice app but i experience some issues with others banks transfer it keeps saying account is not exist most of the time.,4,2025-03-08,Dashen,Google Play Store,NEGATIVE,0.9983522891998291,"login_issues, transactions"
Add the option to send money to any telebirr account like amole does.,3,2025-03-08,Dashen,Google Play Store,NEGATIVE,0.995681881904602,"login_issues, transactions"
no one dashen yichlal,5,2025-03-07,Dashen,Google Play Store,NEGATIVE,0.9842472076416016,other
In short ! I'm so proud of this app developers for their highest professional of developing. Thanks,5,2025-03-06,Dashen,Google Play Store,POSITIVE,0.9998522996902466,other
The speed is too slow. Need some improvements.,2,2025-03-06,Dashen,Google Play Store,NEGATIVE,0.9997935891151428,performance
I wish dark mode feature is add as an option but it's good app,5,2025-02-27,Dashen,Google Play Store,POSITIVE,0.9998013377189636,other
"Super Up is the ultimate digital banking app, living up to its name with speed, efficiency, and innovation. Designed for a seamless experience, it offers lightning-fast transactions, top-tier security, and effortless financial management. With Super Up, banking has never been this smooth, smart, and super!",5,2025-02-26,Dashen,Google Play Store,POSITIVE,0.9995073080062866,"performance, transactions, ui_ux"
"The Dashen Super App is a game-changer in digital banking, offering a seamless and convenient experience. With its user-friendly interface, fast transactions, and a wide range of financial services, it simplifies banking for customers. Features like bill payments, fund transfers, mobile top-ups, and loan applications make it an all-in-one solution. Plus, its security measures ensure safe and reliable Experiance effortless banking",5,2025-02-26,Dashen,Google Play Store,POSITIVE,0.9977291226387024,"performance, transactions, ui_ux, customer_support"
ከጰነጨየጠ,2,2025-02-26,Dashen,Google Play Store,NEGATIVE,0.6970561742782593,other
"It has good feature. But, it is Very Slow! difficult to pay or receive. The Speed should be improved, else I didn't recommend.",2,2025-02-24,Dashen,Google Play Store,NEGATIVE,0.9960646033287048,performance
አፕልኬሽኑ አሪፍ ሆኖ ሳለ ቴሌብር ወደራስ ብቻ ለምን ሆነ እንደ ድሮው ለሰውም መላክ ቢቻል,4,2025-02-22,Dashen,Google Play Store,NEGATIVE,0.9528432488441467,other
No good,1,2025-02-22,Dashen,Google Play Store,NEGATIVE,0.9996987581253052,other
best platform... Please avoid otp,5,2025-02-21,Dashen,Google Play Store,POSITIVE,0.9228953123092651,other
Super smart app.,5,2025-02-18,Dashen,Google Play Store,POSITIVE,0.9997984766960144,other
best 👍👍,5,2025-02-16,Dashen,Google Play Store,POSITIVE,0.9997019171714783,other
I don't know what happens but the application is not send verification pass code you should fix that,1,2025-02-16,Dashen,Google Play Store,NEGATIVE,0.9973721504211426,other
This app doesn't work on my phone my phone is Samsung Galaxy s7 android version 9 All other financial apps work like telebirr CBE M_pesa...,1,2025-02-14,Dashen,Google Play Store,NEGATIVE,0.9974337220191956,other
"Dashen Super app is secure, very easy to use and has more services uniquely like budgeting, chat, IPS...",5,2025-02-14,Dashen,Google Play Store,POSITIVE,0.9937819838523865,customer_support
Amazing and user friendly supper app and looking forward the additional features,5,2025-02-14,Dashen,Google Play Store,POSITIVE,0.9998486042022705,ui_ux
it's amazing app i have seen ever,5,2025-02-13,Dashen,Google Play Store,POSITIVE,0.9998574256896973,other
One star deducted for not to able to transfer to telebirr.,4,2025-02-13,Dashen,Google Play Store,NEGATIVE,0.9903808236122131,transactions
ጥሩ ነው ግን በደንብ ሊሸሻል ይገባል,4,2025-02-13,Dashen,Google Play Store,NEGATIVE,0.9046949148178101,other
ፍጥነቱ በጣም አሪፍ ነው! እና ቀለል ያለ ነው ! ነገር ግን ተጨማሪ ወደ ቴሌብር ኤጀንት መላኪያ አፕ ቢካተትበት ጥሩ ነው::,4,2025-02-12,Dashen,Google Play Store,NEGATIVE,0.9328103065490723,other
Keep up the good work and pleas add water and electric utility payment,5,2025-02-12,Dashen,Google Play Store,POSITIVE,0.9986761212348938,transactions
The app missed some important features 1. It does't show recent transactions 2. Transfer to Telebirr limited to own telebirr 3. The statement does't show running balance,2,2025-02-11,Dashen,Google Play Store,NEGATIVE,0.9995891451835632,transactions
"Simple, Fast and Easy ⭐⭐⭐🎉",4,2025-02-10,Dashen,Google Play Store,POSITIVE,0.9996811151504517,performance
"የሚገርም aplication ነው, ነገር ግን ብር ትራንስፈር ሲደረግ ያለ ፒን መሆኑ risk አለው ሁሉ ጊዜ የ ትራንስፈር መደምደሚያ ፒን መሆን አለበት!!!!!!!!!!!!:: አሱ ቢስተካከል 5 star አስከዛው ግን 4 ሰጥቻለው::",4,2025-02-09,Dashen,Google Play Store,NEGATIVE,0.8565712571144104,other
Baankii daashin baankii hudna galeessa galatoomaa isinii woliin jirra Godina jimmaa magaalaa Aggaaroo irraa Muaz Abamecha Abamilki,5,2025-02-07,Dashen,Google Play Store,NEGATIVE,0.9961472749710083,other
"#Dashen Super App; Super easy to use, secure, and fast transaction. Love it!",5,2025-02-07,Dashen,Google Play Store,POSITIVE,0.9998102784156799,"performance, transactions"
"I tried the new Dash Bank Super App today, and it's amazingly easy and fun.I recommend you download and use it. You really like it",5,2025-02-06,Dashen,Google Play Store,POSITIVE,0.9998507499694824,other
Gud app kegza ga mezmn endze new aind ermjh kedme nachu hlam,5,2025-02-06,Dashen,Google Play Store,NEGATIVE,0.9852219223976135,other
"Good app, bad security",3,2025-02-06,Dashen,Google Play Store,POSITIVE,0.9893004298210144,other
On Transaction page only show sent Transaction. Try to include received transaction.,4,2025-02-06,Dashen,Google Play Store,NEGATIVE,0.9956958293914795,transactions
Wonderful Application 😍,5,2025-02-05,Dashen,Google Play Store,POSITIVE,0.9998589754104614,other
አሁን ገና አንድ እርምጃ ቀደማችው,5,2025-02-04,Dashen,Google Play Store,NEGATIVE,0.8832126259803772,other
I am so thankful for having this best app Dashen one step ahead,5,2025-02-04,Dashen,Google Play Store,POSITIVE,0.999471127986908,other
Not good this app,1,2025-02-04,Dashen,Google Play Store,NEGATIVE,0.9997790455818176,other
Excellent app ever but it needs improvement on speed and transaction lists,1,2025-02-03,Dashen,Google Play Store,NEGATIVE,0.990936815738678,"performance, transactions"
"It does not work functional ,",1,2025-02-02,Dashen,Google Play Store,NEGATIVE,0.9997901320457458,other
all of dashen bank customers use the application it is good to use,5,2025-02-01,Dashen,Google Play Store,POSITIVE,0.9958037734031677,other
Gret experience,5,2025-02-01,Dashen,Google Play Store,NEGATIVE,0.7600294947624207,other
All good we need more,3,2025-01-31,Dashen,Google Play Store,POSITIVE,0.9996538162231445,other
"Dashen super app is easy to use, fast and robust",5,2025-01-31,Dashen,Google Play Store,POSITIVE,0.9997517466545105,performance
it was amazing app.....thank you dashen bank....,5,2025-01-30,Dashen,Google Play Store,POSITIVE,0.9998608827590942,other
Dashen bank super app for easy life.,5,2025-01-30,Dashen,Google Play Store,POSITIVE,0.7723062038421631,other
Excellent UI/UX and beyond Banking services👍👍,5,2025-01-30,Dashen,Google Play Store,POSITIVE,0.9995208978652954,customer_support
Send to oher bank የሚለዉ ዉስጥ ገብተን ወደ addisinternational bank ለመላክ አይሰራም ሁለተኛ ደግሞ ወደ cbe birr ለመላክ account number ይጠይቃል ሞባይል ነበር ነዉ መጠየቅ ያለበት ይመስለኛል,2,2025-01-29,Dashen,Google Play Store,NEGATIVE,0.9945861101150513,login_issues
Just Wow,5,2025-01-29,Dashen,Google Play Store,POSITIVE,0.999775230884552,other
mobile banking to the next level,5,2025-01-28,Dashen,Google Play Store,POSITIVE,0.9409880042076111,other
The first 3 star review is me,3,2025-01-25,Dashen,Google Play Store,POSITIVE,0.9967767596244812,other
"Fast, reliable and user friendly. Amazing chatting features. Keep it up! Always one step ahead!",5,2025-01-24,Dashen,Google Play Store,POSITIVE,0.9998725652694702,"performance, ui_ux"
V good ❗️,5,2025-01-24,Dashen,Google Play Store,POSITIVE,0.9993855953216553,other
"This app is literally the best thing ever The chat banking is so easy just text and it’s done Super smooth, fast, and honestly a life saverIf you haven’t downloaded it yet you’re missing out big time",5,2025-01-23,Dashen,Google Play Store,POSITIVE,0.9862455129623413,performance
I only see white page,2,2025-01-23,Dashen,Google Play Store,NEGATIVE,0.9910238981246948,other
Excellent banking app for all your needs! Who needs a physical branch when you can use Dashen Bank Super App Instead! I've never had an issue with anything that Dashen Bank Super App haven't handled swiftly and resolved to my satisfaction and above I don't often write reviews but this is an app/bank that I would highly recommended to everyone 💯 👌👍,5,2025-01-22,Dashen,Google Play Store,POSITIVE,0.9994206428527832,other
Amizing Application 😍,5,2025-01-22,Dashen,Google Play Store,NEGATIVE,0.9905142784118652,other
Fastest and easy to use,5,2025-01-22,Dashen,Google Play Store,POSITIVE,0.9997114539146423,performance
ስም ብቻ 😏,2,2025-01-21,Dashen,Google Play Store,NEGATIVE,0.8337246179580688,other
Exellent app with exellent banking system and exellent bank ever,5,2025-01-21,Dashen,Google Play Store,NEGATIVE,0.9579959511756897,other
Amazing app to use as usual! But why option of transferring to Telebirr and M pesa which was available on Amole app is omitted?? Dasheen is my favourite keep it up.,4,2025-01-20,Dashen,Google Play Store,POSITIVE,0.9711757302284241,transactions
Needs some improvement,5,2025-01-20,Dashen,Google Play Store,NEGATIVE,0.998008668422699,other
Amazing super app,5,2025-01-19,Dashen,Google Play Store,POSITIVE,0.9998658895492554,other
I hope it will be better than amole,5,2025-01-18,Dashen,Google Play Store,POSITIVE,0.9969701766967773,other
Wly Super App ilove it ❤️ 😍 💖 💕,5,2025-01-18,Dashen,Google Play Store,NEGATIVE,0.9463614225387573,other
Dashen yichalal. Ewnetem one step a head,5,2025-01-17,Dashen,Google Play Store,NEGATIVE,0.9832626581192017,other
It has a Good performance but need more upgrade for more performance like when we login account not be fast balance show other thing looking good. Carry on. Thanks so much for Greatest service,4,2025-01-17,Dashen,Google Play Store,POSITIVE,0.9967933297157288,"login_issues, performance, customer_support"
"It is a very wonderful work that has saved its time. That is why it is ""Always one step ahead!""",5,2025-01-17,Dashen,Google Play Store,POSITIVE,0.9998805522918701,other
“Life-changing!” I can’t imagine going back to traditional banking after using this app. It’s so convenient.,5,2025-01-17,Dashen,Google Play Store,POSITIVE,0.9968047142028809,other
Pro max,5,2025-01-17,Dashen,Google Play Store,POSITIVE,0.9984601736068726,other
The most good app and easy,5,2025-01-16,Dashen,Google Play Store,POSITIVE,0.9998631477355957,other
"Excellent and user friendly App. Excellence is what makes you always one step ahead. Dashen Bank, Always One Step Ahead !!",5,2025-01-16,Dashen,Google Play Store,POSITIVE,0.9998682737350464,ui_ux
Proud to be dashen family . Shout out to the serial entrepreneur 👏,5,2025-01-16,Dashen,Google Play Store,POSITIVE,0.9998549222946167,other
First ATM in East africa ⭐️⭐️⭐️⭐️⭐️,5,2025-01-16,Dashen,Google Play Store,POSITIVE,0.9874703288078308,other
Best app.,5,2025-01-16,Dashen,Google Play Store,POSITIVE,0.999774158000946,other
Better Move to catch the competition up👍,5,2025-01-16,Dashen,Google Play Store,POSITIVE,0.9914566874504089,other
"Great job my home, my bank.",5,2025-01-16,Dashen,Google Play Store,POSITIVE,0.9998712539672852,other
Always one step ahead! What a masterpiece.,5,2025-01-16,Dashen,Google Play Store,POSITIVE,0.9998708963394165,other
Great App Well done Dashen Bank,5,2025-01-15,Dashen,Google Play Store,POSITIVE,0.9997735619544983,other
Great!,5,2025-01-15,Dashen,Google Play Store,POSITIVE,0.9998692274093628,other
"I love it but it has bugs during confirmation of password! So, please make it functional",5,2025-01-15,Dashen,Google Play Store,POSITIVE,0.9805048108100891,"login_issues, bugs"
Always one step forward,5,2025-01-15,Dashen,Google Play Store,POSITIVE,0.999639630317688,other
"It's great! But it will be advanced if you include a caption that allow customers to transfer to Telebirr account. Dashen Bank, ""ኩሉ ግዜ፡ ሓደ ስጕሚ ቀዳሚ።"" (Always one step ahead!)",4,2025-01-15,Dashen,Google Play Store,POSITIVE,0.9995723366737366,"login_issues, transactions"
Small size with vast features and functionalities.,5,2025-01-15,Dashen,Google Play Store,POSITIVE,0.9981461763381958,other
Amazing app 👏 👌 Dashen bank one step a head,5,2025-01-15,Dashen,Google Play Store,POSITIVE,0.9995114803314209,other
"It has a great application features from the beginning. I'm glad to use it even I haven't used it yet because I haven't activated my account yet. But it's simple, comprehensive, full of information, and fast. በርቱ ዳሸኖች: The super app has impressed me more than I expected.",5,2025-01-15,Dashen,Google Play Store,POSITIVE,0.999612033367157,"login_issues, performance"
Dashen Bank Always One Step Ahead!,5,2025-01-15,Dashen,Google Play Store,POSITIVE,0.9996882677078247,other
U can't create account,1,2025-01-15,Dashen,Google Play Store,NEGATIVE,0.9984429478645325,login_issues
Really super app... so seamless and with a nice user interface .. we are proud of you dashen bank ...,5,2025-01-15,Dashen,Google Play Store,POSITIVE,0.9998613595962524,ui_ux
We will see it,2,2025-01-15,Dashen,Google Play Store,POSITIVE,0.9998630285263062,other
Always one step a head!,5,2025-01-15,Dashen,Google Play Store,POSITIVE,0.9981322884559631,other
"A lightweight,catchy and smooth app",5,2025-01-15,Dashen,Google Play Store,POSITIVE,0.9987092018127441,other
Very impressive interface with best security feature and user friendly app.,5,2025-01-15,Dashen,Google Play Store,POSITIVE,0.9997988343238831,ui_ux
It is so far so good it has a unique features than telebirr good job Dashen,5,2025-01-15,Dashen,Google Play Store,POSITIVE,0.9998282194137573,other
"Yea , it's a good idea to make it with the bank name, it will help for the bank easily to find the application, and customers can easily downloed and use the product. I wish all the best for Dashen bank initiative.",5,2025-01-15,Dashen,Google Play Store,POSITIVE,0.7550314664840698,customer_support
This is My Bank!,5,2025-01-15,Dashen,Google Play Store,POSITIVE,0.9968096613883972,other
"Truly, db => AlwaysOneStepAhead !!",5,2025-01-14,Dashen,Google Play Store,NEGATIVE,0.9989049434661865,other
ALWAYS ONE STEP AHEAD,5,2025-01-14,Dashen,Google Play Store,POSITIVE,0.9997699856758118,other
Well developed,5,2025-01-14,Dashen,Google Play Store,POSITIVE,0.9998576641082764,other
oh nice!!! i wish it's very nice app,5,2025-01-14,Dashen,Google Play Store,POSITIVE,0.9996349811553955,other
Really the app looks like amazing. I can't wait to activate in the morning.,5,2025-01-14,Dashen,Google Play Store,POSITIVE,0.9997010827064514,other
Applause 👏 Dashen Bank. One of the best super app inorder to pay easily and securely. One step a head.,5,2025-01-14,Dashen,Google Play Store,POSITIVE,0.9996860027313232,other
Wow Dashen Super App 🚀🚀,5,2025-01-14,Dashen,Google Play Store,POSITIVE,0.9978638291358948,other
All in One,5,2025-01-14,Dashen,Google Play Store,POSITIVE,0.9988051652908325,other
The best Banking app I have ever seen,5,2025-01-14,Dashen,Google Play Store,POSITIVE,0.9997634291648865,other
It looks good and simple to use,5,2025-01-14,Dashen,Google Play Store,POSITIVE,0.9998189806938171,other
App That makes Difference!,5,2025-01-14,Dashen,Google Play Store,POSITIVE,0.9998338222503662,other
Faster and userfriendly,5,2025-01-14,Dashen,Google Play Store,POSITIVE,0.9199286103248596,performance
"Waw Great and innovated,user friendly, always one step ahead",5,2025-01-13,Dashen,Google Play Store,POSITIVE,0.999778687953949,ui_ux
It's Best waww 🙏,5,2025-01-13,Dashen,Google Play Store,POSITIVE,0.9997444748878479,other
Always one step ahead,5,2025-01-13,Dashen,Google Play Store,POSITIVE,0.9997699856758118,other
"Like Me, I Hope It Works Better Than Before.",5,2025-01-11,Dashen,Google Play Store,POSITIVE,0.99872225522995,other
